"94308cb3-d9ac-47d6-ab71-21c26a9349ce","dizlo","ˈdizlo","gismu","<u class=""se_basna"" title=""アクセント"">di</u>zlo","<var>x<sub>1</sub></var> は <var>x<sub>2</sub></var> (照合枠)・ <var>x<sub>3</sub></var> (基点)において低い","<li>低い</li>","<li>diz</li><li>dzi</li>",,"<li><a href=""https://jbovlaste.lojban.org/dict/cnita?bg=1;langidarg=10"" title=""x1 は x2 に対して x3 (照合枠)における下方 / 下側"">cnita</a></li><li><a href=""https://jbovlaste.lojban.org/dict/galtu?bg=1;langidarg=10"" title=""x1 は x2 (照合枠)・ x3 (基点)において高い"">galtu</a></li><li><a href=""https://jbovlaste.lojban.org/dict/gapru?bg=1;langidarg=10"" title=""x1 は x2 に対して x3 (照合枠)における上方 / 上側"">gapru</a></li><li><a href=""https://jbovlaste.lojban.org/dict/farna?bg=1;langidarg=10"" title=""x1 は x2 (物 / 事)・ x3 (照合枠)の向き / 方向 / 方角; x3 から観て x2 は x1 のほうにある"">farna</a></li><li><a href=""https://jbovlaste.lojban.org/dict/loldi?bg=1;langidarg=10"" title=""x1 は x2 の床 / 底面"">loldi</a></li>",,"B1::ペア・ワード","[sound:dizlo.flac]"
"17a1a9b1-edec-4006-8fd3-0a2842aa00fe","galtu","ˈgaltu","gismu","<u class=""se_basna"" title=""アクセント"">ga</u>ltu","<var>x<sub>1</sub></var> は <var>x<sub>2</sub></var> (照合枠)・ <var>x<sub>3</sub></var> (基点)において高い","<li>高い</li>","<li>gal</li><li>ga'u</li>",,"<li><a href=""https://jbovlaste.lojban.org/dict/gapru?bg=1;langidarg=10"" title=""x1 は x2 に対して x3 (照合枠)における上方 / 上側"">gapru</a></li><li><a href=""https://jbovlaste.lojban.org/dict/dizlo?bg=1;langidarg=10"" title=""x1 は x2 (照合枠)・ x3 (基点)において低い"">dizlo</a></li><li><a href=""https://jbovlaste.lojban.org/dict/cnita?bg=1;langidarg=10"" title=""x1 は x2 に対して x3 (照合枠)における下方 / 下側"">cnita</a></li><li><a href=""https://jbovlaste.lojban.org/dict/drudi?bg=1;langidarg=10"" title=""x1 は x2 (本体)の屋根 / 天井 / 屋上 / 蓋"">drudi</a></li><li><a href=""https://jbovlaste.lojban.org/dict/farna?bg=1;langidarg=10"" title=""x1 は x2 (物 / 事)・ x3 (照合枠)の向き / 方向 / 方角; x3 から観て x2 は x1 のほうにある"">farna</a></li>",,"B1::ペア・ワード","[sound:galtu.flac]"
"bc5e7244-38c6-4c98-9960-c0fad1771977","balvi","ˈbalvi","gismu","<u class=""se_basna"" title=""アクセント"">ba</u>lvi","<var>x<sub>1</sub></var> は <var>x<sub>2</sub></var> よりも未来 / 後発; <var>x<sub>1</sub></var> は後者; <var>x<sub>2</sub></var> は前者","<li>未来</li>","<li>bav</li>","<li>lai(来)</li>","<li><a href=""https://jbovlaste.lojban.org/dict/lidne?bg=1;langidarg=10"" title=""x1 は x2 を、 x3 (序列)において先行する / 先立つ / 率先する; x2 は x1 に続く; x1 は前者; x2 は後者"">lidne</a></li><li><a href=""https://jbovlaste.lojban.org/dict/cabna?bg=1;langidarg=10"" title=""x1 は x2 と同時; x1 は現在 / 今"">cabna</a></li><li><a href=""https://jbovlaste.lojban.org/dict/purci?bg=1;langidarg=10"" title=""x1 は x2 (時点)よりも以前 / 過去; x1 は先人"">purci</a></li><li><a href=""https://jbovlaste.lojban.org/dict/farna?bg=1;langidarg=10"" title=""x1 は x2 (物 / 事)・ x3 (照合枠)の向き / 方向 / 方角; x3 から観て x2 は x1 のほうにある"">farna</a></li>","<div class=""mupli""><p lang=""jbo"">le nu mi nelci do cu balvi le nu do nelci mi</p><p lang=""ja"">私があなたを好きになる前に、あなたが私を好きになる</p></div>","B1::ペア・ワード","[sound:balvi.flac]"
"ce373cc6-ce31-4558-bedf-0134d0bd283a","purci","ˈpurʃi","gismu","<u class=""se_basna"" title=""アクセント"">pu</u>rci","<var>x<sub>1</sub></var> は <var>x<sub>2</sub></var> (時点)よりも以前 / 過去; <var>x<sub>1</sub></var> は先人","<li>過去</li>","<li>pur</li><li>pru</li>","<li>過去プール死</li>","<li><a href=""https://jbovlaste.lojban.org/dict/lidne?bg=1;langidarg=10"" title=""x1 は x2 を、 x3 (序列)において先行する / 先立つ / 率先する; x2 は x1 に続く; x1 は前者; x2 は後者"">lidne</a></li><li><a href=""https://jbovlaste.lojban.org/dict/balvi?bg=1;langidarg=10"" title=""x1 は x2 よりも未来 / 後発; x1 は後者; x2 は前者"">balvi</a></li><li><a href=""https://jbovlaste.lojban.org/dict/cabna?bg=1;langidarg=10"" title=""x1 は x2 と同時; x1 は現在 / 今"">cabna</a></li><li><a href=""https://jbovlaste.lojban.org/dict/farna?bg=1;langidarg=10"" title=""x1 は x2 (物 / 事)・ x3 (照合枠)の向き / 方向 / 方角; x3 から観て x2 は x1 のほうにある"">farna</a></li>",,"B1::ペア・ワード","[sound:purci.flac]"
"027d86f4-a2fb-4bdf-a35a-37724f8ba97b","clira","ʃˈlira","gismu","c<u class=""se_basna"" title=""アクセント"">li</u>ra","<var>x<sub>1</sub></var> (事)は <var>x<sub>2</sub></var> (照合枠)において早い","<li>早い</li>","<li>lir</li>",,"<li><a href=""https://jbovlaste.lojban.org/dict/lerci?bg=1;langidarg=10"" title=""x1 (事)は x2 (基準)において時期的 / 時刻的に遅い"">lerci</a></li>",,"B1::ペア・ワード","[sound:clira.flac]"
"95a7aef8-c8b3-4bbd-839e-2eb00227f4a1","lerci","ˈlɛrʃi","gismu","<u class=""se_basna"" title=""アクセント"">le</u>rci","<var>x<sub>1</sub></var> (事)は <var>x<sub>2</sub></var> (基準)において時期的 / 時刻的に遅い","<li>遅い</li>","<li>lec</li>",,"<li><a href=""https://jbovlaste.lojban.org/dict/clira?bg=1;langidarg=10"" title=""x1 (事)は x2 (照合枠)において早い"">clira</a></li>",,"B1::ペア・ワード","[sound:lerci.flac]"
"9c5f527d-5afa-44dd-8af1-2431a3fff4e4","kalci","ˈkalʃi","gismu","<u class=""se_basna"" title=""アクセント"">ka</u>lci","<var>x<sub>1</sub></var> は <var>x<sub>2</sub></var> (生体)の糞 / 排泄物","<li>糞</li>",,"<li>糞、軽し</li>","<li><a href=""https://jbovlaste.lojban.org/dict/ganxo?bg=1;langidarg=10"" title=""x1 は x2 (本体)の肛門"">ganxo</a></li><li><a href=""https://jbovlaste.lojban.org/dict/pinca?bg=1;langidarg=10"" title=""x1 は x2 (生体)の尿"">pinca</a></li><li><a href=""https://jbovlaste.lojban.org/dict/vikmi?bg=1;langidarg=10"" title=""x1 は x2 (対象)を x3 (起源)から x4 (経路)で廃棄 / 排出 / 排泄する"">vikmi</a></li><li><a href=""https://jbovlaste.lojban.org/dict/mabla?bg=1;langidarg=10"" title=""x1 は x2 (性質)において、 x3 (基準)で不愉快だ / クソみたいだ / くだらない / 実にひどい / 嘆かわしい / まったくいやだ / あさましい / ひどくみすぼらしい / 粗末だ / 粗悪だ / 卑劣だ / 劣っている; x1 は x2の点で x3にとってむかつく / 嫌気がさす / 実に不愉快だ"">mabla</a></li><li><a href=""https://jbovlaste.lojban.org/dict/festi?bg=1;langidarg=10"" title=""x1 は x2 (事 / 動作)の残り物 / ごみ / くず"">festi</a></li>",,"B1::ペア・ワード","[sound:kalci.flac]"
"214984bf-ed60-48a6-9e85-87c3ca4af2ca","pinca","ˈpinʃa","gismu","<u class=""se_basna"" title=""アクセント"">pi</u>nca","<var>x<sub>1</sub></var> は <var>x<sub>2</sub></var> (生体)の尿","<li>尿</li>",,,"<li><a href=""https://jbovlaste.lojban.org/dict/vikmi?bg=1;langidarg=10"" title=""x1 は x2 (対象)を x3 (起源)から x4 (経路)で廃棄 / 排出 / 排泄する"">vikmi</a></li><li><a href=""https://jbovlaste.lojban.org/dict/xasne?bg=1;langidarg=10"" title=""x1 は x2 (肉体)・ x3 (分泌器官)から出る汗"">xasne</a></li><li><a href=""https://jbovlaste.lojban.org/dict/kalci?bg=1;langidarg=10"" title=""x1 は x2 (生体)の糞 / 排泄物"">kalci</a></li><li><a href=""https://jbovlaste.lojban.org/dict/mabla?bg=1;langidarg=10"" title=""x1 は x2 (性質)において、 x3 (基準)で不愉快だ / クソみたいだ / くだらない / 実にひどい / 嘆かわしい / まったくいやだ / あさましい / ひどくみすぼらしい / 粗末だ / 粗悪だ / 卑劣だ / 劣っている; x1 は x2の点で x3にとってむかつく / 嫌気がさす / 実に不愉快だ"">mabla</a></li><li><a href=""https://jbovlaste.lojban.org/dict/festi?bg=1;langidarg=10"" title=""x1 は x2 (事 / 動作)の残り物 / ごみ / くず"">festi</a></li>",,"B1::ペア・ワード","[sound:pinca.flac]"
"b04205b2-bb93-465e-af39-f288cee508e1","bajra","ˈbaʒra","gismu","<u class=""se_basna"" title=""アクセント"">ba</u>jra","<var>x<sub>1</sub></var> は <var>x<sub>2</sub></var> (表面)を <var>x<sub>3</sub></var> (肢)・ <var>x<sub>4</sub></var> (調子)で走る","<li>走る</li>","<li>baj</li>","<li>&lt;場をじらす&gt;</li><li>run</li>",,"<div class=""mupli""><p lang=""jbo"">mi sutra bajra</p><p lang=""ja"">私は速く走る</p></div><div class=""mupli""><p lang=""jbo"">le bajra cu jinga ja te jinga</p><p lang=""ja"">その走者は勝者または敗者である</p></div>","B1::ペア・ワード","[sound:bajra.flac]"
"f02b7003-6b27-4866-9f01-93b562df7a99","cadzu","ˈʃadzu","gismu","<u class=""se_basna"" title=""アクセント"">ca</u>dzu","<var>x<sub>1</sub></var> は <var>x<sub>2</sub></var> (表面)を <var>x<sub>3</sub></var> (肢)で歩く","<li>歩く</li>","<li>dzu</li>","<li>&lt;車道ずっと&gt;</li><li>zeu(走)</li>","<li><a href=""https://jbovlaste.lojban.org/dict/stapa?bg=1;langidarg=10"" title=""x1 は x2 を x3 で踏む"">stapa</a></li><li><a href=""https://jbovlaste.lojban.org/dict/bajra?bg=1;langidarg=10"" title=""x1 は x2 (表面)を x3 (肢)・ x4 (調子)で走る"">bajra</a></li><li><a href=""https://jbovlaste.lojban.org/dict/klama?bg=1;langidarg=10"" title=""x1 は x2 (終点)に x3 (起点)から x4 (経路)を x5 (方法)で行く / 来る"">klama</a></li><li><a href=""https://jbovlaste.lojban.org/dict/litru?bg=1;langidarg=10"" title=""x1 は x2 (経路)を x3 (方法)で旅する; x1 は旅人"">litru</a></li>",,"B1::ペア・ワード","[sound:cadzu.flac]"
"82347498-4381-4970-b26b-2b42cb8abd0d","srera","sˈrɛra","gismu","s<u class=""se_basna"" title=""アクセント"">re</u>ra","<var>x<sub>1</sub></var> は <var>x<sub>2</sub></var> (事)に関して、 <var>x<sub>3</sub></var> (条件)・ <var>x<sub>4</sub></var> (基準)で誤る / 間違う","<li>誤る</li>","<li>sre</li>",,"<li><a href=""https://jbovlaste.lojban.org/dict/drani?bg=1;langidarg=10"" title=""x1 は x2 (性質)に関して x3 (状況)のとき x4 (基準)において正しい / 正確 / 適宜"">drani</a></li><li><a href=""https://jbovlaste.lojban.org/dict/cfila?bg=1;langidarg=10"" title=""x1 (性質)は x2 の、 x3 (問題 / 厄介 / 危険)をもたらす欠陥 / 欠点 / 弱点 / 不備 / 短所 / 落度 / 過失"">cfila</a></li><li><a href=""https://jbovlaste.lojban.org/dict/fliba?bg=1;langidarg=10"" title=""x1 は x2 (事)に失敗する; x1 は x2 を怠る"">fliba</a></li>",,"B1::ペア・ワード","[sound:srera.flac]"
"6109595a-1513-4fd8-b0e1-5625a0aacd2a","drani","dˈrani","gismu","d<u class=""se_basna"" title=""アクセント"">ra</u>ni","<var>x<sub>1</sub></var> は <var>x<sub>2</sub></var> (性質)に関して <var>x<sub>3</sub></var> (状況)のとき <var>x<sub>4</sub></var> (基準)において正しい / 正確 / 適宜","<li>正しい</li>","<li>dra</li>",,"<li><a href=""https://jbovlaste.lojban.org/dict/srera?bg=1;langidarg=10"" title=""x1 は x2 (事)に関して、 x3 (条件)・ x4 (基準)で誤る / 間違う"">srera</a></li><li><a href=""https://jbovlaste.lojban.org/dict/mapti?bg=1;langidarg=10"" title=""x1 は x2 にたいして x3 (性質)の点で相応しい / 和合性がある; x1 は x2 に適する / 合う"">mapti</a></li>",,"B1::ペア・ワード","[sound:drani.flac]"
"907d8eb7-ddb0-4957-940b-8a29598f365c","bersa","ˈbɛrsa","gismu","<u class=""se_basna"" title=""アクセント"">be</u>rsa","<var>x<sub>1</sub></var> は <var>x<sub>2</sub></var> (親)の息子","<li>息子</li>","<li>bes</li><li>be'a</li>","<li>&lt;ベロの先&gt;</li><li>son</li><li>er(儿)</li>","<li><a href=""https://jbovlaste.lojban.org/dict/verba?bg=1;langidarg=10"" title=""x1 は x2 (年齢)の、 x3 (観点)での子供"">verba</a></li><li><a href=""https://jbovlaste.lojban.org/dict/nanla?bg=1;langidarg=10"" title=""x1 は x2 (年齢)・ x3 (基準)の少年 / 未成熟の男"">nanla</a></li><li><a href=""https://jbovlaste.lojban.org/dict/nakni?bg=1;langidarg=10"" title=""x1 は x2 (生物種)の、 x3 (体現性質)に基づく男性 / 雄; x1 は男性的"">nakni</a></li><li><a href=""https://jbovlaste.lojban.org/dict/nanmu?bg=1;langidarg=10"" title=""x1 は男(の人)"">nanmu</a></li><li><a href=""https://jbovlaste.lojban.org/dict/patfu?bg=1;langidarg=10"" title=""x1 は x2 の父親"">patfu</a></li><li><a href=""https://jbovlaste.lojban.org/dict/mamta?bg=1;langidarg=10"" title=""x1 は x2 の母親; x1 は母性的"">mamta</a></li><li><a href=""https://jbovlaste.lojban.org/dict/bruna?bg=1;langidarg=10"" title=""x1 は x2 の、 x3 (血縁関係)による兄 / 弟"">bruna</a></li><li><a href=""https://jbovlaste.lojban.org/dict/rirni?bg=1;langidarg=10"" title=""x1 は x2 の育ての親 / 保護者 / 保育者 / 養育者; x1 は x2 を育てる"">rirni</a></li><li><a href=""https://jbovlaste.lojban.org/dict/rorci?bg=1;langidarg=10"" title=""x1 は x2 (子)を x3 との間にもうける"">rorci</a></li><li><a href=""https://jbovlaste.lojban.org/dict/panzi?bg=1;langidarg=10"" title=""x1 は x2 (親)の生物学的子孫"">panzi</a></li><li><a href=""https://jbovlaste.lojban.org/dict/tixnu?bg=1;langidarg=10"" title=""x1 は x2 (親)の娘"">tixnu</a></li>",,"B1::ペア・ワード","[sound:bersa.flac]"
"b70e2bc2-5852-44fe-8f7d-2d0ab9b2e2f8","tixnu","ˈtixnu","gismu","<u class=""se_basna"" title=""アクセント"">ti</u>xnu","<var>x<sub>1</sub></var> は <var>x<sub>2</sub></var> (親)の娘","<li>娘</li>","<li>tix</li><li>ti'u</li>",,"<li><a href=""https://jbovlaste.lojban.org/dict/bersa?bg=1;langidarg=10"" title=""x1 は x2 (親)の息子"">bersa</a></li><li><a href=""https://jbovlaste.lojban.org/dict/panzi?bg=1;langidarg=10"" title=""x1 は x2 (親)の生物学的子孫"">panzi</a></li>",,"B1::ペア・ワード","[sound:tixnu.flac]"
"40c181f5-33e1-44a6-81d0-ee3f60cbd0da","ciska","ˈʃiska","gismu","<u class=""se_basna"" title=""アクセント"">ci</u>ska","<var>x<sub>1</sub></var> は <var>x<sub>2</sub></var> (文字列)を <var>x<sub>3</sub></var> (媒体)に <var>x<sub>4</sub></var> (道具)で書く","<li>書く</li>","<li>ci'a</li>","<li>書しますか</li>","<li><a href=""https://jbovlaste.lojban.org/dict/papri?bg=1;langidarg=10"" title=""x1 は x2 (本 / 書類)のページ"">papri</a></li><li><a href=""https://jbovlaste.lojban.org/dict/penbi?bg=1;langidarg=10"" title=""x1 は x2 (インク)の、手順 x3 に従って使われるペン・筆"">penbi</a></li><li><a href=""https://jbovlaste.lojban.org/dict/pinsi?bg=1;langidarg=10"" title=""x1 は x2 (素材)の鉛筆 / クレヨン"">pinsi</a></li><li><a href=""https://jbovlaste.lojban.org/dict/tcidu?bg=1;langidarg=10"" title=""x1 は x2 (文字列)を x3 (表面 / 書物)から読む"">tcidu</a></li><li><a href=""https://jbovlaste.lojban.org/dict/xatra?bg=1;langidarg=10"" title=""x1 は x2 (者)への x3 (者)からの x4 (内容)の手紙 / Eメール"">xatra</a></li><li><a href=""https://jbovlaste.lojban.org/dict/pixra?bg=1;langidarg=10"" title=""x1 は x2 (主題)・ x3 (作者)・ x4 (媒体)の絵 / 画 / 写真 / 造形; x3 は x2 を描いて x1 を創る"">pixra</a></li><li><a href=""https://jbovlaste.lojban.org/dict/prina?bg=1;langidarg=10"" title=""x1 は x2 (媒体)・ x3 (装置)による印刷物 / プリント"">prina</a></li><li><a href=""https://jbovlaste.lojban.org/dict/finti?bg=1;langidarg=10"" title=""x1 は x2 を x3 (目的 / 機能)のために x4 (既存要素)から創る / 発明する / 著する; x1 は創作的"">finti</a></li><li><a href=""https://jbovlaste.lojban.org/dict/barna?bg=1;langidarg=10"" title=""x1 は x2 に有る印 / 斑点"">barna</a></li><li><a href=""https://jbovlaste.lojban.org/dict/pinka?bg=1;langidarg=10"" title=""x1 は x2 (主題)・ x3 (作者)・ x4 (読者)のコメント / 評言; x3 は x2 について x1 をコメントする"">pinka</a></li>",,"B1::ペア・ワード","[sound:ciska.flac]"
"27f32c8c-7890-4110-b969-3d7e1ce90251","tcidu","ˈtʃidu","gismu","<u class=""se_basna"" title=""アクセント"">tci</u>du","<var>x<sub>1</sub></var> は <var>x<sub>2</sub></var> (文字列)を <var>x<sub>3</sub></var> (表面 / 書物)から読む","<li>読む</li>","<li>tid</li>","<li>cike(時刻)</li><li>time</li>","<li><a href=""https://jbovlaste.lojban.org/dict/ciska?bg=1;langidarg=10"" title=""x1 は x2 (文字列)を x3 (媒体)に x4 (道具)で書く"">ciska</a></li><li><a href=""https://jbovlaste.lojban.org/dict/cukta?bg=1;langidarg=10"" title=""x1 は x2 (内容)・ x3 (著者)・ x4 (読者)・ x5 (媒体)の本 / 文献"">cukta</a></li><li><a href=""https://jbovlaste.lojban.org/dict/karni?bg=1;langidarg=10"" title=""x1 は x2 (内容)・ x3 (出版者)・ x4 (読者)の刊行物 / 雑誌 / 新聞"">karni</a></li>",,"B1::ペア・ワード","[sound:tcidu.flac]"
"d09f2c59-980b-4a31-a9ae-98c46f505795","rigni","ˈrigni","gismu","<u class=""se_basna"" title=""アクセント"">ri</u>gni","<var>x<sub>1</sub></var> は <var>x<sub>2</sub></var> (者)にとって <var>x<sub>3</sub></var> (条件)において不快 / 不愉快 / いまいましい / 吐き気をもよおさせる; <var>x<sub>2</sub></var> は <var>x<sub>1</sub></var> に愛想を尽かす / 嫌悪感を覚える","<li>不快</li>","<li>rig</li>","<li>repugnant</li>","<li><a href=""https://jbovlaste.lojban.org/dict/djica?bg=1;langidarg=10"" title=""x1 は x2 (事)を x3 (目的)のために欲する / 求める; x1 は x3 (目的)のために x2 (事)という欲求を満たしたい"">djica</a></li><li><a href=""https://jbovlaste.lojban.org/dict/nelci?bg=1;langidarg=10"" title=""x1 は x2 (物 / 事)を好む / 好き / 気に入っている"">nelci</a></li><li><a href=""https://jbovlaste.lojban.org/dict/trina?bg=1;langidarg=10"" title=""x1 は x2 を x3 (性質)で誘惑する; x1 は x2 にとって魅力的"">trina</a></li><li><a href=""https://jbovlaste.lojban.org/dict/vamtu?bg=1;langidarg=10"" title=""x1 は x2 を吐く / 嘔吐する / もどす"">vamtu</a></li><li><a href=""https://jbovlaste.lojban.org/dict/xebni?bg=1;langidarg=10"" title=""x1 は x2 (物 / 者 / 事)を憎む; x1 は x2 にたいする怨恨を抱いている; x2 は憎らしい"">xebni</a></li><li><a href=""https://jbovlaste.lojban.org/dict/pluka?bg=1;langidarg=10"" title=""x1 (事)は x2 にとって、 x3 (条件)のもと快い / 心地良い"">pluka</a></li>",,"B1::ペア・ワード","[sound:rigni.flac]"
"41e9b38b-da3c-4733-9ed2-1727c46ea7df","pluka","pˈluka","gismu","p<u class=""se_basna"" title=""アクセント"">lu</u>ka","<var>x<sub>1</sub></var> (事)は <var>x<sub>2</sub></var> にとって、 <var>x<sub>3</sub></var> (条件)のもと快い / 心地良い","<li>快い</li>","<li>puk</li><li>pu'a</li>","<li>心地よいぷるぷるか</li>","<li><a href=""https://jbovlaste.lojban.org/dict/rigni?bg=1;langidarg=10"" title=""x1 は x2 (者)にとって x3 (条件)において不快 / 不愉快 / いまいましい / 吐き気をもよおさせる; x2 は x1 に愛想を尽かす / 嫌悪感を覚える"">rigni</a></li><li><a href=""https://jbovlaste.lojban.org/dict/pu'a?bg=1;langidarg=10"" title=""〜を楽しんで / 〜がおもしろくて : pluka 法制詞, x1"">pu'a</a></li><li><a href=""https://jbovlaste.lojban.org/dict/melbi?bg=1;langidarg=10"" title=""x1 は x2 (審美者)にとって x3 (性質)・ x4 (審美基準)において美しい / 綺麗 / 麗しい / ハンサム / かわいい"">melbi</a></li><li><a href=""https://jbovlaste.lojban.org/dict/nelci?bg=1;langidarg=10"" title=""x1 は x2 (物 / 事)を好む / 好き / 気に入っている"">nelci</a></li><li><a href=""https://jbovlaste.lojban.org/dict/prami?bg=1;langidarg=10"" title=""x1 は x2 を愛する / にたいして愛情が湧く"">prami</a></li>",,"B1::ペア・ワード","[sound:pluka.flac]"
"ac66cabd-4ae2-40e4-8c3b-1fabf89de15e","zenba","ˈzɛnba","gismu","<u class=""se_basna"" title=""アクセント"">ze</u>nba","<var>x<sub>1</sub></var> は <var>x<sub>2</sub></var> (性質 / 数量)に関して <var>x<sub>3</sub></var> (度合)だけ増える","<li>増加</li>","<li>zen</li><li>ze'a</li>","<li>&lt;禅ばかり増加&gt;</li><li>銭がバッと増える</li>","<li><a href=""https://jbovlaste.lojban.org/dict/jdika?bg=1;langidarg=10"" title=""x1 は x2 (性質)に関して x3 (数量)ほど減る"">jdika</a></li><li><a href=""https://jbovlaste.lojban.org/dict/zmadu?bg=1;langidarg=10"" title=""x1 は x2 よりも、 x3 (性質 / 数量)の点で、 x4 (度合)ほど優る / x3 が x1 には x2 よりももっとある"">zmadu</a></li><li><a href=""https://jbovlaste.lojban.org/dict/banro?bg=1;langidarg=10"" title=""x1 は x2 (結果)に x3 (始原)から育つ / 育成する / 成長する"">banro</a></li><li><a href=""https://jbovlaste.lojban.org/dict/jmina?bg=1;langidarg=10"" title=""x1 は x2 を x3 に加え、その結果 x4 となる"">jmina</a></li>",,"B1::ペア・ワード","[sound:zenba.flac]"
"56a3f0a3-f6b8-45d1-98bf-e64c7fb861ee","jdika","ʒˈdika","gismu","j<u class=""se_basna"" title=""アクセント"">di</u>ka","<var>x<sub>1</sub></var> は <var>x<sub>2</sub></var> (性質)に関して <var>x<sub>3</sub></var> (数量)ほど減る","<li>減る</li>",,,"<li><a href=""https://jbovlaste.lojban.org/dict/zenba?bg=1;langidarg=10"" title=""x1 は x2 (性質 / 数量)に関して x3 (度合)だけ増える"">zenba</a></li><li><a href=""https://jbovlaste.lojban.org/dict/mleca?bg=1;langidarg=10"" title=""x1 は x2 よりも、 x3 (性質)に関して x4 (数量)ほど劣る / 少ない"">mleca</a></li><li><a href=""https://jbovlaste.lojban.org/dict/vimcu?bg=1;langidarg=10"" title=""x1 は x2 を x3 から、 x4 だけ残して除去 / 控除する / 差し引く"">vimcu</a></li>",,"B1::ペア・ワード","[sound:jdika.flac]"
"5c4e72f1-4f03-4f8d-b8dd-b8214c7e05dd","zmadu","zˈmadu","gismu","z<u class=""se_basna"" title=""アクセント"">ma</u>du","<var>x<sub>1</sub></var> は <var>x<sub>2</sub></var> よりも、 <var>x<sub>3</sub></var> (性質 / 数量)の点で、 <var>x<sub>4</sub></var> (度合)ほど優る / <var>x<sub>3</sub></var> が <var>x<sub>1</sub></var> には <var>x<sub>2</sub></var> よりももっとある","<li>卓越</li><li>優る</li>","<li>zma</li><li>mau</li>",,"<li><a href=""https://jbovlaste.lojban.org/dict/mau?bg=1;langidarg=10"" title=""〜が勝って(に劣って) / が超えて(に超されて) : zmadu 法制詞, x1"">mau</a></li><li><a href=""https://jbovlaste.lojban.org/dict/mleca?bg=1;langidarg=10"" title=""x1 は x2 よりも、 x3 (性質)に関して x4 (数量)ほど劣る / 少ない"">mleca</a></li><li><a href=""https://jbovlaste.lojban.org/dict/zenba?bg=1;langidarg=10"" title=""x1 は x2 (性質 / 数量)に関して x3 (度合)だけ増える"">zenba</a></li><li><a href=""https://jbovlaste.lojban.org/dict/jmina?bg=1;langidarg=10"" title=""x1 は x2 を x3 に加え、その結果 x4 となる"">jmina</a></li><li><a href=""https://jbovlaste.lojban.org/dict/bancu?bg=1;langidarg=10"" title=""x1 は x2 (境界 / 限度)を x3 (照合点)について x4 (性質 / 数量)だけ越している / 超えている"">bancu</a></li><li><a href=""https://jbovlaste.lojban.org/dict/dukse?bg=1;langidarg=10"" title=""x1 は x2 (性質)が x3 (基準)において過剰"">dukse</a></li><li><a href=""https://jbovlaste.lojban.org/dict/traji?bg=1;langidarg=10"" title=""x1 は x2 (性質)・ x3 (極性)・ x4 (集合 / 範囲)に関して極致(最上 / 最下)"">traji</a></li>",,"B1::ペア・ワード","[sound:zmadu.flac]"
"d2829563-f1f6-43f9-88c6-f1762501318c","mleca","mlɛca","gismu","m<u class=""se_basna"" title=""アクセント"">le</u>ca","<var>x<sub>1</sub></var> は <var>x<sub>2</sub></var> よりも、 <var>x<sub>3</sub></var> (性質)に関して <var>x<sub>4</sub></var> (数量)ほど劣る / 少ない","<li>劣る</li><li>少ない</li>","<li>mec</li><li>me'a</li>","<li>少ない群れ者</li>","<li><a href=""https://jbovlaste.lojban.org/dict/me'a?bg=1;langidarg=10"" title=""〜のほうが少なくて(よりも多くて) : mleca 法制詞, x1"">me'a</a></li><li><a href=""https://jbovlaste.lojban.org/dict/su'o?bg=1;langidarg=10"" title=""最小で〜 / 少なくとも〜 : 数量詞;"">su'o</a></li><li><a href=""https://jbovlaste.lojban.org/dict/jdika?bg=1;langidarg=10"" title=""x1 は x2 (性質)に関して x3 (数量)ほど減る"">jdika</a></li><li><a href=""https://jbovlaste.lojban.org/dict/zmadu?bg=1;langidarg=10"" title=""x1 は x2 よりも、 x3 (性質 / 数量)の点で、 x4 (度合)ほど優る / x3 が x1 には x2 よりももっとある"">zmadu</a></li><li><a href=""https://jbovlaste.lojban.org/dict/traji?bg=1;langidarg=10"" title=""x1 は x2 (性質)・ x3 (極性)・ x4 (集合 / 範囲)に関して極致(最上 / 最下)"">traji</a></li>",,"B1::ペア・ワード","[sound:mleca.flac]"
"7525ea81-f3e5-4bbd-90c8-2a57e0ed85a5","jalge","ˈʒalgɛ","gismu","<u class=""se_basna"" title=""アクセント"">ja</u>lge","<var>x<sub>1</sub></var> (事)は <var>x<sub>2</sub></var> (事)の結果 / 結末; <var>x<sub>2</sub></var> は <var>x<sub>1</sub></var> に終結する","<li>結果</li>","<li>jag</li><li>ja'e</li>",,"<li><a href=""https://jbovlaste.lojban.org/dict/se?bg=1;langidarg=10"" title=""x1-x2 転換 : selbri の左に付いてPSの x1 と x2 を転換する"">se</a> <a href=""https://jbovlaste.lojban.org/dict/mukti?bg=1;langidarg=10"" title=""x1 (事)は x2 (事)を x3 (者)に動機する; x3 は x1 に鼓舞されて x2 をする"">mukti</a></li><li><a href=""https://jbovlaste.lojban.org/dict/te?bg=1;langidarg=10"" title=""x1-x3 転換 : selbri の左に付いてPSの x1 と x3 を転換する"">te</a> <a href=""https://jbovlaste.lojban.org/dict/zukte?bg=1;langidarg=10"" title=""x1 は x2 (行動内容)を x3 (目的 / 目標)のために行為 / 実行する"">zukte</a></li><li><a href=""https://jbovlaste.lojban.org/dict/se?bg=1;langidarg=10"" title=""x1-x2 転換 : selbri の左に付いてPSの x1 と x2 を転換する"">se</a> <a href=""https://jbovlaste.lojban.org/dict/rinka?bg=1;langidarg=10"" title=""x1 (事)は x2 (事)を x3 (条件)において引き起こす"">rinka</a></li><li><a href=""https://jbovlaste.lojban.org/dict/se?bg=1;langidarg=10"" title=""x1-x2 転換 : selbri の左に付いてPSの x1 と x2 を転換する"">se</a> <a href=""https://jbovlaste.lojban.org/dict/krinu?bg=1;langidarg=10"" title=""x1 (事)は x2 (事)を許容する理由"">krinu</a></li><li><a href=""https://jbovlaste.lojban.org/dict/se?bg=1;langidarg=10"" title=""x1-x2 転換 : selbri の左に付いてPSの x1 と x2 を転換する"">se</a> <a href=""https://jbovlaste.lojban.org/dict/nibli?bg=1;langidarg=10"" title=""x1 は x2 (事)を x3 (法則 / 論理 / 体系)において余儀なく含意する / もたらす; x1 によって x2 は絶対 / まちがいなく起こる"">nibli</a></li><li><a href=""https://jbovlaste.lojban.org/dict/mulno?bg=1;langidarg=10"" title=""x1 (事)は完了している; x1 は x2 (性質)に関して、 x3 (観点)において包括的 / 総体的"">mulno</a></li><li><a href=""https://jbovlaste.lojban.org/dict/sumji?bg=1;langidarg=10"" title=""x1 は x2 ・ x3 の合計 / 総計"">sumji</a></li><li><a href=""https://jbovlaste.lojban.org/dict/pilji?bg=1;langidarg=10"" title=""x1 は x2 ・ x3 を乗算したもの; x2 かける x3 は x1"">pilji</a></li><li><a href=""https://jbovlaste.lojban.org/dict/mekso?bg=1;langidarg=10"" title=""x1 は x2 (原理)の数式 / 数学的表現"">mekso</a></li><li><a href=""https://jbovlaste.lojban.org/dict/ja'e?bg=1;langidarg=10"" title=""〜を結果として / 〜となって : jalge 法制詞, x1"">ja'e</a></li><li><a href=""https://jbovlaste.lojban.org/dict/ciksi?bg=1;langidarg=10"" title=""x1 (者)は x2 (事 / 状態 / 性質)を x3 (者)に x4 (命題, du'u)で説明 / 弁明 / 解説する"">ciksi</a></li>",,"B1::ペア・ワード","[sound:jalge.flac]"
"c46b6f2d-f481-45db-999e-794c5030502a","cfari","ʃˈfari","gismu","c<u class=""se_basna"" title=""アクセント"">fa</u>ri","<var>x<sub>1</sub></var> (事 / 状態)は始まる / 開始する","<li>始まる</li>","<li>cfa</li>",,"<li><a href=""https://jbovlaste.lojban.org/dict/sisti?bg=1;langidarg=10"" title=""x1 (者)は x2 (動作 / 過程 / 状態)をやめる / 中止 / 終了する"">sisti</a></li><li><a href=""https://jbovlaste.lojban.org/dict/krasi?bg=1;langidarg=10"" title=""x1 (所 / 事)は x2 (物 / 者 / 事)の起源 / 根源 / 発祥地"">krasi</a></li><li><a href=""https://jbovlaste.lojban.org/dict/fanmo?bg=1;langidarg=10"" title=""x1 は x2 (物 / 過程)の終わり"">fanmo</a></li>",,"B1::ペア・ワード","[sound:cfari.flac]"
