"c47030cf-bbbb-448b-bfdc-a85cff868b50","banro","ˈbanro","gismu","<u class=""se_basna"" title=""アクセント"">ba</u>nro","<var class=""x1"">x<sub>1</sub></var> は <var class=""x2"">x<sub>2</sub></var> (結果)に <var class=""x3"">x<sub>3</sub></var> (始原)から育つ / 育成する / 成長する","<li>育つ</li>","<li>ba'o</li>","<li>&lt;晩のローズ&gt;</li><li>grow</li>","<li><a href=""https://jbovlaste.lojban.org/dict/farvi?bg=1;langidarg=10"" title=""x1 は x2 に x3 から x4 (過程)を通じて発達 / 発展 / 進化する""><u class=""se_basna"">fa</u>rvi</a></li><li><a href=""https://jbovlaste.lojban.org/dict/zenba?bg=1;langidarg=10"" title=""x1 は x2 (性質 / 数量)に関して x3 (度合)だけ増える""><u class=""se_basna"">ze</u>nba</a></li><li><a href=""https://jbovlaste.lojban.org/dict/jmina?bg=1;langidarg=10"" title=""x1 は x2 を x3 に加え、その結果 x4 となる"">j<u class=""se_basna"">mi</u>na</a></li><li><a href=""https://jbovlaste.lojban.org/dict/barda?bg=1;langidarg=10"" title=""x1 は x2 (性質)に関して、 x3 (比較対象)の中で大きい""><u class=""se_basna"">ba</u>rda</a></li><li><a href=""https://jbovlaste.lojban.org/dict/makcu?bg=1;langidarg=10"" title=""x1 は x2 (性質)に関して成熟している; x1 は成人 / おとな""><u class=""se_basna"">ma</u>kcu</a></li><li><a href=""https://jbovlaste.lojban.org/dict/ferti?bg=1;langidarg=10"" title=""x1 は x2 の成長 / 発達に関して肥沃 / 豊穣 / 多産 / 多作""><u class=""se_basna"">fe</u>rti</a></li>","<div class=""mupli""><p lang=""jbo"">le spati cu banro ri'a lo nu do djacu dunda</p><p lang=""ja"">あなたが水やりをするので、その植物が育つ</p></div>","C1::etc","[sound:banro.flac]"
"6d8f65b1-b156-4df5-b319-047f32cb774e","cabna","ˈʃabna","gismu","<u class=""se_basna"" title=""アクセント"">ca</u>bna","<var class=""x1"">x<sub>1</sub></var> は <var class=""x2"">x<sub>2</sub></var> と同時; <var class=""x1"">x<sub>1</sub></var> は現在 / 今","<li>現在</li>","<li>cab</li>","<li>&lt;シャブない現在&gt;</li><li>cia(現)</li><li>now</li>","<li><a href=""https://jbovlaste.lojban.org/dict/zvati?bg=1;langidarg=10"" title=""x1 (物 / 事)が x2 (事 / 所)に居る / 在る"">z<u class=""se_basna"">va</u>ti</a></li><li><a href=""https://jbovlaste.lojban.org/dict/balvi?bg=1;langidarg=10"" title=""x1 は x2 よりも未来 / 後発; x1 は後者; x2 は前者""><u class=""se_basna"">ba</u>lvi</a></li><li><a href=""https://jbovlaste.lojban.org/dict/purci?bg=1;langidarg=10"" title=""x1 は x2 (時点)よりも以前 / 過去; x1 は先人""><u class=""se_basna"">pu</u>rci</a></li><li><a href=""https://jbovlaste.lojban.org/dict/ca?bg=1;langidarg=10"" title=""現在 : 間制詞(時間・方向); [sumti] の左に付いて、その [sumti] と同時 / 現在の時点で [selbri] が起こっているを表す; 必ずしも発話そのもの現在時点とは限らない(それは nau で表す); sumti は省略できる; sumti を欠いて selbri の左隣に来るときはその selbri と一体化して1つの selbri とみなされる(従ってこれをそのまま冠詞で sumti 化できる)"">ca</a></li><li><a href=""https://jbovlaste.lojban.org/dict/ca'a?bg=1;langidarg=10"" title=""実際に : 間制詞(モダリティ);"">ca'a</a></li>",,"C1::etc","[sound:cabna.flac]"
"3faa5630-c117-40ab-9f5f-d064404b2b96","cafne","ˈʃafnɛ","gismu","<u class=""se_basna"" title=""アクセント"">ca</u>fne","<var class=""x1"">x<sub>1</sub></var> (事)は <var class=""x2"">x<sub>2</sub></var> (基準)において頻繁 / しょっちゅう / 頻発する / よくある","<li>頻繁</li>","<li>caf</li>","<li>&lt;車夫寝る&gt;</li><li>can(常)</li><li>often</li>","<li><a href=""https://jbovlaste.lojban.org/dict/rirci?bg=1;langidarg=10"" title=""x1 は x2 (性質)に関して、 x3 (集合)において珍しい / 稀有""><u class=""se_basna"">ri</u>rci</a></li><li><a href=""https://jbovlaste.lojban.org/dict/fadni?bg=1;langidarg=10"" title=""x1 は x2 (性質)・ x3 (集合)において平凡 / 通常 / 普通""><u class=""se_basna"">fa</u>dni</a></li><li><a href=""https://jbovlaste.lojban.org/dict/kampu?bg=1;langidarg=10"" title=""x1 (性質)は x2 (集合)の間で普遍 / 一般的; x1 は普通""><u class=""se_basna"">ka</u>mpu</a></li><li><a href=""https://jbovlaste.lojban.org/dict/rapli?bg=1;langidarg=10"" title=""x1 (動作)は x2 (回数)にわたって繰り返す / 循環 / 反復する""><u class=""se_basna"">ra</u>pli</a></li><li><a href=""https://jbovlaste.lojban.org/dict/krefu?bg=1;langidarg=10"" title=""x1 (事)は x2 (事)の x3 (数)度目の繰り返し / 再発; x2 は繰り返す"">k<u class=""se_basna"">re</u>fu</a></li><li><a href=""https://jbovlaste.lojban.org/dict/lakne?bg=1;langidarg=10"" title=""x1 (事)は x2 (条件)でありうる / 起こりうる / 蓋然的""><u class=""se_basna"">la</u>kne</a></li><li><a href=""https://jbovlaste.lojban.org/dict/piso'iroi?bg=1;langidarg=10"">piso'iroi</a></li>",,"C1::etc","[sound:cafne.flac]"
"e9604338-ad11-4fc9-8d36-3efa9a02ff4d","canci","ˈʃanʃi","gismu","<u class=""se_basna"" title=""アクセント"">ca</u>nci","<var class=""x1"">x<sub>1</sub></var> は <var class=""x2"">x<sub>2</sub></var> (所 / 視界)から消える","<li>消える</li>",,"<li>&lt;シャンとしないと&gt;消失</li><li>cian(潜)</li><li>vanish</li>","<li><a href=""https://jbovlaste.lojban.org/dict/cliva?bg=1;langidarg=10"" title=""x1 は x2 から x3 (経路)によって離れる / 発つ / 別れる / 去る; x1 は x2 を残す"">c<u class=""se_basna"">li</u>va</a></li><li><a href=""https://jbovlaste.lojban.org/dict/ganse?bg=1;langidarg=10"" title=""x1 (者)は x2 (性質)を x3 (手段)によって、 x4 (環境条件)のもと感知 / 感得する / 感じ取る; x1 は x2 にたいして敏感 / センシティヴ""><u class=""se_basna"">ga</u>nse</a></li><li><a href=""https://jbovlaste.lojban.org/dict/zgana?bg=1;langidarg=10"" title=""x1 は x2 (対象)を x3 (方法)・ x4 (条件)で観察 / 観賞 / 鑑賞する"">z<u class=""se_basna"">ga</u>na</a></li><li><a href=""https://jbovlaste.lojban.org/dict/lebna?bg=1;langidarg=10"" title=""x1 は x2 (物 / 性質)を x3 (者)から取る / 得る / 奪う / 盗む / 取り除く / 没収 / 着服する""><u class=""se_basna"">le</u>bna</a></li><li><a href=""https://jbovlaste.lojban.org/dict/vimcu?bg=1;langidarg=10"" title=""x1 は x2 を x3 から、 x4 だけ残して除去 / 控除する / 差し引く""><u class=""se_basna"">vi</u>mcu</a></li>",,"C1::etc","[sound:canci.flac]"
"00deda19-bccf-4e07-9cc4-046d4281d1dd","ciblu","ˈʃiblu","gismu","<u class=""se_basna"" title=""アクセント"">ci</u>blu","<var class=""x1"">x<sub>1</sub></var> は <var class=""x2"">x<sub>2</sub></var> (生体)の血 / 血液","<li>血</li>","<li>blu</li>","<li>血しぶき</li>","<li><a href=""https://jbovlaste.lojban.org/dict/risna?bg=1;langidarg=10"" title=""x1 は x2 (本体)の心臓""><u class=""se_basna"">ri</u>sna</a></li><li><a href=""https://jbovlaste.lojban.org/dict/flecu?bg=1;langidarg=10"" title=""x1 は x2 の / における、 x3 (終点)へ x4 (始点)からの流れ; x2 は流れる"">f<u class=""se_basna"">le</u>cu</a></li>",,"C1::etc","[sound:ciblu.flac]"
"f3a7d056-7b34-4235-9713-8c479d8d3975","citsi","ˈʃitsi","gismu","<u class=""se_basna"" title=""アクセント"">ci</u>tsi","<var class=""x1"">x<sub>1</sub></var> は <var class=""x2"">x<sub>2</sub></var> (性質 / 周期特性)・ <var class=""x3"">x<sub>3</sub></var> (年)の季節","<li>季節</li>",,"<li>&lt;嫉妬つい出る&gt;</li><li>質の季節</li>","<li><a href=""https://jbovlaste.lojban.org/dict/cedra?bg=1;langidarg=10"" title=""x1 は x2 (事 / 物 / 性質 / 間隔)を特徴とする時代 / 時期 / 年代""><u class=""se_basna"">ce</u>dra</a></li><li><a href=""https://jbovlaste.lojban.org/dict/crisa?bg=1;langidarg=10"" title=""x1 は x2 (年)・ x3 (所)の夏季"">c<u class=""se_basna"">ri</u>sa</a></li><li><a href=""https://jbovlaste.lojban.org/dict/critu?bg=1;langidarg=10"" title=""x1 は x2 (年)・ x3 (所)の秋季"">c<u class=""se_basna"">ri</u>tu</a></li><li><a href=""https://jbovlaste.lojban.org/dict/dunra?bg=1;langidarg=10"" title=""x1 は x2 (年)・ x3 (所)の冬季""><u class=""se_basna"">du</u>nra</a></li><li><a href=""https://jbovlaste.lojban.org/dict/ranji?bg=1;langidarg=10"" title=""x1 (事 / 性質)は x2 (時間 / 期間)にわたって継続する / 続く""><u class=""se_basna"">ra</u>nji</a></li><li><a href=""https://jbovlaste.lojban.org/dict/temci?bg=1;langidarg=10"" title=""x1 は x2 (時点)から x3 (時点)までの間隔 / 経過 / 時間""><u class=""se_basna"">te</u>mci</a></li><li><a href=""https://jbovlaste.lojban.org/dict/vensa?bg=1;langidarg=10"" title=""x1 は x2 (年)・ x3 (所)の春季""><u class=""se_basna"">ve</u>nsa</a></li><li><a href=""https://jbovlaste.lojban.org/dict/jbena?bg=1;langidarg=10"" title=""x1 は x2 (産主)による x3 (日時)・ x4 (所)の生まれである; x2 は x1 の産みの親"">j<u class=""se_basna"">be</u>na</a></li>",,"C1::etc","[sound:citsi.flac]"
"ee24aca3-89ae-4257-b4de-10410b2d44ff","claxu","ʃˈlaxu","gismu","c<u class=""se_basna"" title=""アクセント"">la</u>xu","<var class=""x1"">x<sub>1</sub></var> は <var class=""x2"">x<sub>2</sub></var> を欠く; <var class=""x1"">x<sub>1</sub></var> は <var class=""x2"">x<sub>2</sub></var> 無し","<li>欠く</li>","<li>cau</li>","<li>面白み欠く素面</li>","<li><a href=""https://jbovlaste.lojban.org/dict/cau?bg=1;langidarg=10"" title=""〜が欠いて : claxu 法制詞, x1"">cau</a></li><li><a href=""https://jbovlaste.lojban.org/dict/cirko?bg=1;langidarg=10"" title=""x1 は x2 (物 / 者)を x3 (所)で失う; x1 は x2 (性質)を x3 (状況)で失う""><u class=""se_basna"">ci</u>rko</a></li><li><a href=""https://jbovlaste.lojban.org/dict/kunti?bg=1;langidarg=10"" title=""x1 は x2 (内容)が無い; x1 は空っぽ""><u class=""se_basna"">ku</u>nti</a></li><li><a href=""https://jbovlaste.lojban.org/dict/nitcu?bg=1;langidarg=10"" title=""x1 は x2 を x3 (目的 / 行動)のために要する; x2 が x1 には必要""><u class=""se_basna"">ni</u>tcu</a></li><li><a href=""https://jbovlaste.lojban.org/dict/pindi?bg=1;langidarg=10"" title=""x1 は x2 (性質)に関して貧乏 / 貧しい / 貧窮している""><u class=""se_basna"">pi</u>ndi</a></li><li><a href=""https://jbovlaste.lojban.org/dict/banzu?bg=1;langidarg=10"" title=""x1 は x2 (目的)に関して x3 (条件)において足りる / 充分""><u class=""se_basna"">ba</u>nzu</a></li>",,"C1::etc","[sound:claxu.flac]"
"1354e961-c1a0-4d07-960b-93a4f41ca007","cmana","ʃˈmana","gismu","c<u class=""se_basna"" title=""アクセント"">ma</u>na","<var class=""x1"">x<sub>1</sub></var> は <var class=""x2"">x<sub>2</sub></var> から突き出ている山","<li>山</li>","<li>ma'a</li>","<li>島なし山国</li>","<li><a href=""https://jbovlaste.lojban.org/dict/punli?bg=1;langidarg=10"" title=""x1 は x2 (箇所)における、 x3 (素材)の突起 / 隆起 / ふくらみ / 凸""><u class=""se_basna"">pu</u>nli</a></li><li><a href=""https://jbovlaste.lojban.org/dict/derxi?bg=1;langidarg=10"" title=""x1 は x2 (物質)・ x3 (所)の堆積 / やま / 積み重ね""><u class=""se_basna"">de</u>rxi</a></li>",,"C1::etc","[sound:cmana.flac]"
"78ea577d-4826-4fbf-bbd6-9270d6589a77","facki","ˈfaʃki","gismu","<u class=""se_basna"" title=""アクセント"">fa</u>cki","<var class=""x1"">x<sub>1</sub></var> は <var class=""x2"">x<sub>2</sub></var> (命題)を <var class=""x3"">x<sub>3</sub></var> (題目)について発見する; <var class=""x1"">x<sub>1</sub></var> は <var class=""x3"">x<sub>3</sub></var> (物)を見つける / 探し当てる","<li>発見</li>","<li>fak</li><li>fa'i</li>",,"<li><a href=""https://jbovlaste.lojban.org/dict/cirko?bg=1;langidarg=10"" title=""x1 は x2 (物 / 者)を x3 (所)で失う; x1 は x2 (性質)を x3 (状況)で失う""><u class=""se_basna"">ci</u>rko</a></li><li><a href=""https://jbovlaste.lojban.org/dict/djuno?bg=1;langidarg=10"" title=""x1 は x2 (命題)・ x3 (題目)を x4 (認識体系)で知る""><u class=""se_basna"">dju</u>no</a></li><li><a href=""https://jbovlaste.lojban.org/dict/jijnu?bg=1;langidarg=10"" title=""x1 は x2 (命題)を x3 (題目)について直感する / 勘づく""><u class=""se_basna"">ji</u>jnu</a></li><li><a href=""https://jbovlaste.lojban.org/dict/smadi?bg=1;langidarg=10"" title=""x1 は x2 (命題)を、 x3 (題目)について推測する"">s<u class=""se_basna"">ma</u>di</a></li><li><a href=""https://jbovlaste.lojban.org/dict/sisku?bg=1;langidarg=10"" title=""x1 は x2 (性質)を x3 (集合)の中に探し求める / 模索する""><u class=""se_basna"">si</u>sku</a></li>","<div class=""mupli""><p lang=""jbo"">pu facki lo du'u lo mi mamta cu zvati la kordoban.</p><p lang=""ja"">私の母はコルドバに居るということがわかった</p></div>","C1::etc","[sound:facki.flac]"
"6d69da76-2356-4f79-8500-1c97dd5b523c","farna","ˈfarna","gismu","<u class=""se_basna"" title=""アクセント"">fa</u>rna","<var class=""x1"">x<sub>1</sub></var> は <var class=""x2"">x<sub>2</sub></var> (物 / 事)・ <var class=""x3"">x<sub>3</sub></var> (照合枠)の向き / 方向 / 方角; <var class=""x3"">x<sub>3</sub></var> から観て <var class=""x2"">x<sub>2</sub></var> は <var class=""x1"">x<sub>1</sub></var> のほうにある","<li>方向</li>","<li>far</li><li>fa'a</li>","<li>&lt;ファーをなくす方向&gt;</li><li>fan(方)</li><li>direction</li>","<li><a href=""https://jbovlaste.lojban.org/dict/zunle?bg=1;langidarg=10"" title=""x1 は x2 に対して x3 (照合枠)における左方 / 左側""><u class=""se_basna"">zu</u>nle</a></li><li><a href=""https://jbovlaste.lojban.org/dict/pritu?bg=1;langidarg=10"" title=""x1 は x2 に対して x3 (照合枠)における右方 / 右側"">p<u class=""se_basna"">ri</u>tu</a></li><li><a href=""https://jbovlaste.lojban.org/dict/galtu?bg=1;langidarg=10"" title=""x1 は x2 (照合枠)・ x3 (基点)において高い""><u class=""se_basna"">ga</u>ltu</a></li><li><a href=""https://jbovlaste.lojban.org/dict/gapru?bg=1;langidarg=10"" title=""x1 は x2 に対して x3 (照合枠)における上方 / 上側""><u class=""se_basna"">ga</u>pru</a></li><li><a href=""https://jbovlaste.lojban.org/dict/cnita?bg=1;langidarg=10"" title=""x1 は x2 に対して x3 (照合枠)における下方 / 下側"">c<u class=""se_basna"">ni</u>ta</a></li><li><a href=""https://jbovlaste.lojban.org/dict/dizlo?bg=1;langidarg=10"" title=""x1 は x2 (照合枠)・ x3 (基点)において低い""><u class=""se_basna"">di</u>zlo</a></li><li><a href=""https://jbovlaste.lojban.org/dict/berti?bg=1;langidarg=10"" title=""x1 は x2 にたいして x3 (照合枠)で北方 / 北側""><u class=""se_basna"">be</u>rti</a></li><li><a href=""https://jbovlaste.lojban.org/dict/snanu?bg=1;langidarg=10"" title=""x1 は x2 に対して x3 (照合枠)における南方 / 南側"">s<u class=""se_basna"">na</u>nu</a></li><li><a href=""https://jbovlaste.lojban.org/dict/stuna?bg=1;langidarg=10"" title=""x1 は x2 に対して x3 (照合枠)における東方 / 東側"">s<u class=""se_basna"">tu</u>na</a></li><li><a href=""https://jbovlaste.lojban.org/dict/stici?bg=1;langidarg=10"" title=""x1 は x2 に対して x3 (照合枠)における西方 / 西側"">s<u class=""se_basna"">ti</u>ci</a></li><li><a href=""https://jbovlaste.lojban.org/dict/purci?bg=1;langidarg=10"" title=""x1 は x2 (時点)よりも以前 / 過去; x1 は先人""><u class=""se_basna"">pu</u>rci</a></li><li><a href=""https://jbovlaste.lojban.org/dict/balvi?bg=1;langidarg=10"" title=""x1 は x2 よりも未来 / 後発; x1 は後者; x2 は前者""><u class=""se_basna"">ba</u>lvi</a></li><li><a href=""https://jbovlaste.lojban.org/dict/lidne?bg=1;langidarg=10"" title=""x1 は x2 を、 x3 (序列)において先行する / 先立つ / 率先する; x2 は x1 に続く; x1 は前者; x2 は後者""><u class=""se_basna"">li</u>dne</a></li>",,"C1::etc","[sound:farna.flac]"
"0c58e8fd-7f28-41fc-a6fc-902fd5b8fcb9","finpe","ˈfinpɛ","gismu","<u class=""se_basna"" title=""アクセント"">fi</u>npe","<var class=""x1"">x<sub>1</sub></var> は <var class=""x2"">x<sub>2</sub></var> (種類)の魚","<li>魚</li>","<li>fip</li><li>fi'e</li>",,"<li><a href=""https://jbovlaste.lojban.org/dict/danlu?bg=1;langidarg=10"" title=""x1 は x2 (種類)の動物""><u class=""se_basna"">da</u>nlu</a></li>",,"C1::etc","[sound:finpe.flac]"
"af151ee5-547e-462d-87b4-fc8b5e25258b","grana","gˈrana","gismu","g<u class=""se_basna"" title=""アクセント"">ra</u>na","<var class=""x1"">x<sub>1</sub></var> は <var class=""x2"">x<sub>2</sub></var> (素材)の杖 / さお / ステッキ / ロッド","<li>杖</li>","<li>ga'a</li>","<li>ぐらぐらな杖</li>","<li><a href=""https://jbovlaste.lojban.org/dict/garna?bg=1;langidarg=10"" title=""x1 は x2 を支える / 抑える、 x3 (素材)のレール / 線路 / 横木 / 手すり / 軌条 / バー""><u class=""se_basna"">ga</u>rna</a></li>",,"C1::etc","[sound:grana.flac]"
"4fe6b96f-fc67-4c21-8bed-57674b6b1454","jatna","ˈʒatna","gismu","<u class=""se_basna"" title=""アクセント"">ja</u>tna","<var class=""x1"">x<sub>1</sub></var> は <var class=""x2"">x<sub>2</sub></var> (活動領域 / 権限範疇)における指揮者 / 指導者 / 首領 / 長 / リーダー / キャプテン","<li>指揮者</li>","<li>ja'a</li>","<li>長じゃとな!?</li>","<li><a href=""https://jbovlaste.lojban.org/dict/jitro?bg=1;langidarg=10"" title=""x1 は x2 を x3 (動作 / 事)に関して制御 / 指揮 / 引率する""><u class=""se_basna"">ji</u>tro</a></li><li><a href=""https://jbovlaste.lojban.org/dict/lidne?bg=1;langidarg=10"" title=""x1 は x2 を、 x3 (序列)において先行する / 先立つ / 率先する; x2 は x1 に続く; x1 は前者; x2 は後者""><u class=""se_basna"">li</u>dne</a></li><li><a href=""https://jbovlaste.lojban.org/dict/te?bg=1;langidarg=10"" title=""x1-x3 転換 : selbri の左に付いてPSの x1 と x3 を転換する"">te</a> <a href=""https://jbovlaste.lojban.org/dict/bende?bg=1;langidarg=10"" title=""x1 は x2 (者達)・ x3 (引率者)からなる、 x4 (目的)のための仲間 / チーム / 乗組員 / バンド / 班""><u class=""se_basna"">be</u>nde</a></li><li><a href=""https://jbovlaste.lojban.org/dict/minde?bg=1;langidarg=10"" title=""x1 は x2 (者)に x3 (事)が起こるよう / を行うよう命令 / 指令 / 指図する""><u class=""se_basna"">mi</u>nde</a></li><li><a href=""https://jbovlaste.lojban.org/dict/ralju?bg=1;langidarg=10"" title=""x1 は x2 (集合)・ x3 (性質)において主要 / 大本""><u class=""se_basna"">ra</u>lju</a></li><li><a href=""https://jbovlaste.lojban.org/dict/gidva?bg=1;langidarg=10"" title=""x1 (者 / 物 / 事)は x2 (者)を x3 (事)について案内する""><u class=""se_basna"">gi</u>dva</a></li><li><a href=""https://jbovlaste.lojban.org/dict/bloti?bg=1;langidarg=10"" title=""x1 は x2 (客 / 荷)・ x3 (原動力)の船 / ボート"">b<u class=""se_basna"">lo</u>ti</a></li>",,"C1::etc","[sound:jatna.flac]"
"5749b765-ca45-41dc-9089-3f3d7b6a5a99","jdini","ʒˈdini","gismu","j<u class=""se_basna"" title=""アクセント"">di</u>ni","<var class=""x1"">x<sub>1</sub></var> は <var class=""x2"">x<sub>2</sub></var> (発行源)のお金; <var class=""x1"">x<sub>1</sub></var> は金融","<li>金(かね)</li>","<li>din</li><li>di'i</li>",,"<li><a href=""https://jbovlaste.lojban.org/dict/fepni?bg=1;langidarg=10"" title=""x1 は x2 (数量)・ x3 (通貨体系)の下位単位 / 銭 / セント / コペック""><u class=""se_basna"">fe</u>pni</a></li><li><a href=""https://jbovlaste.lojban.org/dict/jdima?bg=1;langidarg=10"" title=""x1 (量)は x2 (商品)の、 x3 (買い手)に対して x4 (売り手)が設定した価格 / 値段"">j<u class=""se_basna"">di</u>ma</a></li><li><a href=""https://jbovlaste.lojban.org/dict/rupnu?bg=1;langidarg=10"" title=""x1 は x2 (数量)の、 x3 (通貨体系)の上位単位 / 円 / ドル / ユーロ""><u class=""se_basna"">ru</u>pnu</a></li><li><a href=""https://jbovlaste.lojban.org/dict/sicni?bg=1;langidarg=10"" title=""x1 は x2 (発行源)・ x3 (価値)・ x4 (素材)の硬貨 / コイン""><u class=""se_basna"">si</u>cni</a></li><li><a href=""https://jbovlaste.lojban.org/dict/canja?bg=1;langidarg=10"" title=""x1 は x2 (差し出す対象)を x3 (受け取る対象)と、 x4 と交換する; x1 ・ x4 は貿易業者 / 投機家 / 相場師 / 物々交換する者""><u class=""se_basna"">ca</u>nja</a></li><li><a href=""https://jbovlaste.lojban.org/dict/rupnu?bg=1;langidarg=10"" title=""x1 は x2 (数量)の、 x3 (通貨体系)の上位単位 / 円 / ドル / ユーロ""><u class=""se_basna"">ru</u>pnu</a></li>",,"C1::etc","[sound:jdini.flac]"
"52b7f87c-0270-4c0b-9793-12d1ec6fbac9","jinsa","ˈʒinsa","gismu","<u class=""se_basna"" title=""アクセント"">ji</u>nsa","<var class=""x1"">x<sub>1</sub></var> は <var class=""x2"">x<sub>2</sub></var> (汚れ)を <var class=""x3"">x<sub>3</sub></var> (観点)において持っていない; <var class=""x1"">x<sub>1</sub></var> は汚れていない / 清らか","<li>清らか</li>","<li>jis</li>","<li>清らかな人災</li>","<li><a href=""https://jbovlaste.lojban.org/dict/lumci?bg=1;langidarg=10"" title=""x1 は x2 の汚れ x3 を洗浄剤 / 用具 x4 で洗う""><u class=""se_basna"">lu</u>mci</a></li><li><a href=""https://jbovlaste.lojban.org/dict/jinru?bg=1;langidarg=10"" title=""x1 は x2 に漬かる / 浸かる / 沈む / 潜る""><u class=""se_basna"">ji</u>nru</a></li><li><a href=""https://jbovlaste.lojban.org/dict/curve?bg=1;langidarg=10"" title=""x1 は x2 (性質)に関して純粋""><u class=""se_basna"">cu</u>rve</a></li><li><a href=""https://jbovlaste.lojban.org/dict/sepli?bg=1;langidarg=10"" title=""x1 は x2 から x3 (区分 / 壁 / 間)によって離れている""><u class=""se_basna"">se</u>pli</a></li>",,"C1::etc","[sound:jinsa.flac]"
"29535f78-a91b-43e6-8b6e-b379f6b62ca9","junla","ˈʒunla","gismu","<u class=""se_basna"" title=""アクセント"">ju</u>nla","<var class=""x1"">x<sub>1</sub></var> は <var class=""x2"">x<sub>2</sub></var> (時間単位)を <var class=""x3"">x<sub>3</sub></var> (精度)・ <var class=""x4"">x<sub>4</sub></var> (方法)で計測する時計 / 計時器具","<li>時計</li>","<li>jul</li>",,"<li><a href=""https://jbovlaste.lojban.org/dict/cacra?bg=1;langidarg=10"" title=""x1 の継続時間は x2 (数)時間、 x3 (基準)で;x1 は x2 (数)時間かかる""><u class=""se_basna"">ca</u>cra</a></li><li><a href=""https://jbovlaste.lojban.org/dict/mentu?bg=1;langidarg=10"" title=""x1 は x2 (数)分の時間間隔、 x3 (基準)において""><u class=""se_basna"">me</u>ntu</a></li><li><a href=""https://jbovlaste.lojban.org/dict/snidu?bg=1;langidarg=10"" title=""x1 は x2 (数量)の、 x3 (基準)における秒"">s<u class=""se_basna"">ni</u>du</a></li><li><a href=""https://jbovlaste.lojban.org/dict/tcika?bg=1;langidarg=10"" title=""x1 (時 / 分 / 秒)は x2 (事)の、 x3 (日)・ x4 (所)における時刻""><u class=""se_basna"">tci</u>ka</a></li><li><a href=""https://jbovlaste.lojban.org/dict/temci?bg=1;langidarg=10"" title=""x1 は x2 (時点)から x3 (時点)までの間隔 / 経過 / 時間""><u class=""se_basna"">te</u>mci</a></li>",,"C1::etc","[sound:junla.flac]"
"8b11e21d-fa37-4c02-afa7-ecea9d4b4d13","kampu","ˈkampu","gismu","<u class=""se_basna"" title=""アクセント"">ka</u>mpu","<var class=""x1"">x<sub>1</sub></var> (性質)は <var class=""x2"">x<sub>2</sub></var> (集合)の間で普遍 / 一般的; <var class=""x1"">x<sub>1</sub></var> は普通","<li>普遍</li>","<li>kau</li>",,"<li><a href=""https://jbovlaste.lojban.org/dict/cafne?bg=1;langidarg=10"" title=""x1 (事)は x2 (基準)において頻繁 / しょっちゅう / 頻発する / よくある""><u class=""se_basna"">ca</u>fne</a></li><li><a href=""https://jbovlaste.lojban.org/dict/rirci?bg=1;langidarg=10"" title=""x1 は x2 (性質)に関して、 x3 (集合)において珍しい / 稀有""><u class=""se_basna"">ri</u>rci</a></li><li><a href=""https://jbovlaste.lojban.org/dict/fadni?bg=1;langidarg=10"" title=""x1 は x2 (性質)・ x3 (集合)において平凡 / 通常 / 普通""><u class=""se_basna"">fa</u>dni</a></li><li><a href=""https://jbovlaste.lojban.org/dict/cnano?bg=1;langidarg=10"" title=""x1 は性質 x2 (ka, ni)に関する、 x3 (集合)の観点 x4 (si'o)による標準 / 平均 / スタンダード"">c<u class=""se_basna"">na</u>no</a></li><li><a href=""https://jbovlaste.lojban.org/dict/tcaci?bg=1;langidarg=10"" title=""x1 は x2 の、 x3 (条件)における習慣 / 慣習 / 風習 / 慣行 / 習性 / 性癖 / 慣わし""><u class=""se_basna"">tca</u>ci</a></li><li><a href=""https://jbovlaste.lojban.org/dict/lakne?bg=1;langidarg=10"" title=""x1 (事)は x2 (条件)でありうる / 起こりうる / 蓋然的""><u class=""se_basna"">la</u>kne</a></li><li><a href=""https://jbovlaste.lojban.org/dict/cmima?bg=1;langidarg=10"" title=""x1 は x2 (集合)の成員 / メンバー; x1 は x2 に属する"">c<u class=""se_basna"">mi</u>ma</a></li><li><a href=""https://jbovlaste.lojban.org/dict/simxu?bg=1;langidarg=10"" title=""x1 (集合)は x2 (事 / 性質)の点で相互的 / 共通し合っている""><u class=""se_basna"">si</u>mxu</a></li>",,"C1::etc","[sound:kampu.flac]"
"e6062487-a5d2-4ee5-bed3-86334cdfbea8","kansa","ˈkansa","gismu","<u class=""se_basna"" title=""アクセント"">ka</u>nsa","<var class=""x1"">x<sub>1</sub></var> は <var class=""x2"">x<sub>2</sub></var> に、 <var class=""x3"">x<sub>3</sub></var> (事)において伴う / 付き添う; <var class=""x1"">x<sub>1</sub></var> と <var class=""x2"">x<sub>2</sub></var> は一緒","<li>伴う</li>","<li>kan</li>","<li>伴う監査</li>","<li><a href=""https://jbovlaste.lojban.org/dict/kagni?bg=1;langidarg=10"" title=""x1 は x2 (権限)・ x3 (目的)の会社 / 企業""><u class=""se_basna"">ka</u>gni</a></li><li><a href=""https://jbovlaste.lojban.org/dict/jorne?bg=1;langidarg=10"" title=""x1 は x2 (対象本体)と、 x3 (対象箇所)において結合 / 接続している; x1 と x2 は結束している""><u class=""se_basna"">jo</u>rne</a></li><li><a href=""https://jbovlaste.lojban.org/dict/gunma?bg=1;langidarg=10"" title=""x1 は x2 (要素)からなる群 / 団""><u class=""se_basna"">gu</u>nma</a></li><li><a href=""https://jbovlaste.lojban.org/dict/girzu?bg=1;langidarg=10"" title=""x1 は x2 (共通性質)・ x3 (集合)・ x4 (関係)の組 / チーム""><u class=""se_basna"">gi</u>rzu</a></li><li><a href=""https://jbovlaste.lojban.org/dict/lasna?bg=1;langidarg=10"" title=""x1 (者)は x2 を x3 に x4 (留め具)で留める / つなげる / くっつける / 縛る""><u class=""se_basna"">la</u>sna</a></li>",,"C1::etc","[sound:kansa.flac]"
"df1b13fa-e9c6-4118-8fae-2b9e88e0227e","kecti","ˈkɛʃti","gismu","<u class=""se_basna"" title=""アクセント"">ke</u>cti","<var class=""x1"">x<sub>1</sub></var> は <var class=""x2"">x<sub>2</sub></var> を <var class=""x3"">x<sub>3</sub></var> (事)について哀れむ / 慈しむ / かわいそうだと思う; <var class=""x1"">x<sub>1</sub></var> は慈悲的","<li>哀れむ</li>","<li>kec</li><li>ke'i</li>","<li>決してぃ哀れんではいませんよ。</li>","<li><a href=""https://jbovlaste.lojban.org/dict/cinmo?bg=1;langidarg=10"" title=""x1 は x2 (感情)を x3 について覚える; x1 は感情的 / ムードに浸っている""><u class=""se_basna"">ci</u>nmo</a></li><li><a href=""https://jbovlaste.lojban.org/dict/xendo?bg=1;langidarg=10"" title=""x1 (者)は x2 にたいして x3 (行為)で親切 / 優しい""><u class=""se_basna"">xe</u>ndo</a></li>",,"C1::etc","[sound:kecti.flac]"
"6d829714-3fa4-43e1-97fa-49cdcc98cd83","klaku","kˈlaku","gismu","k<u class=""se_basna"" title=""アクセント"">la</u>ku","<var class=""x1"">x<sub>1</sub></var> は <var class=""x2"">x<sub>2</sub></var> (涙)・ <var class=""x3"">x<sub>3</sub></var> (理由)で泣く","<li>泣く</li>","<li>kak</li>","<li>暗く泣く</li>","<li><a href=""https://jbovlaste.lojban.org/dict/badri?bg=1;langidarg=10"" title=""x1 は x2 (事)について悲しい / 落胆している; x2 は x1 を悲しませる""><u class=""se_basna"">ba</u>dri</a></li><li><a href=""https://jbovlaste.lojban.org/dict/krixa?bg=1;langidarg=10"" title=""x1 は x2 (音)を叫ぶ"">k<u class=""se_basna"">ri</u>xa</a></li>",,"C1::etc","[sound:klaku.flac]"
"cdcbaf16-cdb1-4e56-9989-07700e06d31e","lakne","ˈlaknɛ","gismu","<u class=""se_basna"" title=""アクセント"">la</u>kne","<var class=""x1"">x<sub>1</sub></var> (事)は <var class=""x2"">x<sub>2</sub></var> (条件)でありうる / 起こりうる / 蓋然的","<li>ありえる</li>","<li>la'e</li>","<li>ありえるくらい楽ね</li>","<li><a href=""https://jbovlaste.lojban.org/dict/cumki?bg=1;langidarg=10"" title=""x1 (事)は x2 (条件)においてありえる / 可能; x1 は可能性""><u class=""se_basna"">cu</u>mki</a></li><li><a href=""https://jbovlaste.lojban.org/dict/jinzi?bg=1;langidarg=10"" title=""x1 (性質)は x2 に内在する; x2 は本質的に x1""><u class=""se_basna"">ji</u>nzi</a></li><li><a href=""https://jbovlaste.lojban.org/dict/kampu?bg=1;langidarg=10"" title=""x1 (性質)は x2 (集合)の間で普遍 / 一般的; x1 は普通""><u class=""se_basna"">ka</u>mpu</a></li><li><a href=""https://jbovlaste.lojban.org/dict/tcaci?bg=1;langidarg=10"" title=""x1 は x2 の、 x3 (条件)における習慣 / 慣習 / 風習 / 慣行 / 習性 / 性癖 / 慣わし""><u class=""se_basna"">tca</u>ci</a></li><li><a href=""https://jbovlaste.lojban.org/dict/cunso?bg=1;langidarg=10"" title=""x1 は x2 (条件)において確率分布 x3 で無原則 / 無作為 / ランダム / でたらめ""><u class=""se_basna"">cu</u>nso</a></li><li><a href=""https://jbovlaste.lojban.org/dict/cafne?bg=1;langidarg=10"" title=""x1 (事)は x2 (基準)において頻繁 / しょっちゅう / 頻発する / よくある""><u class=""se_basna"">ca</u>fne</a></li><li><a href=""https://jbovlaste.lojban.org/dict/fadni?bg=1;langidarg=10"" title=""x1 は x2 (性質)・ x3 (集合)において平凡 / 通常 / 普通""><u class=""se_basna"">fa</u>dni</a></li><li><a href=""https://jbovlaste.lojban.org/dict/cnano?bg=1;langidarg=10"" title=""x1 は性質 x2 (ka, ni)に関する、 x3 (集合)の観点 x4 (si'o)による標準 / 平均 / スタンダード"">c<u class=""se_basna"">na</u>no</a></li>",,"C1::etc","[sound:lakne.flac]"
"a12153a0-cde6-4d77-969c-ba2db4610fb9","limna","ˈlimna","gismu","<u class=""se_basna"" title=""アクセント"">li</u>mna","<var class=""x1"">x<sub>1</sub></var> は <var class=""x2"">x<sub>2</sub></var> (液体)中を泳ぐ / 水泳する","<li>泳ぐ</li>","<li>lim</li>",,"<li><a href=""https://jbovlaste.lojban.org/dict/djacu?bg=1;langidarg=10"" title=""x1 は水; x1 は水溶性 / 含水の""><u class=""se_basna"">dja</u>cu</a></li><li><a href=""https://jbovlaste.lojban.org/dict/fulta?bg=1;langidarg=10"" title=""x1 は x2 (気体 / 液体)に浮かぶ; x1 は浮遊物""><u class=""se_basna"">fu</u>lta</a></li><li><a href=""https://jbovlaste.lojban.org/dict/klama?bg=1;langidarg=10"" title=""x1 は x2 (終点)に x3 (起点)から x4 (経路)を x5 (方法)で行く / 来る"">k<u class=""se_basna"">la</u>ma</a></li><li><a href=""https://jbovlaste.lojban.org/dict/litru?bg=1;langidarg=10"" title=""x1 は x2 (経路)を x3 (方法)で旅する; x1 は旅人""><u class=""se_basna"">li</u>tru</a></li>",,"C1::etc","[sound:limna.flac]"
"2530274a-e33b-4ee1-a839-e7a50736cff3","liste","ˈlistɛ","gismu","<u class=""se_basna"" title=""アクセント"">li</u>ste","<var class=""x1"">x<sub>1</sub></var> は <var class=""x2"">x<sub>2</sub></var> (集合)を <var class=""x3"">x<sub>3</sub></var> (序列)で <var class=""x4"">x<sub>4</sub></var> (媒体)に表した目録 / カタログ / リスト / 一覧 / 名簿 / ログ","<li>目録</li>","<li>ste</li>","<li>リスト</li>","<li><a href=""https://jbovlaste.lojban.org/dict/porsi?bg=1;langidarg=10"" title=""x1 (並んだ集合)は x2 (規則 / 基準)に従って x3 (不整理の集合)を序列 / 順番化したもの; x1 は列 / 連続体""><u class=""se_basna"">po</u>rsi</a></li><li><a href=""https://jbovlaste.lojban.org/dict/girzu?bg=1;langidarg=10"" title=""x1 は x2 (共通性質)・ x3 (集合)・ x4 (関係)の組 / チーム""><u class=""se_basna"">gi</u>rzu</a></li><li><a href=""https://jbovlaste.lojban.org/dict/cmima?bg=1;langidarg=10"" title=""x1 は x2 (集合)の成員 / メンバー; x1 は x2 に属する"">c<u class=""se_basna"">mi</u>ma</a></li>",,"C1::etc","[sound:liste.flac]"
"ab8820db-cc09-444d-8cb7-1f68010749ab","misno","ˈmisno","gismu","<u class=""se_basna"" title=""アクセント"">mi</u>sno","<var class=""x1"">x<sub>1</sub></var> (人 / 物 / 事)は <var class=""x2"">x<sub>2</sub></var> (群)の間で有名","<li>有名</li>","<li>mis</li><li>mi'o</li>","<li>ミスの有名な・・・</li>","<li><a href=""https://jbovlaste.lojban.org/dict/se?bg=1;langidarg=10"" title=""x1-x2 転換 : selbri の左に付いてPSの x1 と x2 を転換する"">se</a> <a href=""https://jbovlaste.lojban.org/dict/sinma?bg=1;langidarg=10"" title=""x1 は x2 を尊重・尊敬する; x2 は尊い""><u class=""se_basna"">si</u>nma</a></li><li><a href=""https://jbovlaste.lojban.org/dict/banli?bg=1;langidarg=10"" title=""x1 は x2 (性質)に関して x3 (基準)で偉大 / 壮大 / 尊大""><u class=""se_basna"">ba</u>nli</a></li>",,"C1::etc","[sound:misno.flac]"
"e8644a77-8896-4698-a188-e1f6e82bdea8","nitcu","ˈnitʃu","gismu","<u class=""se_basna"" title=""アクセント"">ni</u>tcu","<var class=""x1"">x<sub>1</sub></var> は <var class=""x2"">x<sub>2</sub></var> を <var class=""x3"">x<sub>3</sub></var> (目的 / 行動)のために要する; <var class=""x2"">x<sub>2</sub></var> が <var class=""x1"">x<sub>1</sub></var> には必要","<li>要する</li>","<li>tcu</li>","<li>要するにチュウ</li>","<li><a href=""https://jbovlaste.lojban.org/dict/banzu?bg=1;langidarg=10"" title=""x1 は x2 (目的)に関して x3 (条件)において足りる / 充分""><u class=""se_basna"">ba</u>nzu</a></li><li><a href=""https://jbovlaste.lojban.org/dict/cidja?bg=1;langidarg=10"" title=""x1 は x2 (摂食者)のための食べ物 / 食糧 / 餌; x1 は x2 に栄養価を与える; x1 は食用""><u class=""se_basna"">ci</u>dja</a></li><li><a href=""https://jbovlaste.lojban.org/dict/claxu?bg=1;langidarg=10"" title=""x1 は x2 を欠く; x1 は x2 無し"">c<u class=""se_basna"">la</u>xu</a></li><li><a href=""https://jbovlaste.lojban.org/dict/pindi?bg=1;langidarg=10"" title=""x1 は x2 (性質)に関して貧乏 / 貧しい / 貧窮している""><u class=""se_basna"">pi</u>ndi</a></li><li><a href=""https://jbovlaste.lojban.org/dict/xebni?bg=1;langidarg=10"" title=""x1 は x2 (物 / 者 / 事)を憎む; x1 は x2 にたいする怨恨を抱いている; x2 は憎らしい""><u class=""se_basna"">xe</u>bni</a></li><li><a href=""https://jbovlaste.lojban.org/dict/sarcu?bg=1;langidarg=10"" title=""x1 (抽象)は x2 (状態 / 過程)のために x3 (条件)のもと必須 / 欠かせない""><u class=""se_basna"">sa</u>rcu</a></li><li><a href=""https://jbovlaste.lojban.org/dict/lacri?bg=1;langidarg=10"" title=""x1 は x2 に依存して x3 (事 / 状態)の発生 / 保障 / 維持を求める; x1 は x2 を頼りに x3 を期待する""><u class=""se_basna"">la</u>cri</a></li><li><a href=""https://jbovlaste.lojban.org/dict/djica?bg=1;langidarg=10"" title=""x1 は x2 (事)を x3 (目的)のために欲する / 求める; x1 は x3 (目的)のために x2 (事)という欲求を満たしたい""><u class=""se_basna"">dji</u>ca</a></li><li><a href=""https://jbovlaste.lojban.org/dict/taske?bg=1;langidarg=10"" title=""x1 は(喉の)渇きを感じる; x1 は渇きで x2 を求める""><u class=""se_basna"">ta</u>ske</a></li><li><a href=""https://jbovlaste.lojban.org/dict/xagji?bg=1;langidarg=10"" title=""x1 は x2 に飢える; x1 は腹をすかしている / おなかがへっている; x1 は x2 (燃料 / 栄養)の補充を必要としている""><u class=""se_basna"">xa</u>gji</a></li>",,"C1::etc","[sound:nitcu.flac]"
"7eab9323-1896-4554-ae6b-4eac474fc98a","pacna","ˈpaʃna","gismu","<u class=""se_basna"" title=""アクセント"">pa</u>cna","<var class=""x1"">x<sub>1</sub></var> は <var class=""x2"">x<sub>2</sub></var> (事)を <var class=""x3"">x<sub>3</sub></var> (見込み / 確率 0-1)で期待する / 希望する / 願う; <var class=""x2"">x<sub>2</sub></var> は望まれている","<li>願う</li><li>期待する</li><li>希望する</li><li>望む</li>","<li>pa'a</li>",,"<li><a href=""https://jbovlaste.lojban.org/dict/djica?bg=1;langidarg=10"" title=""x1 は x2 (事)を x3 (目的)のために欲する / 求める; x1 は x3 (目的)のために x2 (事)という欲求を満たしたい""><u class=""se_basna"">dji</u>ca</a></li>",,"C1::etc","[sound:pacna.flac]"
"eb076c5a-5098-4b12-a786-0f461ac39fe1","ponse","ˈponsɛ","gismu","<u class=""se_basna"" title=""アクセント"">po</u>nse","<var class=""x1"">x<sub>1</sub></var> は <var class=""x2"">x<sub>2</sub></var> を <var class=""x3"">x<sub>3</sub></var> (法 / 慣習)のもと所有する","<li>所有</li>","<li>pos</li><li>po'e</li>","<li>所有ニッポン占有</li>","<li><a href=""https://jbovlaste.lojban.org/dict/ckini?bg=1;langidarg=10"" title=""x1 は x2 と x3 (関係性)によって繋がりがある / 同系"">c<u class=""se_basna"">ki</u>ni</a></li><li><a href=""https://jbovlaste.lojban.org/dict/ralte?bg=1;langidarg=10"" title=""x1 は x2 を保持 / 維持する""><u class=""se_basna"">ra</u>lte</a></li><li><a href=""https://jbovlaste.lojban.org/dict/jitro?bg=1;langidarg=10"" title=""x1 は x2 を x3 (動作 / 事)に関して制御 / 指揮 / 引率する""><u class=""se_basna"">ji</u>tro</a></li><li><a href=""https://jbovlaste.lojban.org/dict/steci?bg=1;langidarg=10"" title=""x1 (性質)は x2 (個)の x3 (集合)における特質 / 個性; x2 (個)は x1 (性質)の点で x3 (集合)において特別 / 特有だ"">s<u class=""se_basna"">te</u>ci</a></li><li><a href=""https://jbovlaste.lojban.org/dict/srana?bg=1;langidarg=10"" title=""x1 は x2 に関連する / 関係がある"">s<u class=""se_basna"">ra</u>na</a></li><li><a href=""https://jbovlaste.lojban.org/dict/tutra?bg=1;langidarg=10"" title=""x1 は x2 に属する / 管轄されている領域 / 領土 / 空間""><u class=""se_basna"">tu</u>tra</a></li><li><a href=""https://jbovlaste.lojban.org/dict/turni?bg=1;langidarg=10"" title=""x1 は x2 (民衆 / 領土 / 物)を統治 / 支配する / 治める; x1 は知事 / 支配者 / 君主""><u class=""se_basna"">tu</u>rni</a></li><li><a href=""https://jbovlaste.lojban.org/dict/zivle?bg=1;langidarg=10"" title=""x1 (者)は x2 (資源)を x3 (宛先)に、 x4 (収益)を期待して投資する""><u class=""se_basna"">zi</u>vle</a></li>",,"C1::etc","[sound:ponse.flac]"
"1b71badc-c21c-4146-9419-6a74e57a7c1d","ranji","ˈranʒi","gismu","<u class=""se_basna"" title=""アクセント"">ra</u>nji","<var class=""x1"">x<sub>1</sub></var> (事 / 性質)は <var class=""x2"">x<sub>2</sub></var> (時間 / 期間)にわたって継続する / 続く","<li>継続</li>","<li>ra'i</li>","<li>継続乱事</li><li>continue</li><li>ji(継)</li>","<li><a href=""https://jbovlaste.lojban.org/dict/temci?bg=1;langidarg=10"" title=""x1 は x2 (時点)から x3 (時点)までの間隔 / 経過 / 時間""><u class=""se_basna"">te</u>mci</a></li><li><a href=""https://jbovlaste.lojban.org/dict/kuspe?bg=1;langidarg=10"" title=""x1 は x2 (間隔 / 領域)にわたる; x2 は x1 の範囲 / 範疇""><u class=""se_basna"">ku</u>spe</a></li><li><a href=""https://jbovlaste.lojban.org/dict/renvi?bg=1;langidarg=10"" title=""x1 は x2 (事)を x3 (時間 / 期間)にわたって耐え抜く / 辛抱する / 我慢する; x1 は長持ちする""><u class=""se_basna"">re</u>nvi</a></li><li><a href=""https://jbovlaste.lojban.org/dict/cedra?bg=1;langidarg=10"" title=""x1 は x2 (事 / 物 / 性質 / 間隔)を特徴とする時代 / 時期 / 年代""><u class=""se_basna"">ce</u>dra</a></li><li><a href=""https://jbovlaste.lojban.org/dict/citsi?bg=1;langidarg=10"" title=""x1 は x2 (性質 / 周期特性)・ x3 (年)の季節""><u class=""se_basna"">ci</u>tsi</a></li><li><a href=""https://jbovlaste.lojban.org/dict/manfo?bg=1;langidarg=10"" title=""x1 (物 / 事)は x2 (性質)の点で均一 / 一様 / 同形 / 相同; x1 にはむらが無い""><u class=""se_basna"">ma</u>nfo</a></li><li><a href=""https://jbovlaste.lojban.org/dict/vitci?bg=1;langidarg=10"" title=""x1 は x2 (性質 / 動作 / 状態)に関して不定 / 不規則的 / 断続的""><u class=""se_basna"">vi</u>tci</a></li><li><a href=""https://jbovlaste.lojban.org/dict/cukla?bg=1;langidarg=10"" title=""x1 は(二次元的に)円い; x1 は円 / ディスク""><u class=""se_basna"">cu</u>kla</a></li><li><a href=""https://jbovlaste.lojban.org/dict/fliba?bg=1;langidarg=10"" title=""x1 は x2 (事)に失敗する; x1 は x2 を怠る"">f<u class=""se_basna"">li</u>ba</a></li><li><a href=""https://jbovlaste.lojban.org/dict/preja?bg=1;langidarg=10"" title=""x1 は x2 (拡張範囲)に x3 (初期範囲)から広がる"">p<u class=""se_basna"">re</u>ja</a></li><li><a href=""https://jbovlaste.lojban.org/dict/tcena?bg=1;langidarg=10"" title=""x1 は x2 (範囲)にわたり x3 (次元)において x4 (通常の範囲)から伸びる / 拡張する""><u class=""se_basna"">tce</u>na</a></li>",,"C1::etc","[sound:ranji.flac]"
"ff31e356-acf9-46a9-9e58-b8fe69e52c7d","renro","ˈrɛnro","gismu","<u class=""se_basna"" title=""アクセント"">re</u>nro","<var class=""x1"">x<sub>1</sub></var> は <var class=""x2"">x<sub>2</sub></var> を <var class=""x3"">x<sub>3</sub></var> (方向)に投げる","<li>投げる</li>","<li>rer</li><li>re'o</li>","<li>ren(扔)</li>","<li><a href=""https://jbovlaste.lojban.org/dict/cecla?bg=1;langidarg=10"" title=""x1 は x2 を x3 (原動力)で発射する;""><u class=""se_basna"">ce</u>cla</a></li><li><a href=""https://jbovlaste.lojban.org/dict/danti?bg=1;langidarg=10"" title=""x1 は x2 (装置)で撃つ弾頭 / 弾丸""><u class=""se_basna"">da</u>nti</a></li>",,"C1::etc","[sound:renro.flac]"
"6ba50d8b-379b-4ebe-8cb2-665c5a211df5","renvi","ˈrɛnvi","gismu","<u class=""se_basna"" title=""アクセント"">re</u>nvi","<var class=""x1"">x<sub>1</sub></var> は <var class=""x2"">x<sub>2</sub></var> (事)を <var class=""x3"">x<sub>3</sub></var> (時間 / 期間)にわたって耐え抜く / 辛抱する / 我慢する; <var class=""x1"">x<sub>1</sub></var> は長持ちする","<li>耐え抜く</li>","<li>rev</li><li>re'i</li>","<li>耐え抜く憐憫</li>","<li><a href=""https://jbovlaste.lojban.org/dict/ranji?bg=1;langidarg=10"" title=""x1 (事 / 性質)は x2 (時間 / 期間)にわたって継続する / 続く""><u class=""se_basna"">ra</u>nji</a></li><li><a href=""https://jbovlaste.lojban.org/dict/kuspe?bg=1;langidarg=10"" title=""x1 は x2 (間隔 / 領域)にわたる; x2 は x1 の範囲 / 範疇""><u class=""se_basna"">ku</u>spe</a></li><li><a href=""https://jbovlaste.lojban.org/dict/randa?bg=1;langidarg=10"" title=""x1 は x2 (力 / 者)にたいして x3 (条件)のもと降伏 / 降参 / 譲歩する""><u class=""se_basna"">ra</u>nda</a></li><li><a href=""https://jbovlaste.lojban.org/dict/lifri?bg=1;langidarg=10"" title=""x1 (者 / 事)は x2 (事)を経験する; x2 に x1 は見舞われる; x2 は経験的 / 実験上 / 実証可能""><u class=""se_basna"">li</u>fri</a></li><li><a href=""https://jbovlaste.lojban.org/dict/stali?bg=1;langidarg=10"" title=""x1 は x2 (場 / 性質 / 状態)に留まる"">s<u class=""se_basna"">ta</u>li</a></li><li><a href=""https://jbovlaste.lojban.org/dict/temci?bg=1;langidarg=10"" title=""x1 は x2 (時点)から x3 (時点)までの間隔 / 経過 / 時間""><u class=""se_basna"">te</u>mci</a></li>",,"C1::etc","[sound:renvi.flac]"
"ce66d3eb-66b3-4681-b056-8c1160b90800","senva","ˈsɛnva","gismu","<u class=""se_basna"" title=""アクセント"">se</u>nva","<var class=""x1"">x<sub>1</sub></var> は <var class=""x2"">x<sub>2</sub></var> (事)を夢見る; <var class=""x2"">x<sub>2</sub></var> は夢想 / 幻想","<li>夢</li>","<li>sev</li><li>sne</li>",,"<li><a href=""https://jbovlaste.lojban.org/dict/sipna?bg=1;langidarg=10"" title=""x1 は寝ている; x1 は眠る""><u class=""se_basna"">si</u>pna</a></li><li><a href=""https://jbovlaste.lojban.org/dict/xanri?bg=1;langidarg=10"" title=""x1 は x2 (者)による想像; x1 は架空 / 想像上のもの / 非現実""><u class=""se_basna"">xa</u>nri</a></li>",,"C1::etc","[sound:senva.flac]"
"9653cc28-7645-45d8-8e29-22eb9b28581d","serti","ˈsɛrti","gismu","<u class=""se_basna"" title=""アクセント"">se</u>rti","<var class=""x1"">x<sub>1</sub></var> は <var class=""x2"">x<sub>2</sub></var> (構造)・ <var class=""x3"">x<sub>3</sub></var> (段数)の階段","<li>階段</li>","<li>ser</li>","<li>stair</li><li>ti(梯)</li>","<li><a href=""https://jbovlaste.lojban.org/dict/stapa?bg=1;langidarg=10"" title=""x1 は x2 を x3 で踏む"">s<u class=""se_basna"">ta</u>pa</a></li><li><a href=""https://jbovlaste.lojban.org/dict/loldi?bg=1;langidarg=10"" title=""x1 は x2 の床 / 底面""><u class=""se_basna"">lo</u>ldi</a></li><li><a href=""https://jbovlaste.lojban.org/dict/senta?bg=1;langidarg=10"" title=""x1 は x2 (素材)・ x3 (構造)の層 / レイヤー""><u class=""se_basna"">se</u>nta</a></li>",,"C1::etc","[sound:serti.flac]"
"d462fc8b-bd1c-41de-8cd8-de82bcbc9025","sidju","ˈsidʒu","gismu","<u class=""se_basna"" title=""アクセント"">si</u>dju","<var class=""x1"">x<sub>1</sub></var> は <var class=""x2"">x<sub>2</sub></var> (者)を <var class=""x3"">x<sub>3</sub></var> (行動 / 事)に関して助ける","<li>助ける</li>","<li>dju</li>","<li>始終助ける djo 助</li><li>aid</li><li>ju(助)</li>","<li><a href=""https://jbovlaste.lojban.org/dict/si'u?bg=1;langidarg=10"" title=""〜が助けて / 〜が補助となって : sidju 法制詞, x1"">si'u</a></li><li><a href=""https://jbovlaste.lojban.org/dict/rirni?bg=1;langidarg=10"" title=""x1 は x2 の育ての親 / 保護者 / 保育者 / 養育者; x1 は x2 を育てる""><u class=""se_basna"">ri</u>rni</a></li><li><a href=""https://jbovlaste.lojban.org/dict/sarji?bg=1;langidarg=10"" title=""x1 は x2 を x3 (力 / 抵抗)にたいして x4 (仕組 / 道具 / 手段)によって補強する / 支持する""><u class=""se_basna"">sa</u>rji</a></li><li><a href=""https://jbovlaste.lojban.org/dict/vipsi?bg=1;langidarg=10"" title=""x1 は x2 (性質)に関して x3 (者)の副官 / 補佐官 / 部下; x3 は x1 の上司""><u class=""se_basna"">vi</u>psi</a></li><li><a href=""https://jbovlaste.lojban.org/dict/ferti?bg=1;langidarg=10"" title=""x1 は x2 の成長 / 発達に関して肥沃 / 豊穣 / 多産 / 多作""><u class=""se_basna"">fe</u>rti</a></li><li><a href=""https://jbovlaste.lojban.org/dict/selfu?bg=1;langidarg=10"" title=""x1 (者)は x2 (者)に x3 (行動)によって奉仕する; x1 は x2 の使用人""><u class=""se_basna"">se</u>lfu</a></li>","<div class=""mupli""><p lang=""jbo"">to'u ja'o tcima xamgu .inaja lo jikcre cu se sidju</p><p lang=""ja"">とにかくお天気ならば世間師は助かる</p></div>","C1::etc","[sound:sidju.flac]"
"3c9933bd-65c1-41f5-9898-2c4385a1fbe8","speni","sˈpɛni","gismu","s<u class=""se_basna"" title=""アクセント"">pe</u>ni","<var class=""x1"">x<sub>1</sub></var> は <var class=""x2"">x<sub>2</sub></var> と結婚している / の配偶者、 <var class=""x3"">x<sub>3</sub></var> (法律 / 規則 / 慣習)のもと","<li>結婚</li>","<li>spe</li>",,"<li><a href=""https://jbovlaste.lojban.org/dict/prami?bg=1;langidarg=10"" title=""x1 は x2 を愛する / にたいして愛情が湧く"">p<u class=""se_basna"">ra</u>mi</a></li><li><a href=""https://jbovlaste.lojban.org/dict/gletu?bg=1;langidarg=10"" title=""x1 は x2 と性交 / 交尾 / セックスする"">g<u class=""se_basna"">le</u>tu</a></li>",,"C1::etc","[sound:speni.flac]"
"45de9f53-79bd-4ab6-97b6-86221d7adae1","stapa","sˈtapa","gismu","s<u class=""se_basna"" title=""アクセント"">ta</u>pa","<var class=""x1"">x<sub>1</sub></var> は <var class=""x2"">x<sub>2</sub></var> を <var class=""x3"">x<sub>3</sub></var> で踏む","<li>踏む</li>","<li>tap</li>","<li>スタンプ</li>","<li><a href=""https://jbovlaste.lojban.org/dict/bajra?bg=1;langidarg=10"" title=""x1 は x2 (表面)を x3 (肢)・ x4 (調子)で走る""><u class=""se_basna"">ba</u>jra</a></li><li><a href=""https://jbovlaste.lojban.org/dict/plipe?bg=1;langidarg=10"" title=""x1 (者 / 物)は x2 (終点)に x3 (起点)から x4 (高さ)ほど x5 (動力)によって跳躍 / ジャンプする"">p<u class=""se_basna"">li</u>pe</a></li><li><a href=""https://jbovlaste.lojban.org/dict/cadzu?bg=1;langidarg=10"" title=""x1 は x2 (表面)を x3 (肢)で歩く""><u class=""se_basna"">ca</u>dzu</a></li><li><a href=""https://jbovlaste.lojban.org/dict/serti?bg=1;langidarg=10"" title=""x1 は x2 (構造)・ x3 (段数)の階段""><u class=""se_basna"">se</u>rti</a></li>",,"C1::etc","[sound:stapa.flac]"
"9647042a-7f73-4453-8d99-fbbe80dcd507","tcana","ˈtʃana","gismu","<u class=""se_basna"" title=""アクセント"">tca</u>na","<var class=""x1"">x<sub>1</sub></var> は <var class=""x2"">x<sub>2</sub></var> (交通 / コミュニケーション / 配給のネットワーク)の駅 / 局 / ノード","<li>駅</li>",,,"<li><a href=""https://jbovlaste.lojban.org/dict/dargu?bg=1;langidarg=10"" title=""x1 は x2 (終点)・ x3 (起点)・ x4 (経路)の道路 / 車道""><u class=""se_basna"">da</u>rgu</a></li><li><a href=""https://jbovlaste.lojban.org/dict/litru?bg=1;langidarg=10"" title=""x1 は x2 (経路)を x3 (方法)で旅する; x1 は旅人""><u class=""se_basna"">li</u>tru</a></li><li><a href=""https://jbovlaste.lojban.org/dict/pluta?bg=1;langidarg=10"" title=""x1 は x2 (終点)・ x3 (起点)・ x4 (途中の点の集合)の経路 / 道筋"">p<u class=""se_basna"">lu</u>ta</a></li><li><a href=""https://jbovlaste.lojban.org/dict/trene?bg=1;langidarg=10"" title=""x1 は車両 x2 (群れ)・線路網 / 軌道 x3 ・原動力 x4 の列車 / 鉄道 / 電車 / 汽車 / 地下鉄"">t<u class=""se_basna"">re</u>ne</a></li><li><a href=""https://jbovlaste.lojban.org/dict/ciste?bg=1;langidarg=10"" title=""x1 (lu'o)は構造 x2 を持ち、 x3 (構成要素の集合)からなる、性質 x4 (ka)を示す体系 / システム""><u class=""se_basna"">ci</u>ste</a></li><li><a href=""https://jbovlaste.lojban.org/dict/ve?bg=1;langidarg=10"" title=""x1-x4 転換 : selbri の左に付いてPSの x1 と x4 を転換する"">ve</a> <a href=""https://jbovlaste.lojban.org/dict/mrilu?bg=1;langidarg=10"" title=""x1 は x2 (郵便物 / 手紙 / Eメール)を x3 (終点)に x4 (始点)から x5 (ネットワーク / システム)によって送達する"">m<u class=""se_basna"">ri</u>lu</a></li><li><a href=""https://jbovlaste.lojban.org/dict/tivni?bg=1;langidarg=10"" title=""x1 は x2 (番組 / 放送内容)を x3 (媒体 / チャンネル)で x4 (受信機)にテレビ放送 / 映像通信する放送送信所 / 放送局""><u class=""se_basna"">ti</u>vni</a></li><li><a href=""https://jbovlaste.lojban.org/dict/cradi?bg=1;langidarg=10"" title=""x1 は x2 (放送内容 / 信号内容)を x3 (周波数)で x4 (受信機)に放送 / 通信する放送送信所 / 放送局 / 無線局"">c<u class=""se_basna"">ra</u>di</a></li><li><a href=""https://jbovlaste.lojban.org/dict/ve?bg=1;langidarg=10"" title=""x1-x4 転換 : selbri の左に付いてPSの x1 と x4 を転換する"">ve</a> <a href=""https://jbovlaste.lojban.org/dict/benji?bg=1;langidarg=10"" title=""x1 は x2 を x3 (受け手)に x4 (起源 / 送信元)から x5 (方法 / 媒体)によって送る / 届ける""><u class=""se_basna"">be</u>nji</a></li><li><a href=""https://jbovlaste.lojban.org/dict/fonxa?bg=1;langidarg=10"" title=""x1 は x2 (システム / ネットワーク)の電話端末 / モデム""><u class=""se_basna"">fo</u>nxa</a></li><li><a href=""https://jbovlaste.lojban.org/dict/dikca?bg=1;langidarg=10"" title=""x1 は x2 (媒体)・ x3 (特性)の電気""><u class=""se_basna"">di</u>kca</a></li><li><a href=""https://jbovlaste.lojban.org/dict/fatri?bg=1;langidarg=10"" title=""x1 (物)は x2 (受け手)に x3 (分け前)で分配 / 配当される / 割り当てられる""><u class=""se_basna"">fa</u>tri</a></li>",,"C1::etc","[sound:tcana.flac]"
"e29610a1-1b55-457d-82dd-a73cb1b24d85","tcima","ˈtʃima","gismu","<u class=""se_basna"" title=""アクセント"">tci</u>ma","<var class=""x1"">x<sub>1</sub></var> は <var class=""x2"">x<sub>2</sub></var> (所 / 地域)の気象 / 気候 / 天候 / 天気","<li>気象</li>","<li>tim</li><li>ti'a</li>","<li>天気がちまちま変わる</li>","<li><a href=""https://jbovlaste.lojban.org/dict/brife?bg=1;langidarg=10"" title=""x1 は x2 (起源)・ x3 (速度)の風; x1 は x2 から吹く; x2 は x1 を吹く"">b<u class=""se_basna"">ri</u>fe</a></li><li><a href=""https://jbovlaste.lojban.org/dict/bumru?bg=1;langidarg=10"" title=""x1 は x2 (液体成分)の霧 / 水蒸気 / もや; x1 は霧っぽい / もやもやしている / かすんでいる""><u class=""se_basna"">bu</u>mru</a></li><li><a href=""https://jbovlaste.lojban.org/dict/carvi?bg=1;langidarg=10"" title=""x1 は x2 (終点)に x3 (始点)から降る / 降り注ぐ; x1 はシャワー状""><u class=""se_basna"">ca</u>rvi</a></li><li><a href=""https://jbovlaste.lojban.org/dict/dilnu?bg=1;langidarg=10"" title=""x1 は x2 (物質)・ x3 (大気成分)・ x4 (層)の雲""><u class=""se_basna"">di</u>lnu</a></li><li><a href=""https://jbovlaste.lojban.org/dict/bratu?bg=1;langidarg=10"" title=""x1 は x2 (成分)のひょう / あられ / みぞれ"">b<u class=""se_basna"">ra</u>tu</a></li>","<div class=""mupli""><p lang=""jbo"">to'u ja'o tcima xamgu .inaja lo jikcre cu se sidju</p><p lang=""ja"">とにかくお天気ならば世間師は助かる</p></div>","C1::etc","[sound:tcima.flac]"
"38451583-39ca-4090-88c3-5a8f864b5589","tunta","ˈtunta","gismu","<u class=""se_basna"" title=""アクセント"">tu</u>nta","<var class=""x1"">x<sub>1</sub></var> (物)は <var class=""x2"">x<sub>2</sub></var> を刺す / 突く / 突き刺す / つつく; <var class=""x2"">x<sub>2</sub></var> は <var class=""x1"">x<sub>1</sub></var> に刺される","<li>突く</li>","<li>tun</li>",,"<li><a href=""https://jbovlaste.lojban.org/dict/balre?bg=1;langidarg=10"" title=""x1 は x2 (武器 / 道具)の刃""><u class=""se_basna"">ba</u>lre</a></li><li><a href=""https://jbovlaste.lojban.org/dict/dakfu?bg=1;langidarg=10"" title=""x1 は x2 (用途)・ x3 (素材)のナイフ / 包丁 / 刀 / 剣""><u class=""se_basna"">da</u>kfu</a></li><li><a href=""https://jbovlaste.lojban.org/dict/darxi?bg=1;langidarg=10"" title=""x1 は x2 (対象本体)・ x3 (対象箇所)を x4 で打つ / 叩く""><u class=""se_basna"">da</u>rxi</a></li><li><a href=""https://jbovlaste.lojban.org/dict/fanza?bg=1;langidarg=10"" title=""x1 (事)は x2 の気に障る / をいらいらさせる; x2 は x1 で苛つく; x1 は邪魔""><u class=""se_basna"">fa</u>nza</a></li><li><a href=""https://jbovlaste.lojban.org/dict/jicla?bg=1;langidarg=10"" title=""x1 (物 / 事 / 力)は x2 (液体 / 気体)をかき混ぜる""><u class=""se_basna"">ji</u>cla</a></li><li><a href=""https://jbovlaste.lojban.org/dict/katna?bg=1;langidarg=10"" title=""x1 (用具 / 刃 / 力)は x2 を切って x3 (部分)にする""><u class=""se_basna"">ka</u>tna</a></li><li><a href=""https://jbovlaste.lojban.org/dict/tikpa?bg=1;langidarg=10"" title=""x1 は x2 (対象本体)・ x3 (対象箇所)を x4 で蹴る""><u class=""se_basna"">ti</u>kpa</a></li>",,"C1::etc","[sound:tunta.flac]"
"4e477903-a516-4d02-a86f-37e90a50a12f","vorme","ˈvormɛ","gismu","<u class=""se_basna"" title=""アクセント"">vo</u>rme","<var class=""x1"">x<sub>1</sub></var> は <var class=""x2"">x<sub>2</sub></var> ・ <var class=""x3"">x<sub>3</sub></var> 間の、 <var class=""x4"">x<sub>4</sub></var> (構造体)の扉 / 戸口 / 出入口 / 門戸 / ドア","<li>扉</li>","<li>vor</li><li>vro</li>",,"<li><a href=""https://jbovlaste.lojban.org/dict/canko?bg=1;langidarg=10"" title=""x1 は x2 (壁 / 建物 / 構造)の窓 / 門 / 入口 / 出口 / 玄関""><u class=""se_basna"">ca</u>nko</a></li><li><a href=""https://jbovlaste.lojban.org/dict/ganlo?bg=1;langidarg=10"" title=""x1 は x2 (到達されないもの / 所)にたいして x3 (通過を妨げられているもの)にとって閉まっている; x1 は x3 が x2 へ達することを妨げる""><u class=""se_basna"">ga</u>nlo</a></li><li><a href=""https://jbovlaste.lojban.org/dict/kalri?bg=1;langidarg=10"" title=""x1 は x2 (通り抜けた先)へ x3 (通り抜けるもの)にとって開いている""><u class=""se_basna"">ka</u>lri</a></li><li><a href=""https://jbovlaste.lojban.org/dict/murta?bg=1;langidarg=10"" title=""x1 は x2 を遮る / 隠す、 x3 (素材)のカーテン / 窓掛け / ブラインド / 幕 / どんちょう""><u class=""se_basna"">mu</u>rta</a></li><li><a href=""https://jbovlaste.lojban.org/dict/pagre?bg=1;langidarg=10"" title=""x1 は x2 (対象)を x3 (側)へ x4 (側)から通過する / 貫通する / 通り抜ける""><u class=""se_basna"">pa</u>gre</a></li><li><a href=""https://jbovlaste.lojban.org/dict/bitmu?bg=1;langidarg=10"" title=""x1 は x2 ・ x3 を隔てる、 x4 (構造体)の壁 / 垣 / 塀 / フェンス""><u class=""se_basna"">bi</u>tmu</a></li><li><a href=""https://jbovlaste.lojban.org/dict/kuspe?bg=1;langidarg=10"" title=""x1 は x2 (間隔 / 領域)にわたる; x2 は x1 の範囲 / 範疇""><u class=""se_basna"">ku</u>spe</a></li>",,"C1::etc","[sound:vorme.flac]"
"6d19f1b9-8f56-470b-9eed-138cd7ca7916","jimpe","ˈʒimpɛ","gismu","<u class=""se_basna"" title=""アクセント"">ji</u>mpe","<var class=""x1"">x<sub>1</sub></var> は <var class=""x2"">x<sub>2</sub></var> (命題)を <var class=""x3"">x<sub>3</sub></var> (題目)について理解する; <var class=""x1"">x<sub>1</sub></var> は <var class=""x3"">x<sub>3</sub></var> がわかる","<li>理解する</li><li>分かる</li>","<li>jmi</li>",,"<li><a href=""https://jbovlaste.lojban.org/dict/djuno?bg=1;langidarg=10"" title=""x1 は x2 (命題)・ x3 (題目)を x4 (認識体系)で知る""><u class=""se_basna"">dju</u>no</a></li><li><a href=""https://jbovlaste.lojban.org/dict/jijnu?bg=1;langidarg=10"" title=""x1 は x2 (命題)を x3 (題目)について直感する / 勘づく""><u class=""se_basna"">ji</u>jnu</a></li><li><a href=""https://jbovlaste.lojban.org/dict/morna?bg=1;langidarg=10"" title=""x1 は x2 (様式 / 事)が x3 (構造)で表れているパターン / 型""><u class=""se_basna"">mo</u>rna</a></li><li><a href=""https://jbovlaste.lojban.org/dict/smuni?bg=1;langidarg=10"" title=""x1 は x2 (文字列 / 記号 / 表現)の、 x3 (者)が認識する意味 / 解釈; x3 は x2 を x1 と解釈する"">s<u class=""se_basna"">mu</u>ni</a></li><li><a href=""https://jbovlaste.lojban.org/dict/saske?bg=1;langidarg=10"" title=""x1 (事実群)は x2 (題目)・ x3 (方法論)の科学的知識""><u class=""se_basna"">sa</u>ske</a></li><li><a href=""https://jbovlaste.lojban.org/dict/viska?bg=1;langidarg=10"" title=""x1 は x2 を x3 (状態条件)のもと視覚する; x1 には x2 が見える; x1 には視覚能力 / 光学的感知能力がある""><u class=""se_basna"">vi</u>ska</a></li>",,"C1::etc","[sound:jimpe.flac]"
