"1b1a73e4-bcec-4c3b-b61e-50d5b9de74ae","cikre","ˈʃikrɛ","gismu","<u class=""se_basna"" title=""アクセント"">ci</u>kre","<var class=""x1"">x<sub>1</sub></var> は <var class=""x2"">x<sub>2</sub></var> を <var class=""x3"">x<sub>3</sub></var> (使用)のために修理 / 修復 / 修繕する / 直す","<var class=""x3"">x<sub>3</sub></var> のための修理であり、完全な修復とはかぎらない。","<li>修理</li>","<li class=""vomei-lerfu"">cikr</li>","<li>修理してくれ</li>","<li><a class=""gismu"" rel=""noreferrer"" href=""https://jbovlaste.lojban.org/dict/cfila"" title=""gismu: x1 (性質)は x2 の、 x3 (問題 / 厄介 / 危険)をもたらす欠陥 / 欠点 / 弱点 / 不備 / 短所 / 落度 / 過失""><u class=""se_basna"">cfi</u>la</a></li><li><a class=""gismu"" rel=""noreferrer"" href=""https://jbovlaste.lojban.org/dict/spofu"" title=""gismu: x1 は x2 (機能)に関して故障している / 使用不可能""><u class=""se_basna"">spo</u>fu</a></li>","","B1::etc","[sound:cikre.mp3]","<img alt=""金継ぎのイラスト"" src=""cikre.png"" title=""金継ぎのイラスト"" ondblclick=""location.href = &quot;https://www.irasutoya.com/2016/03/blog-post_43.html&quot;;"" />"
"b26547f2-92c2-4bff-863e-9d1325efd563","cortu","ˈʃortu","gismu","<u class=""se_basna"" title=""アクセント"">co</u>rtu","<var class=""x1"">x<sub>1</sub></var> (者)は <var class=""x2"">x<sub>2</sub></var> (箇所)に痛みを感じる; <var class=""x2"">x<sub>2</sub></var> が痛い","","<li>痛い</li>","<li class=""cimei-lerfu"">cor</li><li class=""cimei-lerfu"">cro</li><li class=""vomei-lerfu"">cort</li>","<li>hurt</li><li>tu(痛)</li>","<li><a class=""gismu"" rel=""noreferrer"" href=""https://jbovlaste.lojban.org/dict/cinmo"" title=""gismu: x1 は x2 (感情)を x3 について覚える; x1 は感情的 / ムードに浸っている""><u class=""se_basna"">ci</u>nmo</a></li><li><a class=""gismu"" rel=""noreferrer"" href=""https://jbovlaste.lojban.org/dict/xrani"" title=""gismu: x1 (事)は x2 (対象)に、 x3 (性質)に関して x4 (損傷 / ダメージ)を与える; x1 は x2 を傷つける / 傷める / 損害する""><u class=""se_basna"">xra</u>ni</a></li>","","B1::etc","[sound:cortu.mp3]","<img alt=""VRゲーム中に怪我をした人のイラスト"" src=""cortu.png"" title=""VRゲーム中に怪我をした人のイラスト"" ondblclick=""location.href = &quot;https://www.irasutoya.com/2016/07/vr_21.html&quot;;"" />"
"c22ee9e5-bb7b-4690-8828-06e85ea172d7","cukta","ˈʃukta","gismu","<u class=""se_basna"" title=""アクセント"">cu</u>kta","<var class=""x1"">x<sub>1</sub></var> は <var class=""x2"">x<sub>2</sub></var> (内容)・ <var class=""x3"">x<sub>3</sub></var> (著者)・ <var class=""x4"">x<sub>4</sub></var> (読者)・ <var class=""x5"">x<sub>5</sub></var> (媒体)の本 / 文献","「インターネット・サイト」なども。","<li>本</li>","<li class=""cimei-lerfu"">cku</li><li class=""vomei-lerfu"">cukt</li>","<li>cu(書)</li><li>book</li>","<li><a class=""gismu"" rel=""noreferrer"" href=""https://jbovlaste.lojban.org/dict/cfika"" title=""gismu: x1 は x2 (内容)・ x3 (著者)のフィクション作品""><u class=""se_basna"">cfi</u>ka</a></li><li><a class=""gismu"" rel=""noreferrer"" href=""https://jbovlaste.lojban.org/dict/prina"" title=""gismu: x1 は x2 (媒体)・ x3 (装置)による印刷物 / プリント""><u class=""se_basna"">pri</u>na</a></li><li><a class=""gismu"" rel=""noreferrer"" href=""https://jbovlaste.lojban.org/dict/prosa"" title=""gismu: x1 は x2 (主題)・ x3 (作者)・ x4 (読者)の散文""><u class=""se_basna"">pro</u>sa</a></li><li><a class=""gismu"" rel=""noreferrer"" href=""https://jbovlaste.lojban.org/dict/tcidu"" title=""gismu: x1 は x2 (文字列)を x3 (表面 / 書物)から読む""><u class=""se_basna"">tci</u>du</a></li><li><a class=""gismu"" rel=""noreferrer"" href=""https://jbovlaste.lojban.org/dict/papri"" title=""gismu: x1 は x2 (本 / 書類)のページ""><u class=""se_basna"">pa</u>pri</a></li>","","B1::etc","[sound:cukta.mp3]","<img alt=""山積みの本のイラスト"" src=""cukta.png"" title=""山積みの本のイラスト"" ondblclick=""location.href = &quot;https://www.irasutoya.com/2013/03/blog-post_2258.html&quot;;"" />"
"54d59fc7-7884-48d5-a908-bebc74255fcf","cusku","ˈʃusku","gismu","<u class=""se_basna"" title=""アクセント"">cu</u>sku","<var class=""x1"">x<sub>1</sub></var> (者)は <var class=""x2"">x<sub>2</sub></var> (内容)を <var class=""x3"">x<sub>3</sub></var> (聴衆)に <var class=""x4"">x<sub>4</sub></var> (媒体)で表す / 言う / 表現する","口言葉に限らない。","<li>表す</li>","<li class=""cimei-lerfu"">cus</li><li class=""cimei-lerfu"">sku</li><li class=""vomei-lerfu"">cusk</li>","","<li><a class=""gismu"" rel=""noreferrer"" href=""https://jbovlaste.lojban.org/dict/bacru"" title=""gismu: x1 は x2 (声 / 音)を発する""><u class=""se_basna"">ba</u>cru</a></li><li><a class=""gismu"" rel=""noreferrer"" href=""https://jbovlaste.lojban.org/dict/tavla"" title=""gismu: x1 (者)は x2 (者)に x3 (題目)について x4 (言語)で話す / 語る""><u class=""se_basna"">ta</u>vla</a></li><li><a class=""gismu"" rel=""noreferrer"" href=""https://jbovlaste.lojban.org/dict/casnu"" title=""gismu: x1 (群)は x2 (題目)について話し合う / 検討 / 討議 / 論議 / 談議 / 談合する""><u class=""se_basna"">ca</u>snu</a></li><li><a class=""gismu"" rel=""noreferrer"" href=""https://jbovlaste.lojban.org/dict/spuda"" title=""gismu: x1 は x2 (者 / 物 / 事)に x3 (動作 / 発言)で返信する""><u class=""se_basna"">spu</u>da</a></li><li><a class=""cmavo"" rel=""noreferrer"" href=""https://jbovlaste.lojban.org/dict/cu'u"" title=""cmavo: 〜が言って : cusku 法制詞, x1"">cu'u</a></li><li><a class=""gismu"" rel=""noreferrer"" href=""https://jbovlaste.lojban.org/dict/bangu"" title=""gismu: x1 は x2 (使用者)が x3 (概念 / 命題 / 文字列)を表すのに用いる言語; x2 は x1 語を話す""><u class=""se_basna"">ba</u>ngu</a></li><li><a class=""gismu"" rel=""noreferrer"" href=""https://jbovlaste.lojban.org/dict/dapma"" title=""gismu: x1 は x2 を x3 (運命)に呪いつける""><u class=""se_basna"">da</u>pma</a></li><li><a class=""gismu"" rel=""noreferrer"" href=""https://jbovlaste.lojban.org/dict/jufra"" title=""gismu: x1 (文字列)は x2 (題目)の、 x3 (言語)における文""><u class=""se_basna"">ju</u>fra</a></li><li><a class=""gismu"" rel=""noreferrer"" href=""https://jbovlaste.lojban.org/dict/pinka"" title=""gismu: x1 は x2 (主題)・ x3 (作者)・ x4 (読者)のコメント / 評言; x3 は x2 について x1 をコメントする""><u class=""se_basna"">pi</u>nka</a></li>","","B1::etc","[sound:cusku.mp3]","<img alt=""見ざる言わざる聞かざるのイラスト（バラバラ）"" src=""cusku.png"" title=""見ざる言わざる聞かざるのイラスト（バラバラ）"" ondblclick=""location.href = &quot;https://www.irasutoya.com/2015/12/blog-post_70.html&quot;;"" />"
"70f4366f-649d-4410-91cc-21f31feeadc4","cuxna","ˈʃuxna","gismu","<u class=""se_basna"" title=""アクセント"">cu</u>xna","<var class=""x1"">x<sub>1</sub></var> は <var class=""x2"">x<sub>2</sub></var> (選択肢)を <var class=""x3"">x<sub>3</sub></var> (集合)から選ぶ","","<li>選ぶ</li>","<li class=""cimei-lerfu"">cux</li><li class=""cimei-lerfu"">cu'a</li><li class=""vomei-lerfu"">cuxn</li>","<li>しゅくない中から選ぶ 主婦なら選ぶ</li>","<li><a class=""gismu"" rel=""noreferrer"" href=""https://jbovlaste.lojban.org/dict/jdice"" title=""gismu: x1 (者)は x2 (命題)であると x3 (事 / 状態)について決める / 定める / 決定する""><u class=""se_basna"">jdi</u>ce</a></li><li><a class=""gismu"" rel=""noreferrer"" href=""https://jbovlaste.lojban.org/dict/pajni"" title=""gismu: x1 は x2 (抽象(事 / 性質 / 量 / 真理値))について判断する / 審判する / 仲裁する""><u class=""se_basna"">pa</u>jni</a></li><li><a class=""gismu"" rel=""noreferrer"" href=""https://jbovlaste.lojban.org/dict/nelci"" title=""gismu: x1 は x2 (物 / 事)を好む / 好き / 気に入っている""><u class=""se_basna"">ne</u>lci</a></li>","","B1::etc","[sound:cuxna.mp3]","<img alt=""画像認証が出来ない人のイラスト（選択型）"" src=""cuxna.png"" title=""画像認証が出来ない人のイラスト（選択型）"" ondblclick=""location.href = &quot;https://www.irasutoya.com/2018/12/blog-post_335.html&quot;;"" />"
"7f3fb578-b900-4242-bd32-6cccf2b62438","danlu","ˈdanlu","gismu","<u class=""se_basna"" title=""アクセント"">da</u>nlu","<var class=""x1"">x<sub>1</sub></var> は <var class=""x2"">x<sub>2</sub></var> (種類)の動物","","<li>動物</li>","<li class=""cimei-lerfu"">dal</li><li class=""cimei-lerfu"">da'u</li><li class=""vomei-lerfu"">danl</li>","","<li><a class=""gismu"" rel=""noreferrer"" href=""https://jbovlaste.lojban.org/dict/banfi"" title=""gismu: x1 は x2 (種類)の両生綱 / 両生類動物""><u class=""se_basna"">ba</u>nfi</a></li><li><a class=""gismu"" rel=""noreferrer"" href=""https://jbovlaste.lojban.org/dict/cinki"" title=""gismu: x1 は x2 (種類)の昆虫綱(甲虫 / チョウ / ハエ / ハチ / カメムシ / バッタ / トンボ…目)""><u class=""se_basna"">ci</u>nki</a></li><li><a class=""gismu"" rel=""noreferrer"" href=""https://jbovlaste.lojban.org/dict/cipni"" title=""gismu: x1 は x2 (種類)のトリ綱(ダチョウ / キジ / カモ / カッコウ / オウム / ツバメ / フクロウ / ハト / ツル / コウノトリ / ペリカン / フラミンゴ / ペンギン…目)""><u class=""se_basna"">ci</u>pni</a></li><li><a class=""gismu"" rel=""noreferrer"" href=""https://jbovlaste.lojban.org/dict/finpe"" title=""gismu: x1 は x2 (種類)の魚""><u class=""se_basna"">fi</u>npe</a></li><li><a class=""gismu"" rel=""noreferrer"" href=""https://jbovlaste.lojban.org/dict/jukni"" title=""gismu: x1 は x2 (種類)のクモ属昆虫""><u class=""se_basna"">ju</u>kni</a></li><li><a class=""gismu"" rel=""noreferrer"" href=""https://jbovlaste.lojban.org/dict/respa"" title=""gismu: x1 は x2 (種類)の爬虫綱 / 爬虫類(カメ / トカゲ / ヘビ / ワニ)""><u class=""se_basna"">re</u>spa</a></li><li><a class=""gismu"" rel=""noreferrer"" href=""https://jbovlaste.lojban.org/dict/since"" title=""gismu: x1 は x2 (種類)のヘビ亜目動物(コブラ / ボア / ニシキヘビ等)""><u class=""se_basna"">si</u>nce</a></li><li><a class=""gismu"" rel=""noreferrer"" href=""https://jbovlaste.lojban.org/dict/mabru"" title=""gismu: x1 は x2 (種類)の哺乳綱動物""><u class=""se_basna"">ma</u>bru</a></li><li><a class=""gismu"" rel=""noreferrer"" href=""https://jbovlaste.lojban.org/dict/bakni"" title=""gismu: x1 は x2 (種類)のウシ属動物""><u class=""se_basna"">ba</u>kni</a></li>","","B1::etc","[sound:danlu.mp3]","<img alt=""大きな木に集まった動物たちのイラスト"" src=""danlu.png"" title=""大きな木に集まった動物たちのイラスト"" ondblclick=""location.href = &quot;https://www.irasutoya.com/2016/04/blog-post_184.html&quot;;"" />"
"e7781afb-087c-4e24-ae19-201aeb7b56c9","denpa","ˈdɛnpa","gismu","<u class=""se_basna"" title=""アクセント"">de</u>npa","<var class=""x1"">x<sub>1</sub></var> は <var class=""x2"">x<sub>2</sub></var> (事)を <var class=""x3"">x<sub>3</sub></var> (状態)ながら待つ、 <var class=""x4"">x<sub>4</sub></var> (事)の開始以前 / 再開以前に","<var class=""x4"">x<sub>4</sub></var> は待ったあとに行われる事。","<li>待つ</li>","<li class=""cimei-lerfu"">dep</li><li class=""cimei-lerfu"">de'a</li><li class=""vomei-lerfu"">denp</li>","<li>電波待つ</li>","<li><a class=""gismu"" rel=""noreferrer"" href=""https://jbovlaste.lojban.org/dict/dicra"" title=""gismu: x1 (事)は x2 (物 / 事)を x3 (妨害性質)によって阻止 / 中断 / 妨害する""><u class=""se_basna"">di</u>cra</a></li><li><a class=""gismu"" rel=""noreferrer"" href=""https://jbovlaste.lojban.org/dict/fanmo"" title=""gismu: x1 は x2 (物 / 過程)の終わり""><u class=""se_basna"">fa</u>nmo</a></li><li><a class=""gismu"" rel=""noreferrer"" href=""https://jbovlaste.lojban.org/dict/sisti"" title=""gismu: x1 (者)は x2 (動作 / 過程 / 状態)をやめる / 中止 / 終了する""><u class=""se_basna"">si</u>sti</a></li><li><a class=""gismu"" rel=""noreferrer"" href=""https://jbovlaste.lojban.org/dict/fliba"" title=""gismu: x1 は x2 (事)に失敗する; x1 は x2 を怠る""><u class=""se_basna"">fli</u>ba</a></li><li><a class=""gismu"" rel=""noreferrer"" href=""https://jbovlaste.lojban.org/dict/pandi"" title=""gismu: x1 (者)は x2 (表現)に x3 (記号 / 言葉)を打ち、 x4 (構文的 / 意味的効力)をもたらす; x3 は句読点""><u class=""se_basna"">pa</u>ndi</a></li>","","B1::etc","[sound:denpa.mp3]","<img alt=""メールを待つ人のイラスト（女性）"" src=""denpa.png"" title=""メールを待つ人のイラスト（女性）"" ondblclick=""location.href = &quot;https://www.irasutoya.com/2016/09/blog-post_828.html&quot;;"" />"
"7636c33b-1658-4d2a-bbcb-d909feea1a1f","dirba","ˈdirba","gismu","<u class=""se_basna"" title=""アクセント"">di</u>rba","<var class=""x1"">x<sub>1</sub></var> は <var class=""x2"">x<sub>2</sub></var> (者)にとって貴重 / あいらしい / 大切","感情的 / 精神的に重宝すること。 <var class=""x1"">x<sub>1</sub></var> は物だけでなく事や性質も。","<li>貴重</li>","<li class=""cimei-lerfu"">dib</li><li class=""vomei-lerfu"">dirb</li>","","<li><a class=""gismu"" rel=""noreferrer"" href=""https://jbovlaste.lojban.org/dict/tcika"" title=""gismu: x1 (時 / 分 / 秒)は x2 (事)の、 x3 (日)・ x4 (所)における時刻""><u class=""se_basna"">tci</u>ka</a></li><li><a class=""gismu"" rel=""noreferrer"" href=""https://jbovlaste.lojban.org/dict/kargu"" title=""gismu: x1 (物 / 性質 / 事)は x2 (者)・ x3 (基準)にとって高価 / 高額 / 高級""><u class=""se_basna"">ka</u>rgu</a></li><li><a class=""gismu"" rel=""noreferrer"" href=""https://jbovlaste.lojban.org/dict/vamji"" title=""gismu: x1 (数量 / 性質)は x2 (物 / 事)の、 x3 (観点)・ x4 (用途 / 査定)における価値; x2 は x3 にとって x1 の値打ちがある""><u class=""se_basna"">va</u>mji</a></li><li><a class=""gismu"" rel=""noreferrer"" href=""https://jbovlaste.lojban.org/dict/vajni"" title=""gismu: x1 (物 / 事)は x2 (人 / 事)にとって、 x3 (性質 / 理由)に関して重要 / 大事""><u class=""se_basna"">va</u>jni</a></li><li><a class=""gismu"" rel=""noreferrer"" href=""https://jbovlaste.lojban.org/dict/pleji"" title=""gismu: x1 は x2 (金 / 報酬)を x3 (者)に x4 (対価 / 商品 / サービス)のために支払う""><u class=""se_basna"">ple</u>ji</a></li><li><a class=""gismu"" rel=""noreferrer"" href=""https://jbovlaste.lojban.org/dict/jadni"" title=""gismu: x1 (物)は x2 を装飾する; x1 は x2 の飾り;""><u class=""se_basna"">ja</u>dni</a></li><li><a class=""gismu"" rel=""noreferrer"" href=""https://jbovlaste.lojban.org/dict/jemna"" title=""gismu: x1 は x2 (種類)・ x3 (原石資源 / 起源)の宝石""><u class=""se_basna"">je</u>mna</a></li>","","B1::etc","[sound:dirba.mp3]","<img alt=""三種の神器のイラスト"" src=""dirba.png"" title=""三種の神器のイラスト"" ondblclick=""location.href = &quot;https://www.irasutoya.com/2017/06/blog-post_199.html&quot;;"" />"
"666d0d29-28b4-4d06-a394-76d1217674f9","djica","ˈdʒiʃa","gismu","<u class=""se_basna"" title=""アクセント"">dji</u>ca","<var class=""x1"">x<sub>1</sub></var> は <var class=""x2"">x<sub>2</sub></var> (事)を <var class=""x3"">x<sub>3</sub></var> (目的)のために欲する / 求める; <var class=""x1"">x<sub>1</sub></var> は <var class=""x3"">x<sub>3</sub></var> (目的)のために <var class=""x2"">x<sub>2</sub></var> (事)という欲求を満たしたい","<var class=""x2"">x<sub>2</sub></var> にモノを入れたい場合は、「<span class=""cmavo"" ondblclick=""location.href = &quot;https://jbovlaste.lojban.org/dict/tu'a&quot;;"" title=""cmavo: 抽出 sumti : sumti の左に付いて、それが不特定の bridi から抽出したものであることを示す; lo nu/su'u [sumti] co'e に相当; 抽象的な sumti を要する terbri があるとき、 lo nu/su'u … の代わりに使える(mi troci lo nu kalri lo vorme → mi troci tu'a lo vorme)"">tu'a</span>」や「<span class=""cmavo"" ondblclick=""location.href = &quot;https://jbovlaste.lojban.org/dict/zo'e&quot;;"" title=""cmavo: 不特定 sumti : 代詞(sumti)"">zo'e</span> <span class=""cmavo"" ondblclick=""location.href = &quot;https://jbovlaste.lojban.org/dict/pe&quot;;"" title=""cmavo: 関連 sumti (制限) : 関係詞(制限); 左の sumti が表しうる対象のうち、右の sumti に関連するものだけを特に指定する"">pe</span>」を使う。本能的欲求も。","","<li class=""cimei-lerfu"">dji</li><li class=""vomei-lerfu"">djic</li>","","<li><a class=""gismu"" rel=""noreferrer"" href=""https://jbovlaste.lojban.org/dict/taske"" title=""gismu: x1 は(喉の)渇きを感じる; x1 は渇きで x2 を求める""><u class=""se_basna"">ta</u>ske</a></li><li><a class=""gismu"" rel=""noreferrer"" href=""https://jbovlaste.lojban.org/dict/xagji"" title=""gismu: x1 は x2 に飢える; x1 は腹をすかしている / おなかがへっている; x1 は x2 (燃料 / 栄養)の補充を必要としている""><u class=""se_basna"">xa</u>gji</a></li><li><a class=""gismu"" rel=""noreferrer"" href=""https://jbovlaste.lojban.org/dict/mukti"" title=""gismu: x1 (事)は x2 (事)を x3 (者)に動機する; x3 は x1 に鼓舞されて x2 をする""><u class=""se_basna"">mu</u>kti</a></li><li><a class=""gismu"" rel=""noreferrer"" href=""https://jbovlaste.lojban.org/dict/nitcu"" title=""gismu: x1 は x2 を x3 (目的 / 行動)のために要する; x2 が x1 には必要""><u class=""se_basna"">ni</u>tcu</a></li><li><a class=""gismu"" rel=""noreferrer"" href=""https://jbovlaste.lojban.org/dict/nelci"" title=""gismu: x1 は x2 (物 / 事)を好む / 好き / 気に入っている""><u class=""se_basna"">ne</u>lci</a></li><li><a class=""gismu"" rel=""noreferrer"" href=""https://jbovlaste.lojban.org/dict/pacna"" title=""gismu: x1 は x2 (事)を x3 (見込み / 確率 0-1)で期待する / 希望する / 願う; x2 は望まれている""><u class=""se_basna"">pa</u>cna</a></li><li><a class=""gismu"" rel=""noreferrer"" href=""https://jbovlaste.lojban.org/dict/prami"" title=""gismu: x1 は x2 を愛する / にたいして愛情が湧く""><u class=""se_basna"">pra</u>mi</a></li><li><a class=""gismu"" rel=""noreferrer"" href=""https://jbovlaste.lojban.org/dict/rigni"" title=""gismu: x1 は x2 (者)にとって x3 (条件)において不快 / 不愉快 / いまいましい / 吐き気をもよおさせる; x2 は x1 に愛想を尽かす / 嫌悪感を覚える""><u class=""se_basna"">ri</u>gni</a></li><li><a class=""gismu"" rel=""noreferrer"" href=""https://jbovlaste.lojban.org/dict/trina"" title=""gismu: x1 は x2 を x3 (性質)で誘惑する; x1 は x2 にとって魅力的""><u class=""se_basna"">tri</u>na</a></li><li><a class=""gismu"" rel=""noreferrer"" href=""https://jbovlaste.lojban.org/dict/xebni"" title=""gismu: x1 は x2 (物 / 者 / 事)を憎む; x1 は x2 にたいする怨恨を抱いている; x2 は憎らしい""><u class=""se_basna"">xe</u>bni</a></li><li><a class=""gismu"" rel=""noreferrer"" href=""https://jbovlaste.lojban.org/dict/xlura"" title=""gismu: x1 (者)は x2 (対象)を x3 (行為 / 状態)へと x4 (作用 / 感化力)で影響して誘う; x4 を持つ x1 に x2 は感銘する""><u class=""se_basna"">xlu</u>ra</a></li>","","B1::etc","[sound:djica.mp3]","<img alt=""喉から手が出るほど欲しい人のイラスト（女性）"" src=""djica.png"" title=""喉から手が出るほど欲しい人のイラスト（女性）"" ondblclick=""location.href = &quot;https://www.irasutoya.com/2020/09/blog-post_64.html&quot;;"" />"
"3dee9d68-d215-490a-839a-d727f91629ae","gugde","ˈgugdɛ","gismu","<u class=""se_basna"" title=""アクセント"">gu</u>gde","<var class=""x1"">x<sub>1</sub></var> は <var class=""x2"">x<sub>2</sub></var> (要素 / 成員)・ <var class=""x3"">x<sub>3</sub></var> (領域)の国","","<li>国</li>","<li class=""cimei-lerfu"">gug</li><li class=""cimei-lerfu"">gu'e</li><li class=""vomei-lerfu"">gugd</li>","","<li><a class=""gismu"" rel=""noreferrer"" href=""https://jbovlaste.lojban.org/dict/turni"" title=""gismu: x1 は x2 (民衆 / 領土 / 物)を統治 / 支配する / 治める; x1 は知事 / 支配者 / 君主""><u class=""se_basna"">tu</u>rni</a></li><li><a class=""gismu"" rel=""noreferrer"" href=""https://jbovlaste.lojban.org/dict/natmi"" title=""gismu: x1 は x2 (成員)からなる民族""><u class=""se_basna"">na</u>tmi</a></li><li><a class=""gismu"" rel=""noreferrer"" href=""https://jbovlaste.lojban.org/dict/jecta"" title=""gismu: x1 は x2 (領域)の政体 / 政府""><u class=""se_basna"">je</u>cta</a></li><li><a class=""gismu"" rel=""noreferrer"" href=""https://jbovlaste.lojban.org/dict/tumla"" title=""gismu: x1 は x2 (位置)における陸 / 大地の広がり""><u class=""se_basna"">tu</u>mla</a></li><li><a class=""gismu"" rel=""noreferrer"" href=""https://jbovlaste.lojban.org/dict/tutra"" title=""gismu: x1 は x2 に属する / 管轄されている領域 / 領土 / 空間""><u class=""se_basna"">tu</u>tra</a></li><li><a class=""gismu"" rel=""noreferrer"" href=""https://jbovlaste.lojban.org/dict/lanci"" title=""gismu: x1 は x2 を象徴する、 x3 (模様)・ x4 (素材)の旗""><u class=""se_basna"">la</u>nci</a></li>","","B1::etc","[sound:gugde.mp3]","<img alt=""万国旗のイラスト"" src=""gugde.png"" title=""万国旗のイラスト"" ondblclick=""location.href = &quot;https://www.irasutoya.com/2013/08/blog-post_6888.html&quot;;"" />"
"20e4ed77-b867-4b34-ac80-f379b0ecd959","jgari","ʒˈgari","gismu","<u class=""se_basna"" title=""アクセント"">jga</u>ri","<var class=""x1"">x<sub>1</sub></var> は <var class=""x2"">x<sub>2</sub></var> (対象本体)・ <var class=""x4"">x<sub>4</sub></var> (対象箇所)を <var class=""x3"">x<sub>3</sub></var> ( <var class=""x1"">x<sub>1</sub></var> の部分)で掴む / 握る","「抱く」も。","<li>掴む</li>","<li class=""cimei-lerfu"">j<u class=""relkarsna"">ai</u></li><li class=""vomei-lerfu"">jgar</li>","","<li><a class=""gismu"" rel=""noreferrer"" href=""https://jbovlaste.lojban.org/dict/ralte"" title=""gismu: x1 は x2 を保持 / 維持する""><u class=""se_basna"">ra</u>lte</a></li><li><a class=""gismu"" rel=""noreferrer"" href=""https://jbovlaste.lojban.org/dict/pencu"" title=""gismu: x1 は x2 に、 x3 が x4 に接する形で触る""><u class=""se_basna"">pe</u>ncu</a></li><li><a class=""gismu"" rel=""noreferrer"" href=""https://jbovlaste.lojban.org/dict/darxi"" title=""gismu: x1 は x2 を、 x3 (道具など) が x4 にぶつかる形で打つ / 叩く""><u class=""se_basna"">da</u>rxi</a></li><li><a class=""gismu"" rel=""noreferrer"" href=""https://jbovlaste.lojban.org/dict/batke"" title=""gismu: x1 は x2 (本体 / 機材)・ x3 (用途)・ x4 (素材)のボタン / ノブ / スイッチ / つまみ / 取っ手""><u class=""se_basna"">ba</u>tke</a></li><li><a class=""gismu"" rel=""noreferrer"" href=""https://jbovlaste.lojban.org/dict/rinju"" title=""gismu: x1 は x2 (抑制力)によって x3 (事)にたいして拘束 / 制限されている; x1 は x2 のせいで x3 ができない; x2 は x1 を束縛する""><u class=""se_basna"">ri</u>nju</a></li>","","B1::etc","[sound:jgari.mp3]","<img alt=""スクイーズのイラスト"" src=""jgari.png"" title=""スクイーズのイラスト"" ondblclick=""location.href = &quot;https://www.irasutoya.com/2018/08/blog-post_94.html&quot;;"" />"
"e693f560-2291-407d-926a-1224ca92e5c0","kumfa","ˈkumfa","gismu","<u class=""se_basna"" title=""アクセント"">ku</u>mfa","<var class=""x1"">x<sub>1</sub></var> は <var class=""x2"">x<sub>2</sub></var> (構造)内の <var class=""x3"">x<sub>3</sub></var> (壁 / 天井 / 床)で仕切られた部屋 / 室","","<li>部屋</li>","<li class=""cimei-lerfu"">kum</li><li class=""cimei-lerfu"">ku'a</li><li class=""vomei-lerfu"">kumf</li>","","<li><a class=""gismu"" rel=""noreferrer"" href=""https://jbovlaste.lojban.org/dict/bitmu"" title=""gismu: x1 は x2 ・ x3 を隔てる、 x4 (構造体)の壁 / 垣 / 塀 / フェンス""><u class=""se_basna"">bi</u>tmu</a></li><li><a class=""gismu"" rel=""noreferrer"" href=""https://jbovlaste.lojban.org/dict/canlu"" title=""gismu: x1 は x2 (内容)が占める空間(三次元的広がり); x2 は x1 を占める""><u class=""se_basna"">ca</u>nlu</a></li><li><a class=""gismu"" rel=""noreferrer"" href=""https://jbovlaste.lojban.org/dict/zdani"" title=""gismu: x1 は x2 の(ための)巣 / 家 / ねぐら / アジト""><u class=""se_basna"">zda</u>ni</a></li>","","B1::etc","[sound:kumfa.mp3]","<img alt=""和室のイラスト（室内風景）"" src=""kumfa.png"" title=""和室のイラスト（室内風景）"" ondblclick=""location.href = &quot;https://www.irasutoya.com/2013/11/blog-post_6575.html&quot;;"" />"
"5b53ec21-7854-4c46-9d9e-892e8bfb5a41","lebna","ˈlɛbna","gismu","<u class=""se_basna"" title=""アクセント"">le</u>bna","<var class=""x1"">x<sub>1</sub></var> は <var class=""x2"">x<sub>2</sub></var> (物 / 性質)を <var class=""x3"">x<sub>3</sub></var> (者)から取る / 得る / 奪う / 盗む / 取り除く / 没収 / 着服する","所有権の転移が含意される。","<li>取る</li>","<li class=""cimei-lerfu"">leb</li><li class=""cimei-lerfu"">le'a</li><li class=""vomei-lerfu"">lebn</li>","<li>na (拿)</li>","<li><a class=""gismu"" rel=""noreferrer"" href=""https://jbovlaste.lojban.org/dict/punji"" title=""gismu: x1 は x2 を x3 (所)に置く / 設置する""><u class=""se_basna"">pu</u>nji</a></li><li><a class=""gismu"" rel=""noreferrer"" href=""https://jbovlaste.lojban.org/dict/cpacu"" title=""gismu: x1 は x2 (対象)を x3 (起源)から入手する""><u class=""se_basna"">cpa</u>cu</a></li><li><a class=""gismu"" rel=""noreferrer"" href=""https://jbovlaste.lojban.org/dict/vimcu"" title=""gismu: x1 は x2 を x3 から、 x4 だけ残して除去 / 控除する / 差し引く""><u class=""se_basna"">vi</u>mcu</a></li><li><a class=""gismu"" rel=""noreferrer"" href=""https://jbovlaste.lojban.org/dict/canci"" title=""gismu: x1 は地点 x2 において感覚器 / センサー x3 の視界から消える""><u class=""se_basna"">ca</u>nci</a></li><li><a class=""gismu"" rel=""noreferrer"" href=""https://jbovlaste.lojban.org/dict/cliva"" title=""gismu: x1 は x2 から x3 (経路)によって離れる / 発つ / 別れる / 去る; x1 は x2 を残す""><u class=""se_basna"">cli</u>va</a></li>","","B1::etc","[sound:lebna.mp3]","<img alt=""トンビに襲われる人のイラスト"" src=""lebna.png"" title=""トンビに襲われる人のイラスト"" ondblclick=""location.href = &quot;https://www.irasutoya.com/2017/11/blog-post_225.html&quot;;"" />"
"8a3f1e40-4126-4fc3-9e59-2335c7ccc0a6","lojbo","ˈloʒbo","gismu","<u class=""se_basna"" title=""アクセント"">lo</u>jbo","<var class=""x1"">x<sub>1</sub></var> は <var class=""x2"">x<sub>2</sub></var> (性質面)に関してロジバン系","","<li>ロジバン</li>","<li class=""cimei-lerfu"">lob</li><li class=""cimei-lerfu"">jbo</li><li class=""vomei-lerfu"">lojb</li>","","<li><a class=""gismu"" rel=""noreferrer"" href=""https://jbovlaste.lojban.org/dict/bangu"" title=""gismu: x1 は x2 (使用者)が x3 (概念 / 命題 / 文字列)を表すのに用いる言語; x2 は x1 語を話す""><u class=""se_basna"">ba</u>ngu</a></li><li><a class=""gismu"" rel=""noreferrer"" href=""https://jbovlaste.lojban.org/dict/logji"" title=""gismu: x1 (原理 / 法則)は x2 (命題)を演繹 / 結論 / 推察するところの論理; x2 は論理的""><u class=""se_basna"">lo</u>gji</a></li>","","B1::etc","[sound:lojbo.mp3]","<img alt=""File:Lojban logo.svg"" src=""lojbo.png"" title=""File:Lojban logo.svg"" ondblclick=""location.href = &quot;https://commons.wikimedia.org/wiki/File:Lojban_logo.svg&quot;;"" />"
"e97da122-0f9f-44ec-88a7-cb757117ff7d","lumci","ˈlumʃi","gismu","<u class=""se_basna"" title=""アクセント"">lu</u>mci","<var class=""x1"" title=""洗う"">x<sub>1</sub></var> は <var class=""x2"" title=""汚れもの; 洗う対象"">x<sub>2</sub></var> の汚れ <var class=""x3"" title=""汚れ; 洗い落とされるもの"">x<sub>3</sub></var> を洗浄剤 / 用具 <var class=""x4"">x<sub>4</sub></var> で洗う","","<li>洗う</li>","<li class=""cimei-lerfu"">lum</li><li class=""cimei-lerfu"">lu'i</li><li class=""vomei-lerfu"">lumc</li>","<li>洗い汚れる無視</li>","<li><a class=""gismu"" rel=""noreferrer"" href=""https://jbovlaste.lojban.org/dict/djacu"" title=""gismu: x1 は水; x1 は水溶性 / 含水の""><u class=""se_basna"">dja</u>cu</a></li><li><a class=""gismu"" rel=""noreferrer"" href=""https://jbovlaste.lojban.org/dict/jinru"" title=""gismu: x1 は x2 に漬かる / 浸かる / 沈む / 潜る""><u class=""se_basna"">ji</u>nru</a></li><li><a class=""gismu"" rel=""noreferrer"" href=""https://jbovlaste.lojban.org/dict/litki"" title=""gismu: x1 は x2 (成分 / 物質)の、 x3 (条件)における液体 / 流動体""><u class=""se_basna"">li</u>tki</a></li><li><a class=""gismu"" rel=""noreferrer"" href=""https://jbovlaste.lojban.org/dict/zbabu"" title=""gismu: x1 は x2 (起源)・ x3 (成分)の石鹸""><u class=""se_basna"">zba</u>bu</a></li><li><a class=""gismu"" rel=""noreferrer"" href=""https://jbovlaste.lojban.org/dict/jinsa"" title=""gismu: x1 は x2 (汚れ)を x3 (観点)において持っていない; x1 は汚れていない / 清らか""><u class=""se_basna"">ji</u>nsa</a></li><li><a class=""gismu"" rel=""noreferrer"" href=""https://jbovlaste.lojban.org/dict/curve"" title=""gismu: x1 は x2 (性質)に関して純粋""><u class=""se_basna"">cu</u>rve</a></li>","","B1::etc","[sound:lumci.mp3]","<img alt=""アライグマのクリーニング屋のイラスト"" src=""lumci.png"" title=""アライグマのクリーニング屋のイラスト"" ondblclick=""location.href = &quot;https://www.irasutoya.com/2018/01/blog-post_41.html&quot;;"" />"
"11399897-6719-4b27-bbd7-bedc4eeda6b5","muvdu","ˈmuvdu","gismu","<u class=""se_basna"" title=""アクセント"">mu</u>vdu","<var class=""x1"">x<sub>1</sub></var> (物)は <var class=""x2"">x<sub>2</sub></var> (終点)に <var class=""x3"">x<sub>3</sub></var> (始点)から <var class=""x4"">x<sub>4</sub></var> (経路)にわたって動く; <var class=""x1"">x<sub>1</sub></var> は動的","","<li>動く</li>","<li class=""cimei-lerfu"">muv</li><li class=""cimei-lerfu"">mu'u</li><li class=""vomei-lerfu"">muvd</li>","<li>ムーヴ ドゥ</li><li>move</li><li>dun(動)</li>","<li><a class=""gismu"" rel=""noreferrer"" href=""https://jbovlaste.lojban.org/dict/rinci"" title=""gismu: x1 は x2 (起源)から x3 (排出口)を通って x4 (力)によって排出される""><u class=""se_basna"">ri</u>nci</a></li><li><a class=""gismu"" rel=""noreferrer"" href=""https://jbovlaste.lojban.org/dict/klama"" title=""gismu: x1 は x2 (終点)に x3 (起点)から x4 (経路)を x5 (方法)で行く / 来る""><u class=""se_basna"">kla</u>ma</a></li><li><a class=""gismu"" rel=""noreferrer"" href=""https://jbovlaste.lojban.org/dict/litru"" title=""gismu: x1 は x2 (経路)を x3 (方法)で旅する; x1 は旅人""><u class=""se_basna"">li</u>tru</a></li><li><a class=""gismu"" rel=""noreferrer"" href=""https://jbovlaste.lojban.org/dict/cliva"" title=""gismu: x1 は x2 から x3 (経路)によって離れる / 発つ / 別れる / 去る; x1 は x2 を残す""><u class=""se_basna"">cli</u>va</a></li><li><a class=""gismu"" rel=""noreferrer"" href=""https://jbovlaste.lojban.org/dict/fatri"" title=""gismu: x1 (物)は x2 (受け手)に x3 (分け前)で分配 / 配当される / 割り当てられる""><u class=""se_basna"">fa</u>tri</a></li><li><a class=""gismu"" rel=""noreferrer"" href=""https://jbovlaste.lojban.org/dict/dunda"" title=""gismu: x1 は x2 を x3 (者)に与える / 贈る / 授ける""><u class=""se_basna"">du</u>nda</a></li><li><a class=""gismu"" rel=""noreferrer"" href=""https://jbovlaste.lojban.org/dict/benji"" title=""gismu: x1 は x2 を x3 (受け手)に x4 (起源 / 送信元)から x5 (方法 / 媒体)によって送る / 届ける""><u class=""se_basna"">be</u>nji</a></li><li><a class=""gismu"" rel=""noreferrer"" href=""https://jbovlaste.lojban.org/dict/preja"" title=""gismu: x1 は x2 (拡張範囲)に x3 (初期範囲)から広がる""><u class=""se_basna"">pre</u>ja</a></li><li><a class=""gismu"" rel=""noreferrer"" href=""https://jbovlaste.lojban.org/dict/bevri"" title=""gismu: x1 は x2 (荷)を x3 (終点)に x4 (始点)から x5 (道筋)を通って運ぶ""><u class=""se_basna"">be</u>vri</a></li><li><a class=""gismu"" rel=""noreferrer"" href=""https://jbovlaste.lojban.org/dict/vimcu"" title=""gismu: x1 は x2 を x3 から、 x4 だけ残して除去 / 控除する / 差し引く""><u class=""se_basna"">vi</u>mcu</a></li>","","B1::etc","[sound:muvdu.mp3]","<img alt=""漫画の実写化のイラスト"" src=""muvdu.png"" title=""漫画の実写化のイラスト"" ondblclick=""location.href = &quot;https://www.irasutoya.com/2016/10/blog-post_153.html&quot;;"" />"
"7ac8acd5-3421-4d31-9685-94d8e2aca482","pelji","ˈpɛlʒi","gismu","<u class=""se_basna"" title=""アクセント"">pe</u>lji","<var class=""x1"">x<sub>1</sub></var> は <var class=""x2"">x<sub>2</sub></var> (資源)の紙","","<li>紙</li>","<li class=""cimei-lerfu"">ple</li><li class=""vomei-lerfu"">pelj</li>","<li>papel</li><li>ji(紙)</li>","<li><a class=""gismu"" rel=""noreferrer"" href=""https://jbovlaste.lojban.org/dict/karni"" title=""gismu: x1 は x2 (内容)・ x3 (出版者)・ x4 (読者)の刊行物 / 雑誌 / 新聞""><u class=""se_basna"">ka</u>rni</a></li><li><a class=""gismu"" rel=""noreferrer"" href=""https://jbovlaste.lojban.org/dict/papri"" title=""gismu: x1 は x2 (本 / 書類)のページ""><u class=""se_basna"">pa</u>pri</a></li><li><a class=""gismu"" rel=""noreferrer"" href=""https://jbovlaste.lojban.org/dict/prina"" title=""gismu: x1 は x2 (媒体)・ x3 (装置)による印刷物 / プリント""><u class=""se_basna"">pri</u>na</a></li>","","B1::etc","[sound:pelji.mp3]","<img alt=""角がめくれた紙のイラスト"" src=""pelji.png"" title=""角がめくれた紙のイラスト"" ondblclick=""location.href = &quot;https://www.irasutoya.com/2021/01/blog-post_315.html&quot;;"" />"
"49725d3e-9d95-4910-82e3-375298584c28","pensi","ˈpɛnsi","gismu","<u class=""se_basna"" title=""アクセント"">pe</u>nsi","<var class=""x1"">x<sub>1</sub></var> は <var class=""x2"">x<sub>2</sub></var> (概念)について思慮する / 考慮する / 熟考する / 思いを巡らす; <var class=""x2"">x<sub>2</sub></var> は考え深い","","<li>思慮</li>","<li class=""cimei-lerfu"">pes</li><li class=""cimei-lerfu"">p<u class=""relkarsna"">ei</u></li><li class=""vomei-lerfu"">pens</li>","","<li><a class=""cmavo"" rel=""noreferrer"" href=""https://jbovlaste.lojban.org/dict/pe'i"" title=""cmavo: 思考"">pe'i</a></li><li><a class=""gismu"" rel=""noreferrer"" href=""https://jbovlaste.lojban.org/dict/jijnu"" title=""gismu: x1 は x2 (命題)を x3 (題目)について直感する / 勘づく""><u class=""se_basna"">ji</u>jnu</a></li><li><a class=""gismu"" rel=""noreferrer"" href=""https://jbovlaste.lojban.org/dict/menli"" title=""gismu: x1 は x2 (本体)の精神 / 心 / 悟性; x1 は心的""><u class=""se_basna"">me</u>nli</a></li><li><a class=""gismu"" rel=""noreferrer"" href=""https://jbovlaste.lojban.org/dict/morji"" title=""gismu: x1 は x2 (命題)を x3 (題目)について思い出す / 回想する""><u class=""se_basna"">mo</u>rji</a></li><li><a class=""gismu"" rel=""noreferrer"" href=""https://jbovlaste.lojban.org/dict/sidbo"" title=""gismu: x1 (抽象)は x2 (物 / 事)の、 x3 (思考者)による概念 / 観念 / アイディア / コンセプト""><u class=""se_basna"">si</u>dbo</a></li><li><a class=""gismu"" rel=""noreferrer"" href=""https://jbovlaste.lojban.org/dict/jinvi"" title=""gismu: x1 は x2 (命題)・ x3 (題目)を、 x4 (根拠)により真であると考える; x1 は x2 だと思う""><u class=""se_basna"">ji</u>nvi</a></li><li><a class=""cmavo"" rel=""noreferrer"" href=""https://jbovlaste.lojban.org/dict/se"" title=""cmavo: x1-x2 転換 : selbri の左に付いてPSの x1 と x2 を転換する"">se</a> <a class=""gismu"" rel=""noreferrer"" href=""https://jbovlaste.lojban.org/dict/nabmi"" title=""gismu: x1 (事)は x2 が遭遇した、 x3 (状況 / 課業)における問題; x1 は x2 に熟考を要する""><u class=""se_basna"">na</u>bmi</a></li><li><a class=""gismu"" rel=""noreferrer"" href=""https://jbovlaste.lojban.org/dict/minra"" title=""gismu: x1 は x2 (物 / 放射)を x3 (観察者 / 基点)にたいして x4 として反映する; x2 は x1 に反射する; x1 は鏡""><u class=""se_basna"">mi</u>nra</a></li><li><a class=""gismu"" rel=""noreferrer"" href=""https://jbovlaste.lojban.org/dict/lanli"" title=""gismu: x1 は x2 を x3 (方法)で分析 / 調査する""><u class=""se_basna"">la</u>nli</a></li><li><a class=""gismu"" rel=""noreferrer"" href=""https://jbovlaste.lojban.org/dict/besna"" title=""gismu: x1 は x2 (本体)の脳""><u class=""se_basna"">be</u>sna</a></li><li><a class=""gismu"" rel=""noreferrer"" href=""https://jbovlaste.lojban.org/dict/saske"" title=""gismu: x1 (事実群)は x2 (題目)・ x3 (方法論)の科学的知識""><u class=""se_basna"">sa</u>ske</a></li><li><a class=""gismu"" rel=""noreferrer"" href=""https://jbovlaste.lojban.org/dict/skami"" title=""gismu: x1 は x2 (目的 / 機能)のコンピュータ""><u class=""se_basna"">ska</u>mi</a></li>","","B1::etc","[sound:pensi.mp3]","<img alt=""考える人のイラスト"" src=""pensi.png"" title=""考える人のイラスト"" ondblclick=""location.href = &quot;https://www.irasutoya.com/2014/02/blog-post_28.html&quot;;"" />"
"0c969405-2908-4164-af55-de8ff6442e41","pixra","ˈpixra","gismu","<u class=""se_basna"" title=""アクセント"">pi</u>xra","<var class=""x1"">x<sub>1</sub></var> は <var class=""x2"">x<sub>2</sub></var> (主題)・ <var class=""x3"">x<sub>3</sub></var> (作者)・ <var class=""x4"">x<sub>4</sub></var> (媒体)の絵 / 画 / 写真 / 造形; <var class=""x3"">x<sub>3</sub></var> は <var class=""x2"">x<sub>2</sub></var> を描いて <var class=""x1"">x<sub>1</sub></var> を創る","広義で「彫刻」も。","<li>絵</li>","<li class=""cimei-lerfu"">pir</li><li class=""cimei-lerfu"">xra</li><li class=""vomei-lerfu"">pixr</li>","","<li><a class=""gismu"" rel=""noreferrer"" href=""https://jbovlaste.lojban.org/dict/ciska"" title=""gismu: x1 は x2 (文字列)を x3 (媒体)に x4 (道具)で書く""><u class=""se_basna"">ci</u>ska</a></li><li><a class=""gismu"" rel=""noreferrer"" href=""https://jbovlaste.lojban.org/dict/cinta"" title=""gismu: x1 は x2 (色)・ x3 (主成分)の塗料""><u class=""se_basna"">ci</u>nta</a></li><li><a class=""gismu"" rel=""noreferrer"" href=""https://jbovlaste.lojban.org/dict/prina"" title=""gismu: x1 は x2 (媒体)・ x3 (装置)による印刷物 / プリント""><u class=""se_basna"">pri</u>na</a></li><li><a class=""gismu"" rel=""noreferrer"" href=""https://jbovlaste.lojban.org/dict/mupli"" title=""gismu: x1 は x2 (性質)を x3 (集合)について表す例 / 標本 / サンプル / 件""><u class=""se_basna"">mu</u>pli</a></li><li><a class=""gismu"" rel=""noreferrer"" href=""https://jbovlaste.lojban.org/dict/barna"" title=""gismu: x1 は x2 上にある材質 x3 の斑点 / 染み / つぎあて / 印""><u class=""se_basna"">ba</u>rna</a></li><li><a class=""gismu"" rel=""noreferrer"" href=""https://jbovlaste.lojban.org/dict/skina"" title=""gismu: x1 は x2 (内容)・ x3 (制作者)・ x4 (視聴者)の映画 / アニメーション""><u class=""se_basna"">ski</u>na</a></li>","","B1::etc","[sound:pixra.mp3]","<img alt=""心霊写真のイラスト"" src=""pixra.png"" title=""心霊写真のイラスト"" ondblclick=""location.href = &quot;https://www.irasutoya.com/2018/03/blog-post_95.html&quot;;"" />"
"04c8c3d9-f84c-4c31-9176-5279d4f1cb4d","pleji","pˈlɛʒi","gismu","<u class=""se_basna"" title=""アクセント"">ple</u>ji","<var class=""x1"">x<sub>1</sub></var> は <var class=""x2"">x<sub>2</sub></var> (金 / 報酬)を <var class=""x3"">x<sub>3</sub></var> (者)に <var class=""x4"">x<sub>4</sub></var> (対価 / 商品 / サービス)のために支払う","特別な出来事のために褒美や謝礼を贈るのは「<span class=""gismu"" ondblclick=""location.href = &quot;https://jbovlaste.lojban.org/dict/cnemu&quot;;"" title=""gismu: x1 (者)は x2 (者)を x3 (特別事項)について x4 (報奨 / 謝礼 / 褒美)で報いる""><u class=""se_basna"">cne</u>mu</span>」。","<li>支払う</li>","<li class=""cimei-lerfu"">lej</li><li class=""cimei-lerfu"">le'i</li><li class=""vomei-lerfu"">plej</li>","","<li><a class=""gismu"" rel=""noreferrer"" href=""https://jbovlaste.lojban.org/dict/canja"" title=""gismu: x1 は x2 (差し出す対象)を x3 (受け取る対象)と、 x4 と交換する; x1 ・ x4 は貿易業者 / 投機家 / 相場師 / 物々交換する者""><u class=""se_basna"">ca</u>nja</a></li><li><a class=""gismu"" rel=""noreferrer"" href=""https://jbovlaste.lojban.org/dict/cnemu"" title=""gismu: x1 (者)は x2 (者)を x3 (特別事項)について x4 (報奨 / 謝礼 / 褒美)で報いる""><u class=""se_basna"">cne</u>mu</a></li><li><a class=""gismu"" rel=""noreferrer"" href=""https://jbovlaste.lojban.org/dict/friti"" title=""gismu: x1 は x2 (物 / 事)を x3 に x4 (条件)で進呈する / オファーする""><u class=""se_basna"">fri</u>ti</a></li><li><a class=""gismu"" rel=""noreferrer"" href=""https://jbovlaste.lojban.org/dict/kargu"" title=""gismu: x1 (物 / 性質 / 事)は x2 (者)・ x3 (基準)にとって高価 / 高額 / 高級""><u class=""se_basna"">ka</u>rgu</a></li><li><a class=""gismu"" rel=""noreferrer"" href=""https://jbovlaste.lojban.org/dict/vecnu"" title=""gismu: x1 (売り手)は x2 (品物やサービス)を x3 (買い手)に x4 の額 / 費用 / 出費で売る""><u class=""se_basna"">ve</u>cnu</a></li><li><a class=""gismu"" rel=""noreferrer"" href=""https://jbovlaste.lojban.org/dict/jdima"" title=""gismu: 量 x1 は商品 x2 の、買い手 x3 に対して売り手 x4 が設定した価格 / 値段""><u class=""se_basna"">jdi</u>ma</a></li><li><a class=""gismu"" rel=""noreferrer"" href=""https://jbovlaste.lojban.org/dict/prali"" title=""gismu: x1 は x2 にとっての、 x3 (行動 / 過程)によって得られた利益; x2 は x3 によって利する; x1 は x2 にとっての利点 / アドバンテージ""><u class=""se_basna"">pra</u>li</a></li><li><a class=""gismu"" rel=""noreferrer"" href=""https://jbovlaste.lojban.org/dict/jerna"" title=""gismu: x1 (者)は x2 (収益)を x3 (行動)から稼ぐ; x2 は x1 の給料 / 報酬""><u class=""se_basna"">je</u>rna</a></li><li><a class=""gismu"" rel=""noreferrer"" href=""https://jbovlaste.lojban.org/dict/sfasa"" title=""gismu: x1 (者)は x2 (者)を x3 (違反 / 侵害)のために x4 (罰)でこらしめる / 罰する / 折檻 / 懲戒する""><u class=""se_basna"">sfa</u>sa</a></li><li><a class=""gismu"" rel=""noreferrer"" href=""https://jbovlaste.lojban.org/dict/dunda"" title=""gismu: x1 は x2 を x3 (者)に与える / 贈る / 授ける""><u class=""se_basna"">du</u>nda</a></li><li><a class=""gismu"" rel=""noreferrer"" href=""https://jbovlaste.lojban.org/dict/jinga"" title=""gismu: x1 は x2 (利益)を x3 (競合相手 / 敗者)から x4 (試合)において勝ち取る; x1 は x3 に勝利する; x3 は x1 に敗北する""><u class=""se_basna"">ji</u>nga</a></li><li><a class=""gismu"" rel=""noreferrer"" href=""https://jbovlaste.lojban.org/dict/dapma"" title=""gismu: x1 は x2 を x3 (運命)に呪いつける""><u class=""se_basna"">da</u>pma</a></li><li><a class=""gismu"" rel=""noreferrer"" href=""https://jbovlaste.lojban.org/dict/cirko"" title=""gismu: x1 は x2 (物 / 者)を x3 (所)で失う; x1 は x2 (性質)を x3 (状況)で失う""><u class=""se_basna"">ci</u>rko</a></li><li><a class=""gismu"" rel=""noreferrer"" href=""https://jbovlaste.lojban.org/dict/dirba"" title=""gismu: x1 は x2 (者)にとって貴重 / あいらしい / 大切""><u class=""se_basna"">di</u>rba</a></li>","","B1::etc","[sound:pleji.mp3]","<img alt=""電子マネー対応の賽銭箱のイラスト（スマートフォン）"" src=""pleji.png"" title=""電子マネー対応の賽銭箱のイラスト（スマートフォン）"" ondblclick=""location.href = &quot;https://www.irasutoya.com/2017/12/blog-post_455.html&quot;;"" />"
"a49182e2-83f8-4172-aec2-214ecdfb9c5f","prenu","pˈrɛnu","gismu","<u class=""se_basna"" title=""アクセント"">pre</u>nu","<var class=""x1"">x<sub>1</sub></var> は(心理学上の)人; <var class=""x1"">x<sub>1</sub></var> は人格を有する","ヒト / ホモサピエンスとは限らない。","<li>人</li>","<li class=""cimei-lerfu"">pre</li><li class=""vomei-lerfu"">pren</li>","","<li><a class=""gismu"" rel=""noreferrer"" href=""https://jbovlaste.lojban.org/dict/nanmu"" title=""gismu: x1 は男(の人)""><u class=""se_basna"">na</u>nmu</a></li><li><a class=""gismu"" rel=""noreferrer"" href=""https://jbovlaste.lojban.org/dict/ninmu"" title=""gismu: x1 は女(の人)""><u class=""se_basna"">ni</u>nmu</a></li><li><a class=""gismu"" rel=""noreferrer"" href=""https://jbovlaste.lojban.org/dict/remna"" title=""gismu: x1 は生物学的ヒト / ホモサピエンス""><u class=""se_basna"">re</u>mna</a></li><li><a class=""gismu"" rel=""noreferrer"" href=""https://jbovlaste.lojban.org/dict/zukte"" title=""gismu: x1 は x2 (行動内容)を x3 (目的 / 目標)のために行為 / 実行する""><u class=""se_basna"">zu</u>kte</a></li><li><a class=""gismu"" rel=""noreferrer"" href=""https://jbovlaste.lojban.org/dict/sevzi"" title=""gismu: x1 は x2 (者)の自己 / 自我 / 自分のイメージ""><u class=""se_basna"">se</u>vzi</a></li>","","B1::etc","[sound:prenu.mp3]","<img alt=""立っている人のイラスト（棒人間）"" src=""prenu.png"" title=""立っている人のイラスト（棒人間）"" ondblclick=""location.href = &quot;https://www.irasutoya.com/2014/05/blog-post_29.html&quot;;"" />"
"9dadc896-3d41-4638-8dd7-2cde0b581790","rirni","ˈrirni","gismu","<u class=""se_basna"" title=""アクセント"">ri</u>rni","<var class=""x1"">x<sub>1</sub></var> は <var class=""x2"">x<sub>2</sub></var> の育ての親 / 保護者 / 保育者 / 養育者; <var class=""x1"">x<sub>1</sub></var> は <var class=""x2"">x<sub>2</sub></var> を育てる","","<li>養育</li>","<li class=""cimei-lerfu"">rir</li><li class=""vomei-lerfu"">rirn</li>","<li>保護者足りるに</li>","<li><a class=""gismu"" rel=""noreferrer"" href=""https://jbovlaste.lojban.org/dict/rorci"" title=""gismu: x1 は x2 (子)を x3 との間にもうける""><u class=""se_basna"">ro</u>rci</a></li><li><a class=""gismu"" rel=""noreferrer"" href=""https://jbovlaste.lojban.org/dict/mamta"" title=""gismu: x1 は x2 の母親; x1 は母性的""><u class=""se_basna"">ma</u>mta</a></li><li><a class=""gismu"" rel=""noreferrer"" href=""https://jbovlaste.lojban.org/dict/patfu"" title=""gismu: x1 は x2 の父親""><u class=""se_basna"">pa</u>tfu</a></li><li><a class=""gismu"" rel=""noreferrer"" href=""https://jbovlaste.lojban.org/dict/sidju"" title=""gismu: x1 は x2 (者)を x3 (行動 / 事)に関して助ける""><u class=""se_basna"">si</u>dju</a></li><li><a class=""gismu"" rel=""noreferrer"" href=""https://jbovlaste.lojban.org/dict/dzena"" title=""gismu: x1 (者)は x2 (者)・ x3 (関係)の先祖 / 先人; x1 は先駆者""><u class=""se_basna"">dze</u>na</a></li><li><a class=""gismu"" rel=""noreferrer"" href=""https://jbovlaste.lojban.org/dict/famti"" title=""gismu: x1 (者)は x2 (者)・ x3 (血縁関係)のおじ / おば""><u class=""se_basna"">fa</u>mti</a></li><li><a class=""gismu"" rel=""noreferrer"" href=""https://jbovlaste.lojban.org/dict/verba"" title=""gismu: x1 は x2 (年齢)の、 x3 (観点)での子供""><u class=""se_basna"">ve</u>rba</a></li><li><a class=""gismu"" rel=""noreferrer"" href=""https://jbovlaste.lojban.org/dict/bersa"" title=""gismu: x1 は x2 (親)の息子""><u class=""se_basna"">be</u>rsa</a></li>","","B1::etc","[sound:rirni.mp3]","<img alt=""家庭菜園のイラスト"" src=""rirni.png"" title=""家庭菜園のイラスト"" ondblclick=""location.href = &quot;https://www.irasutoya.com/2013/04/blog-post_2363.html&quot;;"" />"
"762b4ad7-c15c-44bd-a4bc-0c760578b5dc","skapi","'skapi","gismu","<u class=""se_basna"" title=""アクセント"">ska</u>pi","<var class=""x1"">x<sub>1</sub></var> は <var class=""x2"">x<sub>2</sub></var> (起源)の(特に動物性の)革 / 皮膚 / 肌","<var class=""x2"">x<sub>2</sub></var> は <var class=""x1"">x<sub>1</sub></var> の元 / 現の持ち主","<li>肌</li>","<li class=""cimei-lerfu"">kap</li><li class=""vomei-lerfu"">skap</li>","<li>スキン、革、皮(ぴ)</li>","<li><a class=""gismu"" rel=""noreferrer"" href=""https://jbovlaste.lojban.org/dict/pilka"" title=""gismu: x1 は x2 を覆う皮 / 外面 / 表層""><u class=""se_basna"">pi</u>lka</a></li><li><a class=""gismu"" rel=""noreferrer"" href=""https://jbovlaste.lojban.org/dict/calku"" title=""gismu: x1 は x2 を覆う、 x3 (成分)の殻""><u class=""se_basna"">ca</u>lku</a></li><li><a class=""gismu"" rel=""noreferrer"" href=""https://jbovlaste.lojban.org/dict/kerfa"" title=""gismu: x1 は x2 (本体)・ x3 (箇所)の毛 / 髪""><u class=""se_basna"">ke</u>rfa</a></li>","","B1::etc","[sound:skapi.mp3]","<img alt=""皮膚の断面のイラスト"" src=""skapi.png"" title=""皮膚の断面のイラスト"" ondblclick=""location.href = &quot;https://www.irasutoya.com/2019/02/blog-post_41.html&quot;;"" />"
"4a33800f-b62f-46e2-82a6-c300358a759a","troci","tˈroʃi","gismu","<u class=""se_basna"" title=""アクセント"">tro</u>ci","<var class=""x1"">x<sub>1</sub></var> は <var class=""x2"">x<sub>2</sub></var> (事 / 状態 / 性質)を <var class=""x3"">x<sub>3</sub></var> (手段 / 方法)で達成 / 獲得しようと努める / 努力する; <var class=""x1"">x<sub>1</sub></var> は <var class=""x2"">x<sub>2</sub></var> をやってみる","","<li>努める</li>","<li class=""cimei-lerfu"">toc</li><li class=""cimei-lerfu"">t<u class=""relkarsna"">oi</u></li><li class=""vomei-lerfu"">troc</li>","<li>努力がトロし</li>","<li><a class=""gismu"" rel=""noreferrer"" href=""https://jbovlaste.lojban.org/dict/fliba"" title=""gismu: x1 は x2 (事)に失敗する; x1 は x2 を怠る""><u class=""se_basna"">fli</u>ba</a></li><li><a class=""gismu"" rel=""noreferrer"" href=""https://jbovlaste.lojban.org/dict/snada"" title=""gismu: x1 (者)は x2 (成果)を x3 (努力 / 試み)によって達成する / 成功させる""><u class=""se_basna"">sna</u>da</a></li><li><a class=""gismu"" rel=""noreferrer"" href=""https://jbovlaste.lojban.org/dict/cipra"" title=""gismu: x1 (過程 / 事)は x2 (性質)を x3 について確かめる試験 / 実験 / テスト""><u class=""se_basna"">ci</u>pra</a></li>","","B1::etc","[sound:troci.mp3]","<img alt=""やる気に燃える人のイラスト（女性）"" src=""troci.png"" title=""やる気に燃える人のイラスト（女性）"" ondblclick=""location.href = &quot;https://www.irasutoya.com/2018/07/blog-post_398.html&quot;;"" />"
"6001d52a-c491-4bd5-9388-4f8136224fe7","vecnu","ˈvɛʃnu","gismu","<u class=""se_basna"" title=""アクセント"">ve</u>cnu","<var class=""x1"">x<sub>1</sub></var> (売り手)は <var class=""x2"">x<sub>2</sub></var> (品物やサービス)を <var class=""x3"">x<sub>3</sub></var> (買い手)に <var class=""x4"">x<sub>4</sub></var> の額 / 費用 / 出費で売る","<var class=""x1"">x<sub>1</sub></var> は売り手 / 販売員。 <var class=""x3"">x<sub>3</sub></var> は <var class=""x2"">x<sub>2</sub></var> (品)を <var class=""x1"">x<sub>1</sub></var> から買う購入者(「<span class=""lujvo"" ondblclick=""location.href = &quot;https://jbovlaste.lojban.org/dict/terve'u&quot;;"" title=""lujvo: te vecnu"">te<u class=""se_basna"">rve</u>'u</span>」は「買う」になる)。 <var class=""x4"">x<sub>4</sub></var> は <var class=""x2"">x<sub>2</sub></var> (品)を売る際の <var class=""x3"">x<sub>3</sub></var> から受け取る額 / が支払う額(「<span class=""lujvo"" ondblclick=""location.href = &quot;https://jbovlaste.lojban.org/dict/velve'u&quot;;"" title=""lujvo: ve vecnu"">ve<u class=""se_basna"">lve</u>'u</span>」は「費用である」になる)。売りに出す(「<span class=""lujvo"" ondblclick=""location.href = &quot;https://jbovlaste.lojban.org/dict/fitselve'u&quot;;"" title=""lujvo: friti se vecnu"">fitse<u class=""se_basna"">lve</u>'u</span>」、「<span class=""lujvo"" ondblclick=""location.href = &quot;https://jbovlaste.lojban.org/dict/selvenfriti&quot;;"" title=""lujvo: se vecnu friti"">selve<u class=""se_basna"">nfri</u>ti</span>」)。 <var class=""x2"">x<sub>2</sub></var> は特定の「品物」、あるいは群(集まり)としての「品物」、あるいは「〜という事」、あるいは「〜という性質」。 <var class=""x1"">x<sub>1</sub></var> として「所有権を手放す者」、 <var class=""x2"">x<sub>2</sub></var> として「所有権が移る商品」という sumti を引き出す(意味論的により厳密に言うなら 「<span class=""lujvo"" ondblclick=""location.href = &quot;https://jbovlaste.lojban.org/dict/posyve'u&quot;;"" title=""lujvo: ponse vecnu"">posy<u class=""se_basna"">ve</u>'u</span>」、「<span class=""lujvo"" ondblclick=""location.href = &quot;https://jbovlaste.lojban.org/dict/posyselve'u&quot;;"" title=""lujvo: ponse se vecnu"">posyse<u class=""se_basna"">lve</u>'u</span>」)。費用と価格の違いについては「<span class=""gismu"" ondblclick=""location.href = &quot;https://jbovlaste.lojban.org/dict/jdima&quot;;"" title=""gismu: 量 x1 は商品 x2 の、買い手 x3 に対して売り手 x4 が設定した価格 / 値段""><u class=""se_basna"">jdi</u>ma</span>」の注を参照。","<li>売買</li>","<li class=""cimei-lerfu"">ven</li><li class=""cimei-lerfu"">ve'u</li><li class=""vomei-lerfu"">vecn</li>","","<li><a class=""gismu"" rel=""noreferrer"" href=""https://jbovlaste.lojban.org/dict/canja"" title=""gismu: x1 は x2 (差し出す対象)を x3 (受け取る対象)と、 x4 と交換する; x1 ・ x4 は貿易業者 / 投機家 / 相場師 / 物々交換する者""><u class=""se_basna"">ca</u>nja</a></li><li><a class=""gismu"" rel=""noreferrer"" href=""https://jbovlaste.lojban.org/dict/dunda"" title=""gismu: x1 は x2 を x3 (者)に与える / 贈る / 授ける""><u class=""se_basna"">du</u>nda</a></li><li><a class=""gismu"" rel=""noreferrer"" href=""https://jbovlaste.lojban.org/dict/janta"" title=""gismu: x1 は x2 (奉仕 / サービス)に関する、 x3 (者)宛ての x4 (者)からの請求(書) / 納品書""><u class=""se_basna"">ja</u>nta</a></li><li><a class=""gismu"" rel=""noreferrer"" href=""https://jbovlaste.lojban.org/dict/pleji"" title=""gismu: x1 は x2 (金 / 報酬)を x3 (者)に x4 (対価 / 商品 / サービス)のために支払う""><u class=""se_basna"">ple</u>ji</a></li><li><a class=""gismu"" rel=""noreferrer"" href=""https://jbovlaste.lojban.org/dict/jerna"" title=""gismu: x1 (者)は x2 (収益)を x3 (行動)から稼ぐ; x2 は x1 の給料 / 報酬""><u class=""se_basna"">je</u>rna</a></li><li><a class=""gismu"" rel=""noreferrer"" href=""https://jbovlaste.lojban.org/dict/kargu"" title=""gismu: x1 (物 / 性質 / 事)は x2 (者)・ x3 (基準)にとって高価 / 高額 / 高級""><u class=""se_basna"">ka</u>rgu</a></li><li><a class=""gismu"" rel=""noreferrer"" href=""https://jbovlaste.lojban.org/dict/prali"" title=""gismu: x1 は x2 にとっての、 x3 (行動 / 過程)によって得られた利益; x2 は x3 によって利する; x1 は x2 にとっての利点 / アドバンテージ""><u class=""se_basna"">pra</u>li</a></li><li><a class=""gismu"" rel=""noreferrer"" href=""https://jbovlaste.lojban.org/dict/zarci"" title=""gismu: x1 は x2 (取引品)・ x3 (営者)の店 / 市場""><u class=""se_basna"">za</u>rci</a></li><li><a class=""gismu"" rel=""noreferrer"" href=""https://jbovlaste.lojban.org/dict/vamji"" title=""gismu: x1 (数量 / 性質)は x2 (物 / 事)の、 x3 (観点)・ x4 (用途 / 査定)における価値; x2 は x3 にとって x1 の値打ちがある""><u class=""se_basna"">va</u>mji</a></li><li><a class=""gismu"" rel=""noreferrer"" href=""https://jbovlaste.lojban.org/dict/jdima"" title=""gismu: 量 x1 は商品 x2 の、買い手 x3 に対して売り手 x4 が設定した価格 / 値段""><u class=""se_basna"">jdi</u>ma</a></li><li><a class=""gismu"" rel=""noreferrer"" href=""https://jbovlaste.lojban.org/dict/fepni"" title=""gismu: x1 は x2 (数量)・ x3 (通貨体系)の下位単位 / 銭 / セント / コペック""><u class=""se_basna"">fe</u>pni</a></li><li><a class=""gismu"" rel=""noreferrer"" href=""https://jbovlaste.lojban.org/dict/friti"" title=""gismu: x1 は x2 (物 / 事)を x3 に x4 (条件)で進呈する / オファーする""><u class=""se_basna"">fri</u>ti</a></li><li><a class=""gismu"" rel=""noreferrer"" href=""https://jbovlaste.lojban.org/dict/jerna"" title=""gismu: x1 (者)は x2 (収益)を x3 (行動)から稼ぐ; x2 は x1 の給料 / 報酬""><u class=""se_basna"">je</u>rna</a></li><li><a class=""gismu"" rel=""noreferrer"" href=""https://jbovlaste.lojban.org/dict/rupnu"" title=""gismu: x1 は x2 (数量)の、 x3 (通貨体系)の上位単位 / 円 / ドル / ユーロ""><u class=""se_basna"">ru</u>pnu</a></li>","","B1::etc","[sound:vecnu.mp3]","<img alt=""バナナの叩き売りのイラスト"" src=""vecnu.png"" title=""バナナの叩き売りのイラスト"" ondblclick=""location.href = &quot;https://www.irasutoya.com/2017/10/blog-post_29.html&quot;;"" />"
"b9ab1b96-da47-49be-bf7a-2d04fac84152","vitke","ˈvitkɛ","gismu","<u class=""se_basna"" title=""アクセント"">vi</u>tke","<var class=""x1"">x<sub>1</sub></var> は <var class=""x2"">x<sub>2</sub></var> (者)・ <var class=""x3"">x<sub>3</sub></var> (所 / 事)の客; <var class=""x1"">x<sub>1</sub></var> は <var class=""x2"">x<sub>2</sub></var> ・ <var class=""x3"">x<sub>3</sub></var> を訪れる","","<li>客</li>","<li class=""cimei-lerfu"">vi'e</li><li class=""vomei-lerfu"">vitk</li>","<li>客はヴィトン系</li>","<li><a class=""gismu"" rel=""noreferrer"" href=""https://jbovlaste.lojban.org/dict/friti"" title=""gismu: x1 は x2 (物 / 事)を x3 に x4 (条件)で進呈する / オファーする""><u class=""se_basna"">fri</u>ti</a></li><li><a class=""gismu"" rel=""noreferrer"" href=""https://jbovlaste.lojban.org/dict/klama"" title=""gismu: x1 は x2 (終点)に x3 (起点)から x4 (経路)を x5 (方法)で行く / 来る""><u class=""se_basna"">kla</u>ma</a></li><li><a class=""gismu"" rel=""noreferrer"" href=""https://jbovlaste.lojban.org/dict/zasni"" title=""gismu: x1 は x2 (性質)に関して、 x3 (観点)にとって一時的 / 過渡的 / 可変""><u class=""se_basna"">za</u>sni</a></li><li><a class=""gismu"" rel=""noreferrer"" href=""https://jbovlaste.lojban.org/dict/xabju"" title=""gismu: x1 は x2 (所)に住む / 暮らす / 棲息 / 生息する""><u class=""se_basna"">xa</u>bju</a></li><li><a class=""gismu"" rel=""noreferrer"" href=""https://jbovlaste.lojban.org/dict/zvati"" title=""gismu: x1 (物 / 事)が x2 (事 / 所)に居る / 在る""><u class=""se_basna"">zva</u>ti</a></li>","","B1::etc","[sound:vitke.mp3]","<img alt=""お店が並んだ室内の通路のイラスト"" src=""vitke.png"" title=""お店が並んだ室内の通路のイラスト"" ondblclick=""location.href = &quot;https://www.irasutoya.com/2019/07/blog-post_48.html&quot;;"" />"
"c5fe987d-7b03-4854-a19d-f4c57364c785","zgike","zˈgikɛ","gismu","<u class=""se_basna"" title=""アクセント"">zgi</u>ke","<var class=""x1"">x<sub>1</sub></var> は <var class=""x2"">x<sub>2</sub></var> に演奏 / 制作される音楽","<var class=""x2"">x<sub>2</sub></var> は者だけでなく事も。","<li>音楽</li>","<li class=""cimei-lerfu"">zgi</li><li class=""cimei-lerfu"">gi'e</li><li class=""vomei-lerfu"">zgik</li>","<li>&lt;ずっと義兄は音楽&gt;</li>","<li><a class=""gismu"" rel=""noreferrer"" href=""https://jbovlaste.lojban.org/dict/damri"" title=""gismu: x1 は x2 (ばち)による打楽器(太鼓 / ドラムス / シンバル)""><u class=""se_basna"">da</u>mri</a></li><li><a class=""gismu"" rel=""noreferrer"" href=""https://jbovlaste.lojban.org/dict/dansu"" title=""gismu: x1 は x2 (音楽 / リズム)に合わせて踊る; x1 は x2 にノる""><u class=""se_basna"">da</u>nsu</a></li><li><a class=""gismu"" rel=""noreferrer"" href=""https://jbovlaste.lojban.org/dict/flani"" title=""gismu: x1 は簧(した / リード)を用いない木管楽器 / フルート / 横笛 / リコーダー""><u class=""se_basna"">fla</u>ni</a></li><li><a class=""gismu"" rel=""noreferrer"" href=""https://jbovlaste.lojban.org/dict/janbe"" title=""gismu: x1 は x2 (音)を奏でる鐘 / 鈴 / ベル / チャイム""><u class=""se_basna"">ja</u>nbe</a></li><li><a class=""gismu"" rel=""noreferrer"" href=""https://jbovlaste.lojban.org/dict/jgita"" title=""gismu: x1 は x2 (特性)の弦楽器""><u class=""se_basna"">jgi</u>ta</a></li><li><a class=""gismu"" rel=""noreferrer"" href=""https://jbovlaste.lojban.org/dict/pipno"" title=""gismu: x1 は鍵盤楽器(ピアノ / ハープシコード / シンセサイザー / オルガン)""><u class=""se_basna"">pi</u>pno</a></li><li><a class=""gismu"" rel=""noreferrer"" href=""https://jbovlaste.lojban.org/dict/rilti"" title=""gismu: x1 は x2 (形態)のリズム / 律動 / 調子 / 拍子""><u class=""se_basna"">ri</u>lti</a></li><li><a class=""gismu"" rel=""noreferrer"" href=""https://jbovlaste.lojban.org/dict/tabra"" title=""gismu: x1 は金管楽器 / ホルン / トランペット / トロンボーン / 喇叭(ラッパ)""><u class=""se_basna"">ta</u>bra</a></li><li><a class=""gismu"" rel=""noreferrer"" href=""https://jbovlaste.lojban.org/dict/tonga"" title=""gismu: x1 は x2 (音程)・ x3 (音源)の音 / トーン""><u class=""se_basna"">to</u>nga</a></li><li><a class=""gismu"" rel=""noreferrer"" href=""https://jbovlaste.lojban.org/dict/xagri"" title=""gismu: x1 は x2 (簧 / リード)の木管楽器 / 金管楽器 / オーボエ / クラリネット / サクソフォーン""><u class=""se_basna"">xa</u>gri</a></li><li><a class=""gismu"" rel=""noreferrer"" href=""https://jbovlaste.lojban.org/dict/siclu"" title=""gismu: x1 は x2 (音)をさえずる""><u class=""se_basna"">si</u>clu</a></li>","","B1::etc","[sound:zgike.mp3]","<img alt=""音楽を聴く妊婦のイラスト"" src=""zgike.png"" title=""音楽を聴く妊婦のイラスト"" ondblclick=""location.href = &quot;https://www.irasutoya.com/2018/10/blog-post_408.html&quot;;"" />"
