"4da38148-b462-458e-be1e-06fbe2985c73","binxo","ˈbinxo","gismu","<u class=""se_basna"" title=""アクセント"">bi</u>nxo","<var class=""x1"">x<sub>1</sub></var> は <var class=""x2"">x<sub>2</sub></var> に <var class=""x3"">x<sub>3</sub></var> (条件)の下で成る / 変身する","","<li>成る</li>","<li class=""cimei-lerfu"">bix</li><li class=""cimei-lerfu"">bi'o</li><li class=""vomei-lerfu"">binx</li>","<li>&lt;ビンがホット&gt;</li><li>become</li><li>bian(変)</li>","<li><a class=""gismu"" rel=""noreferrer"" href=""https://jbovlaste.lojban.org/dict/cenba"" title=""gismu: x1 は x2 (性質)に関して x3 (数量 / 度合)ほど x4 (環境条件)において変化 / 変質 / 変身する / 変わる""><u class=""se_basna"">ce</u>nba</a></li><li><a class=""gismu"" rel=""noreferrer"" href=""https://jbovlaste.lojban.org/dict/galfi"" title=""gismu: x1 は x2 を x3 に改変する / 変える""><u class=""se_basna"">ga</u>lfi</a></li><li><a class=""gismu"" rel=""noreferrer"" href=""https://jbovlaste.lojban.org/dict/stika"" title=""gismu: x1 は x2 (性質 / 数量)を x3 (程度)ほど調整する""><u class=""se_basna"">sti</u>ka</a></li><li><a class=""gismu"" rel=""noreferrer"" href=""https://jbovlaste.lojban.org/dict/zasni"" title=""gismu: x1 は x2 (性質)に関して、 x3 (観点)にとって一時的 / 過渡的 / 可変""><u class=""se_basna"">za</u>sni</a></li>","<div class=""mupli""><p lang=""jbo"">.<span class=""cmavo"" ondblclick=""location.href = &quot;https://jbovlaste.lojban.org/dict/ei&quot;;"" title=""cmavo: 義務 (ei 義務 - einai 自由)""><u class=""relkarsna"">ei</u></span> <span class=""gismu"" ondblclick=""location.href = &quot;https://jbovlaste.lojban.org/dict/binxo&quot;;"" title=""gismu: x1 は x2 に x3 (条件)の下で成る / 変身する""><u class=""se_basna"">bi</u>nxo</span> <span class=""cmavo"" ondblclick=""location.href = &quot;https://jbovlaste.lojban.org/dict/lo&quot;;"" title=""cmavo: それであるもの : 冠詞(客観系); selbri を冠する; 指示対象は真にその selbri に当てはまる"">lo</span> <span class=""cmavo"" ondblclick=""location.href = &quot;https://jbovlaste.lojban.org/dict/ka'e&quot;;"" title=""cmavo: できる、あり得る : 間制詞(モダリティ); 内在的可能性"">ka'e</span> <span class=""gismu"" ondblclick=""location.href = &quot;https://jbovlaste.lojban.org/dict/frili&quot;;"" title=""gismu: x1 (事)は x2 (者)にとって x3 (条件)において簡単 / 容易; x2 は x1 をた易くこなす""><u class=""se_basna"">fri</u>li</span> <span class=""gismu"" ondblclick=""location.href = &quot;https://jbovlaste.lojban.org/dict/pilno&quot;;"" title=""gismu: x1 は x2 (道具 / 機械 / 者)を x3 (目的)のために使う / 用いる""><u class=""se_basna"">pi</u>lno</span> <span class=""cmavo"" ondblclick=""location.href = &quot;https://jbovlaste.lojban.org/dict/be&quot;;"" title=""cmavo: 〜の : sumti を brivla に接続する"">be</span> <span class=""cmavo"" ondblclick=""location.href = &quot;https://jbovlaste.lojban.org/dict/lo&quot;;"" title=""cmavo: それであるもの : 冠詞(客観系); selbri を冠する; 指示対象は真にその selbri に当てはまる"">lo</span> <span class=""cmavo"" ondblclick=""location.href = &quot;https://jbovlaste.lojban.org/dict/ka&quot;;"" title=""cmavo: 性質抽象 : 抽象詞; bridi の左に付いて、その bridi が内包する性質を抽出する; 抽象の焦点となる sumti を「ce'u」に替えて置ける; bridi の範囲を含めた全体が1つの selbri となる; 冠詞を左に加えると sumti になる; x1 は[bridi]に表される性質"">ka</span> <span class=""gismu"" ondblclick=""location.href = &quot;https://jbovlaste.lojban.org/dict/stace&quot;;"" title=""gismu: x1 は x2 にたいして、 x3 (事柄)に関して正直 / 誠実 / 率直""><u class=""se_basna"">sta</u>ce</span> .<span class=""cmavo"" ondblclick=""location.href = &quot;https://jbovlaste.lojban.org/dict/e&quot;;"" title=""cmavo: sumti 論理積(AND) / 〜と〜 : 接続詞(論理・後置・sumti); 前部と後部は共に真"">e</span> <span class=""cmavo"" ondblclick=""location.href = &quot;https://jbovlaste.lojban.org/dict/lo&quot;;"" title=""cmavo: それであるもの : 冠詞(客観系); selbri を冠する; 指示対象は真にその selbri に当てはまる"">lo</span> <span class=""cmavo"" ondblclick=""location.href = &quot;https://jbovlaste.lojban.org/dict/ka&quot;;"" title=""cmavo: 性質抽象 : 抽象詞; bridi の左に付いて、その bridi が内包する性質を抽出する; 抽象の焦点となる sumti を「ce'u」に替えて置ける; bridi の範囲を含めた全体が1つの selbri となる; 冠詞を左に加えると sumti になる; x1 は[bridi]に表される性質"">ka</span> <span class=""gismu"" ondblclick=""location.href = &quot;https://jbovlaste.lojban.org/dict/lazni&quot;;"" title=""gismu: x1 (者)は x2 (動作 / 仕事 / 努力 / 事)に関して怠惰 / 怠ける; x1 は x2 を怠る""><u class=""se_basna"">la</u>zni</span></p><p lang=""ja"" title=""山頭火「行乞記(二)」"">正直と横着とが自由自在に使へるやうにならなければならない</p></div>","<li><a class=""gismu"" rel=""noreferrer"" href=""https://jbovlaste.lojban.org/dict/bindo"" title=""x1 は x2 (性質面)に関してインドネシア系(言語 / 文化 / 民族 / 地理)"" data-distance=""0.866667"">bindo</a></li>","A1::etc.","[sound:binxo.mp3]","<img alt=""変形ロボのイラスト"" src=""binxo.png"" title=""変形ロボのイラスト"" ondblclick=""location.href = &quot;https://www.irasutoya.com/2019/08/blog-post_735.html&quot;;"" />"
"b1ba6b6f-8976-4e63-8a71-8bcfbe36878d","cmene","ʃˈmɛnɛ","gismu","<u class=""se_basna"" title=""アクセント"">cme</u>ne","<var class=""x1"">x<sub>1</sub></var> (文字列)は <var class=""x2"">x<sub>2</sub></var> の、 <var class=""x3"">x<sub>3</sub></var> (者)による名称; <var class=""x3"">x<sub>3</sub></var> は <var class=""x2"">x<sub>2</sub></var> を <var class=""x1"">x<sub>1</sub></var> と呼ぶ; <var class=""x2"">x<sub>2</sub></var> は <var class=""x1"">x<sub>1</sub></var> と呼ばれている","","<li>名前</li>","<li class=""cimei-lerfu"">cme</li><li class=""cimei-lerfu"">me'e</li><li class=""vomei-lerfu"">cmen</li>","<li>名</li>","<li><a class=""cmavo"" rel=""noreferrer"" href=""https://jbovlaste.lojban.org/dict/me'e"" title=""cmavo: 〜という名の : cmene 法制詞, x1"">me'e</a></li><li><a class=""gismu"" rel=""noreferrer"" href=""https://jbovlaste.lojban.org/dict/gismu"" title=""gismu: x1 (文字列)は x2 (意味関係)を x3 (項)について表す、 x4 (形態素)からなる語根""><u class=""se_basna"">gi</u>smu</a></li><li><a class=""gismu"" rel=""noreferrer"" href=""https://jbovlaste.lojban.org/dict/tcita"" title=""gismu: x1 は x2 の x3 (情報)を表す札 / タグ""><u class=""se_basna"">tci</u>ta</a></li><li><a class=""gismu"" rel=""noreferrer"" href=""https://jbovlaste.lojban.org/dict/valsi"" title=""gismu: x1 は x2 (意味 / 効力)を有する、 x3 (言語)の言葉 / 語彙""><u class=""se_basna"">va</u>lsi</a></li><li><a class=""gismu"" rel=""noreferrer"" href=""https://jbovlaste.lojban.org/dict/judri"" title=""gismu: x1 は x2 の、 x3 (体系)における住所 / 宛先""><u class=""se_basna"">ju</u>dri</a></li>","","","A1::etc.","[sound:cmene.mp3]","<img alt=""ネームタグを付けた猫のイラスト"" src=""cmene.png"" title=""ネームタグを付けた猫のイラスト"" ondblclick=""location.href = &quot;https://www.irasutoya.com/2019/04/blog-post_57.html&quot;;"" />"
"fc458abc-05c9-4172-a1b1-17d3c1a59045","dasni","ˈdasni","gismu","<u class=""se_basna"" title=""アクセント"">da</u>sni","<var class=""x1"">x<sub>1</sub></var> は <var class=""x2"">x<sub>2</sub></var> を <var class=""x3"">x<sub>3</sub></var> (着用様式)で着ている / 履いている / 被っている / 身に付けている","身に着けている状態を表す。「<span class=""cmavo"" ondblclick=""location.href = &quot;https://jbovlaste.lojban.org/dict/co'a&quot;;"" title=""cmavo: 開始 : 相制詞"">co'a</span> <span class=""gismu"" ondblclick=""location.href = &quot;https://jbovlaste.lojban.org/dict/dasni&quot;;"" title=""gismu: x1 は x2 を x3 (着用様式)で着ている / 履いている / 被っている / 身に付けている""><u class=""se_basna"">da</u>sni</span> / 着る」「<span class=""cmavo"" ondblclick=""location.href = &quot;https://jbovlaste.lojban.org/dict/co'u&quot;;"" title=""cmavo: 停止 : 相制詞; 〜の停止時点において"">co'u</span> <span class=""gismu"" ondblclick=""location.href = &quot;https://jbovlaste.lojban.org/dict/dasni&quot;;"" title=""gismu: x1 は x2 を x3 (着用様式)で着ている / 履いている / 被っている / 身に付けている""><u class=""se_basna"">da</u>sni</span> / 脱ぐ」 <var class=""x2"">x<sub>2</sub></var> は、「<span class=""gismu"" ondblclick=""location.href = &quot;https://jbovlaste.lojban.org/dict/taxfu&quot;;"" title=""gismu: x1 は x2 (身体部分 / 性別 / 種族)・ x3 (目的 / 機能)の衣服 / 服飾""><u class=""se_basna"">ta</u>xfu</span>」と違って、着用目的で作られたものでなくても構わない。","<li>着用</li>","<li class=""cimei-lerfu"">das</li><li class=""vomei-lerfu"">dasn</li>","<li>&lt;ダサいニット&gt;</li>","<li><a class=""gismu"" rel=""noreferrer"" href=""https://jbovlaste.lojban.org/dict/taxfu"" title=""gismu: x1 は x2 (身体部分 / 性別 / 種族)・ x3 (目的 / 機能)の衣服 / 服飾""><u class=""se_basna"">ta</u>xfu</a></li>","","<li><a class=""gismu"" rel=""noreferrer"" href=""https://jbovlaste.lojban.org/dict/dansu"" title=""x1 は x2 (音楽 / リズム)に合わせて踊る; x1 は x2 にノる"" data-distance=""0.783333"">dansu</a></li><li><a class=""gismu"" rel=""noreferrer"" href=""https://jbovlaste.lojban.org/dict/danti"" title=""x1 は x2 (装置)で撃つ弾頭 / 弾丸"" data-distance=""0.866667"">danti</a></li><li><a class=""gismu"" rel=""noreferrer"" href=""https://jbovlaste.lojban.org/dict/darsi"" title=""x1 (者)は x2 (事 / 行為)に関して大胆に振舞う / ずぶとさをみせる / 厚かましい; x1 はあえて / 思い切って x2 をする"" data-distance=""0.866667"">darsi</a></li><li><a class=""gismu"" rel=""noreferrer"" href=""https://jbovlaste.lojban.org/dict/daski"" title=""x1 は x2 (物)のためのポケット / ポーチ / 小物入れ"" data-distance=""0.866667"">daski</a></li><li><a class=""gismu"" rel=""noreferrer"" href=""https://jbovlaste.lojban.org/dict/dasri"" title=""x1 は x2 (素材)のリボン / テープ / 帯"" data-distance=""0.866667"">dasri</a></li><li><a class=""gismu"" rel=""noreferrer"" href=""https://jbovlaste.lojban.org/dict/datni"" title=""x1 は x2 (題目)について x3 (方法)で得たデータ / 情報 / 統計"" data-distance=""0.866667"">datni</a></li><li><a class=""gismu"" rel=""noreferrer"" href=""https://jbovlaste.lojban.org/dict/drani"" title=""x1 は x2 (性質)に関して x3 (状況)のとき x4 (基準)において正しい / 正確 / 適宜"" data-distance=""0.866667"">drani</a></li><li><a class=""gismu"" rel=""noreferrer"" href=""https://jbovlaste.lojban.org/dict/zasni"" title=""x1 は x2 (性質)に関して、 x3 (観点)にとって一時的 / 過渡的 / 可変"" data-distance=""0.866667"">zasni</a></li><li><a class=""gismu"" rel=""noreferrer"" href=""https://jbovlaste.lojban.org/dict/zdani"" title=""x1 は x2 の(ための)巣 / 家 / ねぐら / アジト"" data-distance=""0.866667"">zdani</a></li><li><a class=""gismu"" rel=""noreferrer"" href=""https://jbovlaste.lojban.org/dict/tansi"" title=""x1 は x2 (内容)・ x3 (素材)のたらい / 水ばち / 水盤 / 流し"" data-distance=""0.783333"">tansi</a></li><li><a class=""gismu"" rel=""noreferrer"" href=""https://jbovlaste.lojban.org/dict/tsani"" title=""x1 は x2 (所)の空 / 天空"" data-distance=""0.783333"">tsani</a></li>","A1::etc.","[sound:dasni.mp3]","<img alt=""着ぶくれのイラスト（女性）"" src=""dasni.png"" title=""着ぶくれのイラスト（女性）"" ondblclick=""location.href = &quot;https://www.irasutoya.com/2017/07/blog-post_661.html&quot;;"" />"
"0831f948-b5ad-4ba2-a954-542194cab3f7","djacu","ˈdʒaʃu","gismu","<u class=""se_basna"" title=""アクセント"">dja</u>cu","<var class=""x1"">x<sub>1</sub></var> は水; <var class=""x1"">x<sub>1</sub></var> は水溶性 / 含水の","","<li>水</li>","<li class=""cimei-lerfu"">jac</li><li class=""cimei-lerfu"">j<u class=""relkarsna"">au</u></li><li class=""vomei-lerfu"">djac</li>","","<li><a class=""gismu"" rel=""noreferrer"" href=""https://jbovlaste.lojban.org/dict/lalxu"" title=""gismu: x1 は x2 (所)の湖 / 池 / 水たまり""><u class=""se_basna"">la</u>lxu</a></li><li><a class=""gismu"" rel=""noreferrer"" href=""https://jbovlaste.lojban.org/dict/rirxe"" title=""gismu: x1 は x2 (土地)の x3 (流域)が x4 (河口)に流れる河川""><u class=""se_basna"">ri</u>rxe</a></li><li><a class=""gismu"" rel=""noreferrer"" href=""https://jbovlaste.lojban.org/dict/xamsi"" title=""gismu: x1 は x2 (領域 / 惑星)・ x3 (液体成分)の海 / 海洋""><u class=""se_basna"">xa</u>msi</a></li><li><a class=""gismu"" rel=""noreferrer"" href=""https://jbovlaste.lojban.org/dict/limna"" title=""gismu: x1 は x2 (液体)中を泳ぐ / 水泳する""><u class=""se_basna"">li</u>mna</a></li><li><a class=""gismu"" rel=""noreferrer"" href=""https://jbovlaste.lojban.org/dict/litki"" title=""gismu: x1 は x2 (成分 / 物質)の、 x3 (条件)における液体 / 流動体""><u class=""se_basna"">li</u>tki</a></li><li><a class=""gismu"" rel=""noreferrer"" href=""https://jbovlaste.lojban.org/dict/lumci"" title=""gismu: x1 は x2 の汚れ x3 を洗浄剤 / 用具 x4 で洗う""><u class=""se_basna"">lu</u>mci</a></li><li><a class=""gismu"" rel=""noreferrer"" href=""https://jbovlaste.lojban.org/dict/bumru"" title=""gismu: x1 は x2 (液体成分)の霧 / 水蒸気 / もや; x1 は霧っぽい / もやもやしている / かすんでいる""><u class=""se_basna"">bu</u>mru</a></li><li><a class=""gismu"" rel=""noreferrer"" href=""https://jbovlaste.lojban.org/dict/jinto"" title=""gismu: x1 は x2 (液体)・ x3 (所)の井戸 / (石油 / 天然ガスの)井 / 泉 / 鉱泉 / 温泉""><u class=""se_basna"">ji</u>nto</a></li>","","<li><a class=""gismu"" rel=""noreferrer"" href=""https://jbovlaste.lojban.org/dict/dacru"" title=""x1 は x2 (構造)・ x3 (内容)の引き出し / たんす"" data-distance=""0.866667"">dacru</a></li>","A1::etc.","[sound:djacu.mp3]","<img alt=""水素水のイラスト"" src=""djacu.png"" title=""水素水のイラスト"" ondblclick=""location.href = &quot;https://www.irasutoya.com/2016/05/blog-post_222.html&quot;;"" />"
"51e95eac-4f95-412c-ba1e-24fa930487ab","djuno","ˈdʒuno","gismu","<u class=""se_basna"" title=""アクセント"">dju</u>no","<var class=""x1"">x<sub>1</sub></var> は <var class=""x2"">x<sub>2</sub></var> (命題)・ <var class=""x3"">x<sub>3</sub></var> (題目)を <var class=""x4"">x<sub>4</sub></var> (認識体系)で知る","","<li>知る</li>","<li class=""cimei-lerfu"">jun</li><li class=""cimei-lerfu"">ju'o</li><li class=""vomei-lerfu"">djun</li>","","<li><a class=""cmavo"" rel=""noreferrer"" href=""https://jbovlaste.lojban.org/dict/se"" title=""cmavo: x1-x2 転換 : selbri の左に付いてPSの x1 と x2 を転換する"">se</a> <a class=""gismu"" rel=""noreferrer"" href=""https://jbovlaste.lojban.org/dict/slabu"" title=""gismu: x1 は x2 (者)にとって x3 (性質)の点で x4 (観点)から判断してなじみがある""><u class=""se_basna"">sla</u>bu</a></li><li><a class=""cmavo"" rel=""noreferrer"" href=""https://jbovlaste.lojban.org/dict/na'e"" title=""cmavo: 段階否定(〜以外の / 〜ではなく) : 段階詞"">na'e</a> <a class=""gismu"" rel=""noreferrer"" href=""https://jbovlaste.lojban.org/dict/cnino"" title=""gismu: x1 は x2 (者)にとって、 x3 (性質)・ x4 (基準)に関して新しい""><u class=""se_basna"">cni</u>no</a></li><li><a class=""cmavo"" rel=""noreferrer"" href=""https://jbovlaste.lojban.org/dict/na'e"" title=""cmavo: 段階否定(〜以外の / 〜ではなく) : 段階詞"">na'e</a> <a class=""gismu"" rel=""noreferrer"" href=""https://jbovlaste.lojban.org/dict/fange"" title=""gismu: x1 は x2 にたいして x3 (性質)の点で異質 / 外来 / 別世界的 / 風変わり""><u class=""se_basna"">fa</u>nge</a></li><li><a class=""cmavo"" rel=""noreferrer"" href=""https://jbovlaste.lojban.org/dict/du'o"" title=""cmavo: 〜によると : djuno 法制詞, x1"">du'o</a></li><li><a class=""gismu"" rel=""noreferrer"" href=""https://jbovlaste.lojban.org/dict/cilre"" title=""gismu: x1 は x2 (命題)・ x3 (題目)を x4 (情報源)から x5 (方法)によって習う""><u class=""se_basna"">ci</u>lre</a></li><li><a class=""gismu"" rel=""noreferrer"" href=""https://jbovlaste.lojban.org/dict/certu"" title=""gismu: x1 は x2 (事 / 行為)の、 x3 (基準)における玄人 / 達人 / プロ / ベテラン""><u class=""se_basna"">ce</u>rtu</a></li><li><a class=""gismu"" rel=""noreferrer"" href=""https://jbovlaste.lojban.org/dict/facki"" title=""gismu: x1 は x2 (命題)を x3 (題目)について発見する; x1 は x3 (物)を見つける / 探し当てる""><u class=""se_basna"">fa</u>cki</a></li><li><a class=""gismu"" rel=""noreferrer"" href=""https://jbovlaste.lojban.org/dict/jijnu"" title=""gismu: x1 は x2 (命題)を x3 (題目)について直感する / 勘づく""><u class=""se_basna"">ji</u>jnu</a></li><li><a class=""gismu"" rel=""noreferrer"" href=""https://jbovlaste.lojban.org/dict/jimpe"" title=""gismu: x1 は x2 (命題)を x3 (題目)について理解する; x1 は x3 がわかる""><u class=""se_basna"">ji</u>mpe</a></li><li><a class=""gismu"" rel=""noreferrer"" href=""https://jbovlaste.lojban.org/dict/senpi"" title=""gismu: x1 は x2 (命題)の真実性を疑う; x2 は信憑性に欠ける""><u class=""se_basna"">se</u>npi</a></li><li><a class=""gismu"" rel=""noreferrer"" href=""https://jbovlaste.lojban.org/dict/smadi"" title=""gismu: x1 は x2 (命題)を、 x3 (題目)について推測する""><u class=""se_basna"">sma</u>di</a></li><li><a class=""gismu"" rel=""noreferrer"" href=""https://jbovlaste.lojban.org/dict/kakne"" title=""gismu: x1 は x2 (事)が x3 (条件)においてできる; x1 は有能""><u class=""se_basna"">ka</u>kne</a></li><li><a class=""gismu"" rel=""noreferrer"" href=""https://jbovlaste.lojban.org/dict/birti"" title=""gismu: x1 は x2 (命題)が真であると確信している""><u class=""se_basna"">bi</u>rti</a></li><li><a class=""gismu"" rel=""noreferrer"" href=""https://jbovlaste.lojban.org/dict/mipri"" title=""gismu: x1 は x2 を x3 から、 x4 (方法)によって匿う / 隠す / 秘密にする""><u class=""se_basna"">mi</u>pri</a></li><li><a class=""gismu"" rel=""noreferrer"" href=""https://jbovlaste.lojban.org/dict/morji"" title=""gismu: x1 は x2 (命題)を x3 (題目)について思い出す / 回想する""><u class=""se_basna"">mo</u>rji</a></li><li><a class=""gismu"" rel=""noreferrer"" href=""https://jbovlaste.lojban.org/dict/saske"" title=""gismu: x1 (事実群)は x2 (題目)・ x3 (方法論)の科学的知識""><u class=""se_basna"">sa</u>ske</a></li><li><a class=""gismu"" rel=""noreferrer"" href=""https://jbovlaste.lojban.org/dict/viska"" title=""gismu: x1 は x2 を x3 (状態条件)のもと視覚する; x1 には x2 が見える; x1 には視覚能力 / 光学的感知能力がある""><u class=""se_basna"">vi</u>ska</a></li>","","<li><a class=""gismu"" rel=""noreferrer"" href=""https://jbovlaste.lojban.org/dict/jungo"" title=""x1 は x2 (性質面)に関して中国系(言語 / 文化 / 民族 / 地理)"" data-distance=""0.866667"">jungo</a></li>","A1::etc.","[sound:djuno.mp3]","<img alt=""アンテナを張る人のイラスト（女性）"" src=""djuno.png"" title=""アンテナを張る人のイラスト（女性）"" ondblclick=""location.href = &quot;https://www.irasutoya.com/2019/01/blog-post_147.html&quot;;"" />"
"2518f62f-066b-4765-8f31-49210c83fd60","dunda","ˈdunda","gismu","<u class=""se_basna"" title=""アクセント"">du</u>nda","<var class=""x1"">x<sub>1</sub></var> は <var class=""x2"">x<sub>2</sub></var> を <var class=""x3"">x<sub>3</sub></var> (者)に与える / 贈る / 授ける","支払いや返済の無い授与行為。 <var class=""x2"">x<sub>2</sub></var> は物だけでなく事や性質も。","<li>与える</li>","<li class=""cimei-lerfu"">dud</li><li class=""cimei-lerfu"">du'a</li><li class=""vomei-lerfu"">dund</li>","","","","<li><a class=""gismu"" rel=""noreferrer"" href=""https://jbovlaste.lojban.org/dict/bunda"" title=""x1 は x2 (数)・ x3 (単位系)・ x4 (下位単位)の非メートル法 / 土着の質量 / 貫 / パウンド"" data-distance=""0.866667"">bunda</a></li><li><a class=""gismu"" rel=""noreferrer"" href=""https://jbovlaste.lojban.org/dict/dunja"" title=""x1 は x2 (温度)・ x3 (圧力)で凍る / 凝固する / 固まる; x1 は凍っている"" data-distance=""0.866667"">dunja</a></li><li><a class=""gismu"" rel=""noreferrer"" href=""https://jbovlaste.lojban.org/dict/dunra"" title=""x1 は x2 (年)・ x3 (所)の冬季"" data-distance=""0.866667"">dunra</a></li><li><a class=""gismu"" rel=""noreferrer"" href=""https://jbovlaste.lojban.org/dict/tunta"" title=""x1 (物)は x2 を刺す / 突く / 突き刺す / つつく; x2 は x1 に刺される"" data-distance=""0.733333"">tunta</a></li>","A1::etc.","[sound:dunda.mp3]","<img alt=""誕生日のイラスト「誕生日プレゼント」"" src=""dunda.png"" title=""誕生日のイラスト「誕生日プレゼント」"" ondblclick=""location.href = &quot;https://www.irasutoya.com/2012/04/blog-post_5473.html&quot;;"" />"
"8871645a-400c-487d-b651-aa8e2db9a941","fagri","ˈfagri","gismu","<u class=""se_basna"" title=""アクセント"">fa</u>gri","<var class=""x1"">x<sub>1</sub></var> は <var class=""x2"">x<sub>2</sub></var> (燃料)・ <var class=""x3"">x<sub>3</sub></var> (酸化料)による火 / 炎","","<li>火</li>","<li class=""cimei-lerfu"">fag</li><li class=""vomei-lerfu"">fagr</li>","","<li><a class=""gismu"" rel=""noreferrer"" href=""https://jbovlaste.lojban.org/dict/jelca"" title=""gismu: x1 は x2 (温度)・ x3 (気体)において燃える; x1 には可燃性がある""><u class=""se_basna"">je</u>lca</a></li><li><a class=""gismu"" rel=""noreferrer"" href=""https://jbovlaste.lojban.org/dict/sacki"" title=""gismu: x1 は x2 (素材 / 仕組)による発火装置""><u class=""se_basna"">sa</u>cki</a></li>","<div class=""mupli""><p lang=""jbo""><span class=""cmavo"" ondblclick=""location.href = &quot;https://jbovlaste.lojban.org/dict/o'i&quot;;"" title=""cmavo: 用心 (o'i 用心 - o'inai 軽率)"">o'i</span> <span class=""gismu"" ondblclick=""location.href = &quot;https://jbovlaste.lojban.org/dict/fagri&quot;;"" title=""gismu: x1 は x2 (燃料)・ x3 (酸化料)による火 / 炎""><u class=""se_basna"">fa</u>gri</span> <span class=""gismu"" ondblclick=""location.href = &quot;https://jbovlaste.lojban.org/dict/snuti&quot;;"" title=""gismu: x1 (事 / 状態)は x2 (観点)にとって事故 / 偶然""><u class=""se_basna"">snu</u>ti</span></p><p lang=""ja"">火の用心</p></div>","<li><a class=""gismu"" rel=""noreferrer"" href=""https://jbovlaste.lojban.org/dict/bakri"" title=""x1 は x2 (起源)・ x3 (形状)のチョーク"" data-distance=""0.733333"">bakri</a></li><li><a class=""gismu"" rel=""noreferrer"" href=""https://jbovlaste.lojban.org/dict/cfari"" title=""x1 (事 / 状態)は始まる / 開始する"" data-distance=""0.866667"">cfari</a></li><li><a class=""gismu"" rel=""noreferrer"" href=""https://jbovlaste.lojban.org/dict/fanri"" title=""x1 は x2 を x3 (材料)から製造する工場 / 鋳造工場 / 工業プラント / 製作所"" data-distance=""0.866667"">fanri</a></li><li><a class=""gismu"" rel=""noreferrer"" href=""https://jbovlaste.lojban.org/dict/farvi"" title=""x1 は x2 に x3 から x4 (過程)を通じて発達 / 発展 / 進化する"" data-distance=""0.866667"">farvi</a></li><li><a class=""gismu"" rel=""noreferrer"" href=""https://jbovlaste.lojban.org/dict/fatri"" title=""x1 (物)は x2 (受け手)に x3 (分け前)で分配 / 配当される / 割り当てられる"" data-distance=""0.866667"">fatri</a></li><li><a class=""gismu"" rel=""noreferrer"" href=""https://jbovlaste.lojban.org/dict/xagri"" title=""x1 は x2 (簧 / リード)の木管楽器 / 金管楽器 / オーボエ / クラリネット / サクソフォーン"" data-distance=""0.866667"">xagri</a></li><li><a class=""gismu"" rel=""noreferrer"" href=""https://jbovlaste.lojban.org/dict/jgari"" title=""x1 は x2 (対象本体)・ x4 (対象箇所)を x3 ( x1 の部分)で掴む / 握る"" data-distance=""0.783333"">jgari</a></li>","A1::etc.","[sound:fagri.mp3]","<img alt=""クトゥグアのイラスト"" src=""fagri.png"" title=""クトゥグアのイラスト"" ondblclick=""location.href = &quot;https://www.irasutoya.com/2018/10/blog-post_62.html&quot;;"" />"
"b97a0227-5df2-42c8-aac0-e2a6da804364","ganse","ˈgansɛ","gismu","<u class=""se_basna"" title=""アクセント"">ga</u>nse","<var class=""x1"">x<sub>1</sub></var> (者)は <var class=""x2"">x<sub>2</sub></var> (性質)を <var class=""x3"">x<sub>3</sub></var> (手段)によって、 <var class=""x4"">x<sub>4</sub></var> (環境条件)のもと感知 / 感得する / 感じ取る; <var class=""x1"">x<sub>1</sub></var> は <var class=""x2"">x<sub>2</sub></var> にたいして敏感 / センシティヴ","","<li>感知</li>","<li class=""cimei-lerfu"">gas</li><li class=""cimei-lerfu"">ga'e</li><li class=""vomei-lerfu"">gans</li>","","<li><a class=""gismu"" rel=""noreferrer"" href=""https://jbovlaste.lojban.org/dict/pencu"" title=""gismu: x1 は x2 に、 x3 が x4 に接する形で触る""><u class=""se_basna"">pe</u>ncu</a></li><li><a class=""gismu"" rel=""noreferrer"" href=""https://jbovlaste.lojban.org/dict/sanji"" title=""gismu: x1 は x2 (物 / 事)について意識がある; x1 は x2 を意識 / 認識している""><u class=""se_basna"">sa</u>nji</a></li><li><a class=""gismu"" rel=""noreferrer"" href=""https://jbovlaste.lojban.org/dict/viska"" title=""gismu: x1 は x2 を x3 (状態条件)のもと視覚する; x1 には x2 が見える; x1 には視覚能力 / 光学的感知能力がある""><u class=""se_basna"">vi</u>ska</a></li><li><a class=""gismu"" rel=""noreferrer"" href=""https://jbovlaste.lojban.org/dict/sumne"" title=""gismu: x1 は x2 を嗅ぐ / 匂う""><u class=""se_basna"">su</u>mne</a></li><li><a class=""gismu"" rel=""noreferrer"" href=""https://jbovlaste.lojban.org/dict/tirna"" title=""gismu: x1 は x2 (対象音声)を x3 (環境音声)にたいして聞く; x2 が x1 に聞こえる; x1 には聴覚がある; x2 は可聴音""><u class=""se_basna"">ti</u>rna</a></li><li><a class=""gismu"" rel=""noreferrer"" href=""https://jbovlaste.lojban.org/dict/zgana"" title=""gismu: x1 は x2 (対象)を x3 (方法)・ x4 (条件)で観察 / 観賞 / 鑑賞する""><u class=""se_basna"">zga</u>na</a></li><li><a class=""gismu"" rel=""noreferrer"" href=""https://jbovlaste.lojban.org/dict/canci"" title=""gismu: x1 は地点 x2 において感覚器 / センサー x3 の視界から消える""><u class=""se_basna"">ca</u>nci</a></li><li><a class=""gismu"" rel=""noreferrer"" href=""https://jbovlaste.lojban.org/dict/simlu"" title=""gismu: x1 は x2 (性質)であるよう x3 (者)に x4 (状態条件)の下で見受けられる; x1 は x2 らしい気が x3 にする""><u class=""se_basna"">si</u>mlu</a></li>","","<li><a class=""gismu"" rel=""noreferrer"" href=""https://jbovlaste.lojban.org/dict/gunse"" title=""x1 は x2 (種類)のカモ科動物(カモ / ハクチョウ / ガン等)"" data-distance=""0.866667"">gunse</a></li><li><a class=""gismu"" rel=""noreferrer"" href=""https://jbovlaste.lojban.org/dict/gasnu"" title=""x1 (者)は x2 (事)をする"" data-distance=""0.783333"">gasnu</a></li><li><a class=""gismu"" rel=""noreferrer"" href=""https://jbovlaste.lojban.org/dict/xasne"" title=""x1 は x2 (肉体)・ x3 (分泌器官)から出る汗"" data-distance=""0.783333"">xasne</a></li><li><a class=""gismu"" rel=""noreferrer"" href=""https://jbovlaste.lojban.org/dict/xance"" title=""x1 は x2 (本体)の手"" data-distance=""0.733333"">xance</a></li>","A1::etc.","[sound:ganse.mp3]","<img alt=""モロー反射のイラスト（原始反射）"" src=""ganse.png"" title=""モロー反射のイラスト（原始反射）"" ondblclick=""location.href = &quot;https://www.irasutoya.com/2016/08/blog-post_72.html&quot;;"" />"
"ed748d08-d181-427a-9eb7-c4907332863d","gunma","ˈgunma","gismu","<u class=""se_basna"" title=""アクセント"">gu</u>nma","<var class=""x1"">x<sub>1</sub></var> は <var class=""x2"">x<sub>2</sub></var> (要素)からなる群 / 団","行為や動作について共同的となっているまとまり。","<li>群</li>","<li class=""cimei-lerfu"">gum</li><li class=""vomei-lerfu"">gunm</li>","<li>群</li><li>gun(共)</li><li>mass</li>","<li><a class=""gismu"" rel=""noreferrer"" href=""https://jbovlaste.lojban.org/dict/bende"" title=""gismu: x1 は x2 (者達)・ x3 (引率者)からなる、 x4 (目的)のための仲間 / チーム / 乗組員 / バンド / 班""><u class=""se_basna"">be</u>nde</a></li><li><a class=""gismu"" rel=""noreferrer"" href=""https://jbovlaste.lojban.org/dict/girzu"" title=""gismu: x1 は x2 (共通性質)・ x3 (集合)・ x4 (関係)の組 / チーム""><u class=""se_basna"">gi</u>rzu</a></li><li><a class=""gismu"" rel=""noreferrer"" href=""https://jbovlaste.lojban.org/dict/pagbu"" title=""gismu: x1 は x2 (本体)の部分 / 部品 / 要素; x2 は部分的に x1""><u class=""se_basna"">pa</u>gbu</a></li><li><a class=""cmavo"" rel=""noreferrer"" href=""https://jbovlaste.lojban.org/dict/loi"" title=""cmavo: そうである群 : 冠詞(客観系); selbri を冠する"">l<u class=""relkarsna"">oi</u></a></li><li><a class=""cmavo"" rel=""noreferrer"" href=""https://jbovlaste.lojban.org/dict/lei"" title=""cmavo: 形容された群 : 冠詞(主観系); selbri を冠する"">l<u class=""relkarsna"">ei</u></a></li><li><a class=""cmavo"" rel=""noreferrer"" href=""https://jbovlaste.lojban.org/dict/lai"" title=""cmavo: 名付けられた群 : 冠詞(渾名系); selbri あるいは cmevla を冠する"">l<u class=""relkarsna"">ai</u></a></li><li><a class=""gismu"" rel=""noreferrer"" href=""https://jbovlaste.lojban.org/dict/ciste"" title=""gismu: x1 (lu'o)は構造 x2 を持ち、 x3 (構成要素の集合)からなる、性質 x4 (ka)を示す体系 / システム""><u class=""se_basna"">ci</u>ste</a></li><li><a class=""gismu"" rel=""noreferrer"" href=""https://jbovlaste.lojban.org/dict/cmima"" title=""gismu: x1 は x2 (集合)の成員 / メンバー; x1 は x2 に属する""><u class=""se_basna"">cmi</u>ma</a></li><li><a class=""gismu"" rel=""noreferrer"" href=""https://jbovlaste.lojban.org/dict/kansa"" title=""gismu: x1 は x2 に、 x3 (事)において伴う / 付き添う; x1 と x2 は一緒""><u class=""se_basna"">ka</u>nsa</a></li><li><a class=""gismu"" rel=""noreferrer"" href=""https://jbovlaste.lojban.org/dict/tinci"" title=""gismu: x1 はスズ(Sn)""><u class=""se_basna"">ti</u>nci</a></li>","","<li><a class=""gismu"" rel=""noreferrer"" href=""https://jbovlaste.lojban.org/dict/gunka"" title=""x1 は x2 (動作 / 行動)を x3 (目的 / 目標)のために働く / 労働 / 勤務する; x1 は労働者"" data-distance=""0.866667"">gunka</a></li><li><a class=""gismu"" rel=""noreferrer"" href=""https://jbovlaste.lojban.org/dict/gunta"" title=""x1 は x2 を x3 (目的)のために攻撃 / 侵攻する"" data-distance=""0.866667"">gunta</a></li>","A1::etc.","[sound:gunma.mp3]","<img alt=""レミングの群れのイラスト"" src=""gunma.png"" title=""レミングの群れのイラスト"" ondblclick=""location.href = &quot;https://www.irasutoya.com/2016/11/blog-post_56.html&quot;;"" />"
"33a14553-87a0-4a4a-822e-f9f1e19fadce","jbena","ʒˈbɛna","gismu","<u class=""se_basna"" title=""アクセント"">jbe</u>na","<var class=""x1"">x<sub>1</sub></var> は <var class=""x2"">x<sub>2</sub></var> (産主)による <var class=""x3"">x<sub>3</sub></var> (日時)・ <var class=""x4"">x<sub>4</sub></var> (所)の生まれである; <var class=""x2"">x<sub>2</sub></var> は <var class=""x1"">x<sub>1</sub></var> の産みの親","","<li>生まれ</li>","<li class=""cimei-lerfu"">jbe</li><li class=""vomei-lerfu"">jben</li>","","<li><a class=""gismu"" rel=""noreferrer"" href=""https://jbovlaste.lojban.org/dict/fange"" title=""gismu: x1 は x2 にたいして x3 (性質)の点で異質 / 外来 / 別世界的 / 風変わり""><u class=""se_basna"">fa</u>nge</a></li><li><a class=""gismu"" rel=""noreferrer"" href=""https://jbovlaste.lojban.org/dict/gutra"" title=""gismu: x1 は x2 (本体)の子宮""><u class=""se_basna"">gu</u>tra</a></li><li><a class=""gismu"" rel=""noreferrer"" href=""https://jbovlaste.lojban.org/dict/rorci"" title=""gismu: x1 は x2 (子)を x3 との間にもうける""><u class=""se_basna"">ro</u>rci</a></li><li><a class=""gismu"" rel=""noreferrer"" href=""https://jbovlaste.lojban.org/dict/mamta"" title=""gismu: x1 は x2 の母親; x1 は母性的""><u class=""se_basna"">ma</u>mta</a></li><li><a class=""gismu"" rel=""noreferrer"" href=""https://jbovlaste.lojban.org/dict/salci"" title=""gismu: x1 は x2 (事)を x3 (行動)で祝う / 礼拝する""><u class=""se_basna"">sa</u>lci</a></li><li><a class=""gismu"" rel=""noreferrer"" href=""https://jbovlaste.lojban.org/dict/citsi"" title=""gismu: x1 は x2 (性質 / 周期特性)・ x3 (年)の季節""><u class=""se_basna"">ci</u>tsi</a></li>","","<li><a class=""gismu"" rel=""noreferrer"" href=""https://jbovlaste.lojban.org/dict/bebna"" title=""x1 は x2 (性質)に関して愚か / ばかげている / 思慮が無い; x1 は阿呆 / 馬鹿"" data-distance=""0.866667"">bebna</a></li><li><a class=""gismu"" rel=""noreferrer"" href=""https://jbovlaste.lojban.org/dict/besna"" title=""x1 は x2 (本体)の脳"" data-distance=""0.866667"">besna</a></li><li><a class=""gismu"" rel=""noreferrer"" href=""https://jbovlaste.lojban.org/dict/jbera"" title=""x1 (者)は x2 (物)を x3 (起源)から x4 (期間)にわたって借りる"" data-distance=""0.866667"">jbera</a></li><li><a class=""gismu"" rel=""noreferrer"" href=""https://jbovlaste.lojban.org/dict/jemna"" title=""x1 は x2 (種類)・ x3 (原石資源 / 起源)の宝石"" data-distance=""0.866667"">jemna</a></li><li><a class=""gismu"" rel=""noreferrer"" href=""https://jbovlaste.lojban.org/dict/jenca"" title=""x1 (事)は x2 を驚愕 / 動転 / 気絶させる"" data-distance=""0.866667"">jenca</a></li><li><a class=""gismu"" rel=""noreferrer"" href=""https://jbovlaste.lojban.org/dict/jerna"" title=""x1 (者)は x2 (収益)を x3 (行動)から稼ぐ; x2 は x1 の給料 / 報酬"" data-distance=""0.866667"">jerna</a></li><li><a class=""gismu"" rel=""noreferrer"" href=""https://jbovlaste.lojban.org/dict/jgena"" title=""x1 は x2 (物)の(間の)結び目 / もつれ / こぶ"" data-distance=""0.866667"">jgena</a></li><li><a class=""gismu"" rel=""noreferrer"" href=""https://jbovlaste.lojban.org/dict/lebna"" title=""x1 は x2 (物 / 性質)を x3 (者)から取る / 得る / 奪う / 盗む / 取り除く / 没収 / 着服する"" data-distance=""0.783333"">lebna</a></li>","A1::etc.","[sound:jbena.mp3]","<img alt=""出産のイラスト"" src=""jbena.png"" title=""出産のイラスト"" ondblclick=""location.href = &quot;https://www.irasutoya.com/2015/03/blog-post_174.html&quot;;"" />"
"6728382c-491d-4350-a2b6-ee94d09bf6b8","kakne","ˈkaknɛ","gismu","<u class=""se_basna"" title=""アクセント"">ka</u>kne","<var class=""x1"">x<sub>1</sub></var> は <var class=""x2"">x<sub>2</sub></var> (事)が <var class=""x3"">x<sub>3</sub></var> (条件)においてできる; <var class=""x1"">x<sub>1</sub></var> は有能","","<li>できる</li>","<li class=""cimei-lerfu"">ka'e</li><li class=""vomei-lerfu"">kakn</li>","<li>できるから書くね</li>","<li><a class=""gismu"" rel=""noreferrer"" href=""https://jbovlaste.lojban.org/dict/stati"" title=""gismu: x1 には x2 (事 / 行為)の才能 / 素質がある""><u class=""se_basna"">sta</u>ti</a></li><li><a class=""gismu"" rel=""noreferrer"" href=""https://jbovlaste.lojban.org/dict/certu"" title=""gismu: x1 は x2 (事 / 行為)の、 x3 (基準)における玄人 / 達人 / プロ / ベテラン""><u class=""se_basna"">ce</u>rtu</a></li><li><a class=""gismu"" rel=""noreferrer"" href=""https://jbovlaste.lojban.org/dict/gasnu"" title=""gismu: x1 (者)は x2 (事)をする""><u class=""se_basna"">ga</u>snu</a></li><li><a class=""cmavo"" rel=""noreferrer"" href=""https://jbovlaste.lojban.org/dict/ka'e"" title=""cmavo: できる、あり得る : 間制詞(モダリティ); 内在的可能性"">ka'e</a></li><li><a class=""cmavo"" rel=""noreferrer"" href=""https://jbovlaste.lojban.org/dict/nu'o"" title=""cmavo: 可能だが未実現 : 間制詞(モダリティ); 潜在的に可能だが未だ実現していない"">nu'o</a></li><li><a class=""cmavo"" rel=""noreferrer"" href=""https://jbovlaste.lojban.org/dict/pu'i"" title=""cmavo: 可能かつ実現 : 間制詞(モダリティ); 可能性が実現されたことを表す"">pu'i</a></li><li><a class=""gismu"" rel=""noreferrer"" href=""https://jbovlaste.lojban.org/dict/djuno"" title=""gismu: x1 は x2 (命題)・ x3 (題目)を x4 (認識体系)で知る""><u class=""se_basna"">dju</u>no</a></li><li><a class=""gismu"" rel=""noreferrer"" href=""https://jbovlaste.lojban.org/dict/zifre"" title=""gismu: x1 は自由である、 x2 (事 / 状態)になることにおいて、 x3 という条件で""><u class=""se_basna"">zi</u>fre</a></li>","","<li><a class=""gismu"" rel=""noreferrer"" href=""https://jbovlaste.lojban.org/dict/jakne"" title=""x1 は x2 (原動力)・ x3 (乗員 / 荷)のロケット / シャトル"" data-distance=""0.866667"">jakne</a></li><li><a class=""gismu"" rel=""noreferrer"" href=""https://jbovlaste.lojban.org/dict/kafke"" title=""x1 は x2 (気体)を x3 (開口部)から放つ; x1 は咳 / げっぷ / おならをする"" data-distance=""0.866667"">kafke</a></li><li><a class=""gismu"" rel=""noreferrer"" href=""https://jbovlaste.lojban.org/dict/kanxe"" title=""x1 は x2 (命題)・ x3 (命題)の連言"" data-distance=""0.866667"">kanxe</a></li><li><a class=""gismu"" rel=""noreferrer"" href=""https://jbovlaste.lojban.org/dict/lakne"" title=""x1 (事)は x2 (条件)でありうる / 起こりうる / 蓋然的"" data-distance=""0.866667"">lakne</a></li>","A1::etc.","[sound:kakne.mp3]","<img alt=""多趣味・器用貧乏のイラスト"" src=""kakne.png"" title=""多趣味・器用貧乏のイラスト"" ondblclick=""location.href = &quot;https://www.irasutoya.com/2014/09/blog-post_292.html&quot;;"" />"
"7ae60bc1-2bd9-449c-83ae-8afb026b25e4","kelci","ˈkɛlʃi","gismu","<u class=""se_basna"" title=""アクセント"">ke</u>lci","<var class=""x1"">x<sub>1</sub></var> は <var class=""x2"">x<sub>2</sub></var> (道具 / 方法)で遊ぶ","","<li>遊ぶ</li>","<li class=""cimei-lerfu"">kel</li><li class=""cimei-lerfu"">k<u class=""relkarsna"">ei</u></li><li class=""vomei-lerfu"">kelc</li>","<li>遊びで蹴るし</li>","<li><a class=""gismu"" rel=""noreferrer"" href=""https://jbovlaste.lojban.org/dict/jivna"" title=""gismu: x1 は x2 と x3 (事)に関して x4 (利益)を競う / 競合する / 試合する""><u class=""se_basna"">ji</u>vna</a></li><li><a class=""gismu"" rel=""noreferrer"" href=""https://jbovlaste.lojban.org/dict/jinga"" title=""gismu: x1 は x2 (利益)を x3 (競合相手 / 敗者)から x4 (試合)において勝ち取る; x1 は x3 に勝利する; x3 は x1 に敗北する""><u class=""se_basna"">ji</u>nga</a></li><li><a class=""gismu"" rel=""noreferrer"" href=""https://jbovlaste.lojban.org/dict/zdile"" title=""gismu: x1 (事)は x2 にとって x3 (性質)についておもしろい / 愉しい; x2 は x1 を楽しむ""><u class=""se_basna"">zdi</u>le</a></li>","","<li><a class=""gismu"" rel=""noreferrer"" href=""https://jbovlaste.lojban.org/dict/kalci"" title=""x1 は x2 (生体)の糞 / 排泄物"" data-distance=""0.866667"">kalci</a></li><li><a class=""gismu"" rel=""noreferrer"" href=""https://jbovlaste.lojban.org/dict/kecti"" title=""x1 は x2 を x3 (事)について哀れむ / 慈しむ / かわいそうだと思う; x1 は慈悲的"" data-distance=""0.866667"">kecti</a></li><li><a class=""gismu"" rel=""noreferrer"" href=""https://jbovlaste.lojban.org/dict/nelci"" title=""x1 は x2 (物 / 事)を好む / 好き / 気に入っている"" data-distance=""0.866667"">nelci</a></li><li><a class=""gismu"" rel=""noreferrer"" href=""https://jbovlaste.lojban.org/dict/selci"" title=""x1 は x2 (本体)の細胞 / 分子 / 原子 / 最小単位"" data-distance=""0.866667"">selci</a></li><li><a class=""gismu"" rel=""noreferrer"" href=""https://jbovlaste.lojban.org/dict/klesi"" title=""x1 は x2 (上位の枠組)・ x3 (特質)の部門 / カテゴリー / クラス / 組 / 派 / 種類 / タイプ"" data-distance=""0.783333"">klesi</a></li><li><a class=""gismu"" rel=""noreferrer"" href=""https://jbovlaste.lojban.org/dict/kucli"" title=""x1 は x2 にたいして好奇心がある / 興味を覚える; x1 は詮索好き"" data-distance=""0.783333"">kucli</a></li>","A1::etc.","[sound:kelci.mp3]","<img alt=""ホラーゲームをやる人のイラスト（男性）"" src=""kelci.png"" title=""ホラーゲームをやる人のイラスト（男性）"" ondblclick=""location.href = &quot;https://www.irasutoya.com/2020/12/blog-post_121.html&quot;;"" />"
"7abc14f4-d90e-4ff2-9a1c-116080474965","klama","'klama","gismu","<u class=""se_basna"" title=""アクセント"">kla</u>ma","<var class=""x1"">x<sub>1</sub></var> は <var class=""x2"">x<sub>2</sub></var> (終点)に <var class=""x3"">x<sub>3</sub></var> (起点)から <var class=""x4"">x<sub>4</sub></var> (経路)を <var class=""x5"">x<sub>5</sub></var> (方法)で行く / 来る","","<li>行来</li>","<li class=""cimei-lerfu"">kla</li><li class=""vomei-lerfu"">klam</li>","<li>来る</li>","<li><a class=""gismu"" rel=""noreferrer"" href=""https://jbovlaste.lojban.org/dict/cadzu"" title=""gismu: x1 は x2 (表面)を x3 (肢)で歩く""><u class=""se_basna"">ca</u>dzu</a></li><li><a class=""gismu"" rel=""noreferrer"" href=""https://jbovlaste.lojban.org/dict/bajra"" title=""gismu: x1 は x2 (表面)を x3 (肢)・ x4 (調子)で走る""><u class=""se_basna"">ba</u>jra</a></li><li><a class=""gismu"" rel=""noreferrer"" href=""https://jbovlaste.lojban.org/dict/marce"" title=""gismu: x1 は x2 を x3 (媒体)・ x4 (原動力)で運ぶ輸送機関 / 乗物""><u class=""se_basna"">ma</u>rce</a></li><li><a class=""gismu"" rel=""noreferrer"" href=""https://jbovlaste.lojban.org/dict/vofli"" title=""gismu: x1 は x2 (原動力)で飛ぶ / 飛行する""><u class=""se_basna"">vo</u>fli</a></li><li><a class=""gismu"" rel=""noreferrer"" href=""https://jbovlaste.lojban.org/dict/litru"" title=""gismu: x1 は x2 (経路)を x3 (方法)で旅する; x1 は旅人""><u class=""se_basna"">li</u>tru</a></li><li><a class=""gismu"" rel=""noreferrer"" href=""https://jbovlaste.lojban.org/dict/muvdu"" title=""gismu: x1 (物)は x2 (終点)に x3 (始点)から x4 (経路)にわたって動く; x1 は動的""><u class=""se_basna"">mu</u>vdu</a></li><li><a class=""gismu"" rel=""noreferrer"" href=""https://jbovlaste.lojban.org/dict/cpare"" title=""gismu: x1 は x2 (対象)を x3 (方向)・ x4 (手段)で登る""><u class=""se_basna"">cpa</u>re</a></li><li><a class=""cmavo"" rel=""noreferrer"" href=""https://jbovlaste.lojban.org/dict/ka'a"" title=""cmavo: 〜が行って / 来て : klama 法制詞, x1"">ka'a</a></li><li><a class=""gismu"" rel=""noreferrer"" href=""https://jbovlaste.lojban.org/dict/pluta"" title=""gismu: x1 は x2 (終点)・ x3 (起点)・ x4 (途中の点の集合)の経路 / 道筋""><u class=""se_basna"">plu</u>ta</a></li><li><a class=""gismu"" rel=""noreferrer"" href=""https://jbovlaste.lojban.org/dict/bevri"" title=""gismu: x1 は x2 (荷)を x3 (終点)に x4 (始点)から x5 (道筋)を通って運ぶ""><u class=""se_basna"">be</u>vri</a></li><li><a class=""gismu"" rel=""noreferrer"" href=""https://jbovlaste.lojban.org/dict/farlu"" title=""gismu: x1 は x2 に x3 から、 x4 (照合枠 / 重力井戸)において落ちる / 降る""><u class=""se_basna"">fa</u>rlu</a></li><li><a class=""gismu"" rel=""noreferrer"" href=""https://jbovlaste.lojban.org/dict/limna"" title=""gismu: x1 は x2 (液体)中を泳ぐ / 水泳する""><u class=""se_basna"">li</u>mna</a></li><li><a class=""gismu"" rel=""noreferrer"" href=""https://jbovlaste.lojban.org/dict/vitke"" title=""gismu: x1 は x2 (者)・ x3 (所 / 事)の客; x1 は x2 ・ x3 を訪れる""><u class=""se_basna"">vi</u>tke</a></li>","","<li><a class=""gismu"" rel=""noreferrer"" href=""https://jbovlaste.lojban.org/dict/kacma"" title=""x1 は x2 (光学的対象)を x3 (媒体)に記録するカメラ"" data-distance=""0.866667"">kacma</a></li><li><a class=""gismu"" rel=""noreferrer"" href=""https://jbovlaste.lojban.org/dict/kalsa"" title=""x1 は x2 (性質)に関して混沌"" data-distance=""0.783333"">kalsa</a></li>","A1::etc.","[sound:klama.mp3]","<img alt=""食パンをくわえて登校する女の子のイラスト"" src=""klama.png"" title=""食パンをくわえて登校する女の子のイラスト"" ondblclick=""location.href = &quot;https://www.irasutoya.com/2016/05/blog-post_384.html&quot;;"" />"
"d88b4abc-adb5-4dc0-9b24-d89db561927e","kufra","ˈkufra","gismu","<u class=""se_basna"" title=""アクセント"">ku</u>fra","<var class=""x1"">x<sub>1</sub></var> は <var class=""x2"">x<sub>2</sub></var> (環境性質)について快適 / 心地良さを感じる","","<li>快適</li>","<li class=""cimei-lerfu"">kuf</li><li class=""vomei-lerfu"">kufr</li>","","<li><a class=""gismu"" rel=""noreferrer"" href=""https://jbovlaste.lojban.org/dict/cinmo"" title=""gismu: x1 は x2 (感情)を x3 について覚える; x1 は感情的 / ムードに浸っている""><u class=""se_basna"">ci</u>nmo</a></li>","","<li><a class=""gismu"" rel=""noreferrer"" href=""https://jbovlaste.lojban.org/dict/jufra"" title=""x1 (文字列)は x2 (題目)の、 x3 (言語)における文"" data-distance=""0.866667"">jufra</a></li><li><a class=""gismu"" rel=""noreferrer"" href=""https://jbovlaste.lojban.org/dict/kerfa"" title=""x1 は x2 (本体)・ x3 (箇所)の毛 / 髪"" data-distance=""0.783333"">kerfa</a></li><li><a class=""gismu"" rel=""noreferrer"" href=""https://jbovlaste.lojban.org/dict/kurfa"" title=""x1 は x2 (頂角)・ x3 (次元 / 面)の四角形 / 長方形"" data-distance=""0.933333"">kurfa</a></li><li><a class=""gismu"" rel=""noreferrer"" href=""https://jbovlaste.lojban.org/dict/kumfa"" title=""x1 は x2 (構造)内の x3 (壁 / 天井 / 床)で仕切られた部屋 / 室"" data-distance=""0.866667"">kumfa</a></li><li><a class=""gismu"" rel=""noreferrer"" href=""https://jbovlaste.lojban.org/dict/kunra"" title=""x1 は x2 (鉱石 / 原鉱 / 原石)・ x3 (鉱脈 / 鉱床 / 鉱坑 / 鉱山)の鉱物"" data-distance=""0.866667"">kunra</a></li>","A1::etc.","[sound:kufra.mp3]","<img alt=""床暖房のイラスト"" src=""kufra.png"" title=""床暖房のイラスト"" ondblclick=""location.href = &quot;https://www.irasutoya.com/2015/05/blog-post_50.html&quot;;"" />"
"e4b4e587-2fbb-4563-a05e-79687376992f","lamji","ˈlamʒi","gismu","<u class=""se_basna"" title=""アクセント"">la</u>mji","<var class=""x1"">x<sub>1</sub></var> は <var class=""x2"">x<sub>2</sub></var> に、 <var class=""x3"">x<sub>3</sub></var> (並列特性)・ <var class=""x4"">x<sub>4</sub></var> (並列方向)で隣接する / 隣り合う; <var class=""x1"">x<sub>1</sub></var> は <var class=""x2"">x<sub>2</sub></var> の隣","","<li>隣接</li>","<li class=""cimei-lerfu"">lam</li><li class=""cimei-lerfu"">la'i</li><li class=""vomei-lerfu"">lamj</li>","","<li><a class=""gismu"" rel=""noreferrer"" href=""https://jbovlaste.lojban.org/dict/zvati"" title=""gismu: x1 (物 / 事)が x2 (事 / 所)に居る / 在る""><u class=""se_basna"">zva</u>ti</a></li><li><a class=""gismu"" rel=""noreferrer"" href=""https://jbovlaste.lojban.org/dict/cpana"" title=""gismu: x1 は x2 (表面)の上に(置いて / 立って)在る、 x3 (観点)で""><u class=""se_basna"">cpa</u>na</a></li><li><a class=""gismu"" rel=""noreferrer"" href=""https://jbovlaste.lojban.org/dict/jibni"" title=""gismu: x1 は x2 に、 x3 (性質)に関して近い / 近似""><u class=""se_basna"">ji</u>bni</a></li><li><a class=""gismu"" rel=""noreferrer"" href=""https://jbovlaste.lojban.org/dict/diklo"" title=""gismu: x1 は x2 (局所)・ x3 (領域)について局所的 / ローカル; x1 は x2 に局在する""><u class=""se_basna"">di</u>klo</a></li><li><a class=""gismu"" rel=""noreferrer"" href=""https://jbovlaste.lojban.org/dict/stuzi"" title=""gismu: x1 は x2 (物 / 事)の本質的 / 恒久的な場所 / 現場""><u class=""se_basna"">stu</u>zi</a></li><li><a class=""gismu"" rel=""noreferrer"" href=""https://jbovlaste.lojban.org/dict/bartu"" title=""gismu: x1 は x2 の外 / 外部 / 外側""><u class=""se_basna"">ba</u>rtu</a></li><li><a class=""gismu"" rel=""noreferrer"" href=""https://jbovlaste.lojban.org/dict/jbini"" title=""gismu: x1 は x2 (集合)の間に在る、 x3 (性質)に関して; x1 は x2 の中間""><u class=""se_basna"">jbi</u>ni</a></li>","","<li><a class=""gismu"" rel=""noreferrer"" href=""https://jbovlaste.lojban.org/dict/jmaji"" title=""x1 は x2 (所)に x3 (起源)から集まる / 集結する"" data-distance=""0.783333"">jmaji</a></li><li><a class=""gismu"" rel=""noreferrer"" href=""https://jbovlaste.lojban.org/dict/klaji"" title=""x1 は x2 (所)における、 x3 につながる街路 / 通り / 回廊"" data-distance=""0.866667"">klaji</a></li><li><a class=""gismu"" rel=""noreferrer"" href=""https://jbovlaste.lojban.org/dict/slami"" title=""x1 は x2 (成分)の酸; x1 は酸性"" data-distance=""0.866667"">slami</a></li><li><a class=""gismu"" rel=""noreferrer"" href=""https://jbovlaste.lojban.org/dict/tamji"" title=""x1 は x2 (肢)・ x3 (本体)の親指"" data-distance=""0.866667"">tamji</a></li><li><a class=""gismu"" rel=""noreferrer"" href=""https://jbovlaste.lojban.org/dict/vamji"" title=""x1 (数量 / 性質)は x2 (物 / 事)の、 x3 (観点)・ x4 (用途 / 査定)における価値; x2 は x3 にとって x1 の値打ちがある"" data-distance=""0.866667"">vamji</a></li><li><a class=""gismu"" rel=""noreferrer"" href=""https://jbovlaste.lojban.org/dict/smaji"" title=""x1 は x2 (観察点)・ x3 (基準)において静か / 閑静 / 沈黙"" data-distance=""0.783333"">smaji</a></li><li><a class=""gismu"" rel=""noreferrer"" href=""https://jbovlaste.lojban.org/dict/xajmi"" title=""x1 は x2 (観察者)にとって x3 (性質)の点で滑稽 / おどけている"" data-distance=""0.783333"">xajmi</a></li>","A1::etc.","[sound:lamji.mp3]","<img alt=""電車・バスの座席に座る人達のイラスト"" src=""lamji.png"" title=""電車・バスの座席に座る人達のイラスト"" ondblclick=""location.href = &quot;https://www.irasutoya.com/2013/12/blog-post_4536.html&quot;;"" />"
"342b10bc-5a75-4dde-87b5-c19403d0ab5f","manku","ˈmanku","gismu","<u class=""se_basna"" title=""アクセント"">ma</u>nku","<var class=""x1"">x<sub>1</sub></var> は暗い / 闇","","<li>暗い</li>","<li class=""cimei-lerfu"">man</li><li class=""vomei-lerfu"">mank</li>","","<li><a class=""gismu"" rel=""noreferrer"" href=""https://jbovlaste.lojban.org/dict/blabi"" title=""gismu: x1 は白色""><u class=""se_basna"">bla</u>bi</a></li><li><a class=""gismu"" rel=""noreferrer"" href=""https://jbovlaste.lojban.org/dict/gusni"" title=""gismu: x1 (エネルギー)は x2 (対象)を x3 (光源)に基づいて照らす光; x3 は x2 を x1 で照らす""><u class=""se_basna"">gu</u>sni</a></li><li><a class=""gismu"" rel=""noreferrer"" href=""https://jbovlaste.lojban.org/dict/ctino"" title=""gismu: x1 は x2 (物)・ x3 (光)の陰 / 影""><u class=""se_basna"">cti</u>no</a></li><li><a class=""gismu"" rel=""noreferrer"" href=""https://jbovlaste.lojban.org/dict/kandi"" title=""gismu: x1 は x2 (性質)に関して x3 (観点)にとって淡い / 薄い""><u class=""se_basna"">ka</u>ndi</a></li><li><a class=""gismu"" rel=""noreferrer"" href=""https://jbovlaste.lojban.org/dict/xekri"" title=""gismu: x1 は黒色""><u class=""se_basna"">xe</u>kri</a></li><li><a class=""gismu"" rel=""noreferrer"" href=""https://jbovlaste.lojban.org/dict/ctino"" title=""gismu: x1 は x2 (物)・ x3 (光)の陰 / 影""><u class=""se_basna"">cti</u>no</a></li>","","<li><a class=""gismu"" rel=""noreferrer"" href=""https://jbovlaste.lojban.org/dict/macnu"" title=""x1 (事象)は機能 x2 に関して x3 の条件下で手動(自動ではない)"" data-distance=""0.866667"">macnu</a></li><li><a class=""gismu"" rel=""noreferrer"" href=""https://jbovlaste.lojban.org/dict/makcu"" title=""x1 は x2 (性質)に関して成熟している; x1 は成人 / おとな"" data-distance=""0.866667"">makcu</a></li><li><a class=""gismu"" rel=""noreferrer"" href=""https://jbovlaste.lojban.org/dict/mapku"" title=""x1 は x2 (素材)の帽子 / 冠 / 兜 / ヘルメット"" data-distance=""0.866667"">mapku</a></li>","A1::etc.","[sound:manku.mp3]","<img alt=""暗闇に浮かぶ目のイラスト"" src=""manku.png"" title=""暗闇に浮かぶ目のイラスト"" ondblclick=""location.href = &quot;https://www.irasutoya.com/2018/06/blog-post_14.html&quot;;"" />"
"c882f96a-f655-4f93-9e14-2bc6ba1e2e2c","melbi","ˈmɛlbi","gismu","<u class=""se_basna"" title=""アクセント"">me</u>lbi","<var class=""x1"">x<sub>1</sub></var> は <var class=""x2"">x<sub>2</sub></var> (審美者)にとって <var class=""x3"">x<sub>3</sub></var> (性質)・ <var class=""x4"">x<sub>4</sub></var> (審美基準)において美しい / 綺麗 / 麗しい / ハンサム / かわいい","","<li>美しい</li>","<li class=""cimei-lerfu"">mel</li><li class=""cimei-lerfu"">mle</li><li class=""vomei-lerfu"">melb</li>","","<li><a class=""gismu"" rel=""noreferrer"" href=""https://jbovlaste.lojban.org/dict/pluka"" title=""gismu: x1 (事)は x2 にとって、 x3 (条件)のもと快い / 心地良い""><u class=""se_basna"">plu</u>ka</a></li><li><a class=""gismu"" rel=""noreferrer"" href=""https://jbovlaste.lojban.org/dict/xamgu"" title=""gismu: x1 は x2 にとって、 x3 (基準)で良い / 好ましい""><u class=""se_basna"">xa</u>mgu</a></li>","","<li><a class=""gismu"" rel=""noreferrer"" href=""https://jbovlaste.lojban.org/dict/mebri"" title=""x1 は x2 (本体)の額 / おでこ"" data-distance=""0.866667"">mebri</a></li><li><a class=""gismu"" rel=""noreferrer"" href=""https://jbovlaste.lojban.org/dict/menli"" title=""x1 は x2 (本体)の精神 / 心 / 悟性; x1 は心的"" data-distance=""0.866667"">menli</a></li><li><a class=""gismu"" rel=""noreferrer"" href=""https://jbovlaste.lojban.org/dict/merli"" title=""x1 (者)は x2 (対象)・ x3 (単位数量)を x4 (単位規格)・ x5 (精度)で計測する"" data-distance=""0.866667"">merli</a></li><li><a class=""gismu"" rel=""noreferrer"" href=""https://jbovlaste.lojban.org/dict/mledi"" title=""x1 は x2 (種類)の、 x3 (寄生先)で育つ菌類"" data-distance=""0.783333"">mledi</a></li>","A1::etc.","[sound:melbi.mp3]","<img alt=""生花のイラスト"" src=""melbi.png"" title=""生花のイラスト"" ondblclick=""location.href = &quot;https://www.irasutoya.com/2013/11/blog-post_493.html&quot;;"" />"
"1d59ec76-7a70-4ba6-a855-bfccac53d99f","minji","ˈminʒi","gismu","<u class=""se_basna"" title=""アクセント"">mi</u>nji","<var class=""x1"">x<sub>1</sub></var> は <var class=""x2"">x<sub>2</sub></var> (機能 / 用途)の機械","自立的に稼動する機械全般。「仕掛」も。自分を制御する機械は「<span class=""gismu"" ondblclick=""location.href = &quot;https://jbovlaste.lojban.org/dict/zukte&quot;;"" title=""gismu: x1 は x2 (行動内容)を x3 (目的 / 目標)のために行為 / 実行する""><u class=""se_basna"">zu</u>kte</span>」","<li>機械</li>","<li class=""cimei-lerfu"">mi'i</li><li class=""vomei-lerfu"">minj</li>","<li>&lt;みんな自動の機械&gt;</li><li>machine</li><li>ミンチ</li>","<li><a class=""gismu"" rel=""noreferrer"" href=""https://jbovlaste.lojban.org/dict/cabra"" title=""gismu: x1 は x2 (機能)・ x3 (操縦者)の装置 / デバイス""><u class=""se_basna"">ca</u>bra</a></li><li><a class=""gismu"" rel=""noreferrer"" href=""https://jbovlaste.lojban.org/dict/matra"" title=""gismu: x1 は x2 に出力する / を動かすモーター / エンジン / 原動機 / 発動機""><u class=""se_basna"">ma</u>tra</a></li><li><a class=""gismu"" rel=""noreferrer"" href=""https://jbovlaste.lojban.org/dict/tutci"" title=""gismu: x1 は x2 (目的)のための道具 / 用具 / 器具""><u class=""se_basna"">tu</u>tci</a></li><li><a class=""gismu"" rel=""noreferrer"" href=""https://jbovlaste.lojban.org/dict/zukte"" title=""gismu: x1 は x2 (行動内容)を x3 (目的 / 目標)のために行為 / 実行する""><u class=""se_basna"">zu</u>kte</a></li><li><a class=""gismu"" rel=""noreferrer"" href=""https://jbovlaste.lojban.org/dict/pilno"" title=""gismu: x1 は x2 (道具 / 機械 / 者)を x3 (目的)のために使う / 用いる""><u class=""se_basna"">pi</u>lno</a></li><li><a class=""gismu"" rel=""noreferrer"" href=""https://jbovlaste.lojban.org/dict/skami"" title=""gismu: x1 は x2 (目的 / 機能)のコンピュータ""><u class=""se_basna"">ska</u>mi</a></li>","","<li><a class=""gismu"" rel=""noreferrer"" href=""https://jbovlaste.lojban.org/dict/linji"" title=""x1 は x2 (点集合)の間の線"" data-distance=""0.866667"">linji</a></li><li><a class=""gismu"" rel=""noreferrer"" href=""https://jbovlaste.lojban.org/dict/minli"" title=""x1 は x2 (数)の、 x3 を下位単位とする、 x4 (規格圏)の里 / マイル(非メートル法 / 土着的な距離単位)"" data-distance=""0.866667"">minli</a></li><li><a class=""gismu"" rel=""noreferrer"" href=""https://jbovlaste.lojban.org/dict/pinji"" title=""x1 は x2 (本体)のペニス(陰茎) / クリトリス(陰核)"" data-distance=""0.866667"">pinji</a></li><li><a class=""gismu"" rel=""noreferrer"" href=""https://jbovlaste.lojban.org/dict/vinji"" title=""x1 は x2 (荷 / 乗客)・ x3 (原動力)の飛行機 / 航空機 / 飛行船"" data-distance=""0.866667"">vinji</a></li>","A1::etc.","[sound:minji.mp3]","<img alt=""アンティキティラ島の機械のイラスト"" src=""minji.png"" title=""アンティキティラ島の機械のイラスト"" ondblclick=""location.href = &quot;https://www.irasutoya.com/2017/02/blog-post_384.html&quot;;"" />"
"359cecfc-2e9e-4f37-a249-76a157099d10","mutce","ˈmutʃɛ","gismu","<u class=""se_basna"" title=""アクセント"">mu</u>tce","<var class=""x1"">x<sub>1</sub></var> は <var class=""x2"">x<sub>2</sub></var> (性質)に関して、 <var class=""x3"">x<sub>3</sub></var> (極性)に対して凄い; <var class=""x1"">x<sub>1</sub></var> はとても <var class=""x2"">x<sub>2</sub></var>","<var class=""x3"">x<sub>3</sub></var> はプラス / マイナスなど。","<li>とても</li>","<li class=""cimei-lerfu"">tce</li><li class=""vomei-lerfu"">mutc</li>","<li>むちぇむちぇ(めちゃめちゃ)凄い</li><li>mucho</li>","<li><a class=""gismu"" rel=""noreferrer"" href=""https://jbovlaste.lojban.org/dict/milxe"" title=""gismu: x1 は x2 (性質)の点で温和 / 穏やか / まろやか / マイルド; x1 はあまり x2 ではない""><u class=""se_basna"">mi</u>lxe</a></li><li><a class=""gismu"" rel=""noreferrer"" href=""https://jbovlaste.lojban.org/dict/traji"" title=""gismu: x1 は x2 (性質)・ x3 (極性)・ x4 (集合 / 範囲)に関して極致(最上 / 最下)""><u class=""se_basna"">tra</u>ji</a></li><li><a class=""gismu"" rel=""noreferrer"" href=""https://jbovlaste.lojban.org/dict/banli"" title=""gismu: x1 は x2 (性質)に関して x3 (基準)で偉大 / 壮大 / 尊大""><u class=""se_basna"">ba</u>nli</a></li><li><a class=""gismu"" rel=""noreferrer"" href=""https://jbovlaste.lojban.org/dict/carmi"" title=""gismu: x1 は x2 (性質)に関して x3 (観点)で激しい / 強烈 / 激烈 / 猛烈 / 熱烈""><u class=""se_basna"">ca</u>rmi</a></li><li><a class=""gismu"" rel=""noreferrer"" href=""https://jbovlaste.lojban.org/dict/nutli"" title=""gismu: x1 は x2 (尺度 / 状態関係)において中性 / 中立; x1 を中間点として x2 が対立する""><u class=""se_basna"">nu</u>tli</a></li><li><a class=""gismu"" rel=""noreferrer"" href=""https://jbovlaste.lojban.org/dict/traji"" title=""gismu: x1 は x2 (性質)・ x3 (極性)・ x4 (集合 / 範囲)に関して極致(最上 / 最下)""><u class=""se_basna"">tra</u>ji</a></li>","","<li><a class=""gismu"" rel=""noreferrer"" href=""https://jbovlaste.lojban.org/dict/mucti"" title=""x1 は非物質的 / 無形 / 形而上的"" data-distance=""0.783333"">mucti</a></li>","A1::etc.","[sound:mutce.mp3]","<img alt=""スーパー日本人のイラスト"" src=""mutce.png"" title=""スーパー日本人のイラスト"" ondblclick=""location.href = &quot;https://www.irasutoya.com/2016/03/blog-post_296.html&quot;;"" />"
"aa462fa6-248c-4fb6-88a7-847b56fbd904","namcu","ˈnamʃu","gismu","<u class=""se_basna"" title=""アクセント"">na</u>mcu","<var class=""x1"">x<sub>1</sub></var> は数 / 量 / 値","","<li>数</li>","<li class=""cimei-lerfu"">nac</li><li class=""cimei-lerfu"">na'u</li><li class=""vomei-lerfu"">namc</li>","<li>number</li><li>cu(数)</li>","<li><a class=""gismu"" rel=""noreferrer"" href=""https://jbovlaste.lojban.org/dict/lerfu"" title=""gismu: x1 は x2 (文字体系)において x3 を表す字(文字 / 数字)""><u class=""se_basna"">le</u>rfu</a></li><li><a class=""gismu"" rel=""noreferrer"" href=""https://jbovlaste.lojban.org/dict/mekso"" title=""gismu: x1 は x2 (原理)の数式 / 数学的表現""><u class=""se_basna"">me</u>kso</a></li><li><a class=""gismu"" rel=""noreferrer"" href=""https://jbovlaste.lojban.org/dict/klani"" title=""gismu: x1 は x2 (数)を測定値として x3 (尺度 / 概念)について測定された量""><u class=""se_basna"">kla</u>ni</a></li>","","<li><a class=""gismu"" rel=""noreferrer"" href=""https://jbovlaste.lojban.org/dict/nanmu"" title=""x1 は男(の人)"" data-distance=""0.866667"">nanmu</a></li><li><a class=""gismu"" rel=""noreferrer"" href=""https://jbovlaste.lojban.org/dict/samcu"" title=""x1 は x2 (種類)のキャッサバ / タロイモ / ヤムイモ"" data-distance=""0.866667"">samcu</a></li><li><a class=""gismu"" rel=""noreferrer"" href=""https://jbovlaste.lojban.org/dict/smacu"" title=""x1 は x2 (種類)のハツカネズミ属(マウス等)"" data-distance=""0.783333"">smacu</a></li>","A1::etc.","[sound:namcu.mp3]","<img alt=""電卓のイラスト（文房具）"" src=""namcu.png"" title=""電卓のイラスト（文房具）"" ondblclick=""location.href = &quot;https://www.irasutoya.com/2013/03/blog-post_3975.html&quot;;"" />"
"ec08aae0-026c-4bf7-8ca3-941d0dddc221","nelci","ˈnɛlʃi","gismu","<u class=""se_basna"" title=""アクセント"">ne</u>lci","<var class=""x1"">x<sub>1</sub></var> は <var class=""x2"">x<sub>2</sub></var> (物 / 事)を好む / 好き / 気に入っている","","<li>好む</li>","<li class=""cimei-lerfu"">nel</li><li class=""cimei-lerfu"">n<u class=""relkarsna"">ei</u></li><li class=""vomei-lerfu"">nelc</li>","","<li><a class=""gismu"" rel=""noreferrer"" href=""https://jbovlaste.lojban.org/dict/cinmo"" title=""gismu: x1 は x2 (感情)を x3 について覚える; x1 は感情的 / ムードに浸っている""><u class=""se_basna"">ci</u>nmo</a></li><li><a class=""gismu"" rel=""noreferrer"" href=""https://jbovlaste.lojban.org/dict/djica"" title=""gismu: x1 は x2 (事)を x3 (目的)のために欲する / 求める; x1 は x3 (目的)のために x2 (事)という欲求を満たしたい""><u class=""se_basna"">dji</u>ca</a></li><li><a class=""gismu"" rel=""noreferrer"" href=""https://jbovlaste.lojban.org/dict/pluka"" title=""gismu: x1 (事)は x2 にとって、 x3 (条件)のもと快い / 心地良い""><u class=""se_basna"">plu</u>ka</a></li><li><a class=""gismu"" rel=""noreferrer"" href=""https://jbovlaste.lojban.org/dict/prami"" title=""gismu: x1 は x2 を愛する / にたいして愛情が湧く""><u class=""se_basna"">pra</u>mi</a></li><li><a class=""gismu"" rel=""noreferrer"" href=""https://jbovlaste.lojban.org/dict/rigni"" title=""gismu: x1 は x2 (者)にとって x3 (条件)において不快 / 不愉快 / いまいましい / 吐き気をもよおさせる; x2 は x1 に愛想を尽かす / 嫌悪感を覚える""><u class=""se_basna"">ri</u>gni</a></li><li><a class=""gismu"" rel=""noreferrer"" href=""https://jbovlaste.lojban.org/dict/sinma"" title=""gismu: x1 は x2 を尊重・尊敬する; x2 は尊い""><u class=""se_basna"">si</u>nma</a></li><li><a class=""gismu"" rel=""noreferrer"" href=""https://jbovlaste.lojban.org/dict/trina"" title=""gismu: x1 は x2 を x3 (性質)で誘惑する; x1 は x2 にとって魅力的""><u class=""se_basna"">tri</u>na</a></li><li><a class=""gismu"" rel=""noreferrer"" href=""https://jbovlaste.lojban.org/dict/xebni"" title=""gismu: x1 は x2 (物 / 者 / 事)を憎む; x1 は x2 にたいする怨恨を抱いている; x2 は憎らしい""><u class=""se_basna"">xe</u>bni</a></li><li><a class=""gismu"" rel=""noreferrer"" href=""https://jbovlaste.lojban.org/dict/cuxna"" title=""gismu: x1 は x2 (選択肢)を x3 (集合)から選ぶ""><u class=""se_basna"">cu</u>xna</a></li><li><a class=""gismu"" rel=""noreferrer"" href=""https://jbovlaste.lojban.org/dict/pendo"" title=""gismu: x1 (者)は x2 (者)の友人; x1 は x2 にたいして友好的""><u class=""se_basna"">pe</u>ndo</a></li>","","<li><a class=""gismu"" rel=""noreferrer"" href=""https://jbovlaste.lojban.org/dict/kelci"" title=""x1 は x2 (道具 / 方法)で遊ぶ"" data-distance=""0.866667"">kelci</a></li><li><a class=""gismu"" rel=""noreferrer"" href=""https://jbovlaste.lojban.org/dict/nalci"" title=""x1 は x2 (本体)の翼"" data-distance=""0.866667"">nalci</a></li><li><a class=""gismu"" rel=""noreferrer"" href=""https://jbovlaste.lojban.org/dict/selci"" title=""x1 は x2 (本体)の細胞 / 分子 / 原子 / 最小単位"" data-distance=""0.866667"">selci</a></li>","A1::etc.","[sound:nelci.mp3]","<img alt=""ナルシストのイラスト"" src=""nelci.png"" title=""ナルシストのイラスト"" ondblclick=""location.href = &quot;https://www.irasutoya.com/2014/09/blog-post_34.html&quot;;"" />"
"aec6edd5-d129-42d7-9544-64a0bdc636a0","pendo","ˈpɛndo","gismu","<u class=""se_basna"" title=""アクセント"">pe</u>ndo","<var class=""x1"">x<sub>1</sub></var> (者)は <var class=""x2"">x<sub>2</sub></var> (者)の友人; <var class=""x1"">x<sub>1</sub></var> は <var class=""x2"">x<sub>2</sub></var> にたいして友好的","","<li>友人</li>","<li class=""cimei-lerfu"">ped</li><li class=""cimei-lerfu"">pe'o</li><li class=""vomei-lerfu"">pend</li>","<li>友人ペンどこ</li><li>朋(pen)友</li>","<li><a class=""gismu"" rel=""noreferrer"" href=""https://jbovlaste.lojban.org/dict/bradi"" title=""gismu: x1 は x2 の、 x3 (抗争)における敵 / 敵対者 / 対抗者 / 相手 / 試合相手""><u class=""se_basna"">bra</u>di</a></li><li><a class=""gismu"" rel=""noreferrer"" href=""https://jbovlaste.lojban.org/dict/xendo"" title=""gismu: x1 (者)は x2 にたいして x3 (行為)で親切 / 優しい""><u class=""se_basna"">xe</u>ndo</a></li><li><a class=""gismu"" rel=""noreferrer"" href=""https://jbovlaste.lojban.org/dict/nelci"" title=""gismu: x1 は x2 (物 / 事)を好む / 好き / 気に入っている""><u class=""se_basna"">ne</u>lci</a></li><li><a class=""gismu"" rel=""noreferrer"" href=""https://jbovlaste.lojban.org/dict/prami"" title=""gismu: x1 は x2 を愛する / にたいして愛情が湧く""><u class=""se_basna"">pra</u>mi</a></li><li><a class=""gismu"" rel=""noreferrer"" href=""https://jbovlaste.lojban.org/dict/bradi"" title=""gismu: x1 は x2 の、 x3 (抗争)における敵 / 敵対者 / 対抗者 / 相手 / 試合相手""><u class=""se_basna"">bra</u>di</a></li>","","<li><a class=""gismu"" rel=""noreferrer"" href=""https://jbovlaste.lojban.org/dict/xendo"" title=""x1 (者)は x2 にたいして x3 (行為)で親切 / 優しい"" data-distance=""0.866667"">xendo</a></li>","A1::etc.","[sound:pendo.mp3]","<img alt=""友達と撮った写真シールのイラスト"" src=""pendo.png"" title=""友達と撮った写真シールのイラスト"" ondblclick=""location.href = &quot;https://www.irasutoya.com/2017/11/blog-post_708.html&quot;;"" />"
"38352075-2170-4729-825c-13679c7bbbb8","pilno","ˈpilno","gismu","<u class=""se_basna"" title=""アクセント"">pi</u>lno","<var class=""x1"">x<sub>1</sub></var> は <var class=""x2"">x<sub>2</sub></var> (道具 / 機械 / 者)を <var class=""x3"">x<sub>3</sub></var> (目的)のために使う / 用いる","「活用する」も。","<li>使う</li>","<li class=""cimei-lerfu"">pli</li><li class=""vomei-lerfu"">piln</li>","<li>ピルの使い方</li>","<li><a class=""gismu"" rel=""noreferrer"" href=""https://jbovlaste.lojban.org/dict/tutci"" title=""gismu: x1 は x2 (目的)のための道具 / 用具 / 器具""><u class=""se_basna"">tu</u>tci</a></li><li><a class=""gismu"" rel=""noreferrer"" href=""https://jbovlaste.lojban.org/dict/cabra"" title=""gismu: x1 は x2 (機能)・ x3 (操縦者)の装置 / デバイス""><u class=""se_basna"">ca</u>bra</a></li><li><a class=""gismu"" rel=""noreferrer"" href=""https://jbovlaste.lojban.org/dict/minji"" title=""gismu: x1 は x2 (機能 / 用途)の機械""><u class=""se_basna"">mi</u>nji</a></li><li><a class=""gismu"" rel=""noreferrer"" href=""https://jbovlaste.lojban.org/dict/gasnu"" title=""gismu: x1 (者)は x2 (事)をする""><u class=""se_basna"">ga</u>snu</a></li><li><a class=""gismu"" rel=""noreferrer"" href=""https://jbovlaste.lojban.org/dict/zukte"" title=""gismu: x1 は x2 (行動内容)を x3 (目的 / 目標)のために行為 / 実行する""><u class=""se_basna"">zu</u>kte</a></li><li><a class=""cmavo"" rel=""noreferrer"" href=""https://jbovlaste.lojban.org/dict/pi'o"" title=""cmavo: 〜が使って / 〜を使用者として : pilno 法制詞, x1"">pi'o</a></li><li><a class=""gismu"" rel=""noreferrer"" href=""https://jbovlaste.lojban.org/dict/sazri"" title=""gismu: x1 は x2 を x3 (目的)のために操作する""><u class=""se_basna"">sa</u>zri</a></li><li><a class=""gismu"" rel=""noreferrer"" href=""https://jbovlaste.lojban.org/dict/jibri"" title=""gismu: x1 は x2 (者)の職 / 仕事; x2 は x1 に就職している""><u class=""se_basna"">ji</u>bri</a></li>","","<li><a class=""gismu"" rel=""noreferrer"" href=""https://jbovlaste.lojban.org/dict/panlo"" title=""x1 は x2 (塊)のスライス / 薄切り"" data-distance=""0.783333"">panlo</a></li><li><a class=""gismu"" rel=""noreferrer"" href=""https://jbovlaste.lojban.org/dict/pipno"" title=""x1 は鍵盤楽器(ピアノ / ハープシコード / シンセサイザー / オルガン)"" data-distance=""0.866667"">pipno</a></li><li><a class=""gismu"" rel=""noreferrer"" href=""https://jbovlaste.lojban.org/dict/polno"" title=""x1 は x2 (性質面)に関してポリネシア / オセアニア系(言語 / 文化 / 民族)"" data-distance=""0.866667"">polno</a></li><li><a class=""gismu"" rel=""noreferrer"" href=""https://jbovlaste.lojban.org/dict/plini"" title=""x1 は x2 を周る、 x3 (惑星特性)・ x4 (軌道特性)の惑星"" data-distance=""0.783333"">plini</a></li>","A1::etc.","[sound:pilno.mp3]","<img alt=""道具を使うチンパンジーのイラスト"" src=""pilno.png"" title=""道具を使うチンパンジーのイラスト"" ondblclick=""location.href = &quot;https://www.irasutoya.com/2017/02/blog-post_267.html&quot;;"" />"
"c7bd3279-9dde-4e5b-80ca-31b185b2a94e","remna","ˈrɛmna","gismu","<u class=""se_basna"" title=""アクセント"">re</u>mna","<var class=""x1"">x<sub>1</sub></var> は生物学的ヒト / ホモサピエンス","","<li>ヒト</li>","<li class=""cimei-lerfu"">rem</li><li class=""cimei-lerfu"">re'a</li><li class=""vomei-lerfu"">remn</li>","","<li><a class=""gismu"" rel=""noreferrer"" href=""https://jbovlaste.lojban.org/dict/nanmu"" title=""gismu: x1 は男(の人)""><u class=""se_basna"">na</u>nmu</a></li><li><a class=""gismu"" rel=""noreferrer"" href=""https://jbovlaste.lojban.org/dict/ninmu"" title=""gismu: x1 は女(の人)""><u class=""se_basna"">ni</u>nmu</a></li><li><a class=""gismu"" rel=""noreferrer"" href=""https://jbovlaste.lojban.org/dict/prenu"" title=""gismu: x1 は(心理学上の)人; x1 は人格を有する""><u class=""se_basna"">pre</u>nu</a></li>","","<li><a class=""gismu"" rel=""noreferrer"" href=""https://jbovlaste.lojban.org/dict/jemna"" title=""x1 は x2 (種類)・ x3 (原石資源 / 起源)の宝石"" data-distance=""0.866667"">jemna</a></li>","A1::etc.","[sound:remna.mp3]","<img alt=""クロマニヨン人のイラスト（新人類・人類の進化）"" src=""remna.png"" title=""クロマニヨン人のイラスト（新人類・人類の進化）"" ondblclick=""location.href = &quot;https://www.irasutoya.com/2015/07/blog-post_406.html&quot;;"" />"
"3c467dcf-319b-4381-a421-3d77017bba3a","sisti","ˈsisti","gismu","<u class=""se_basna"" title=""アクセント"">si</u>sti","<var class=""x1"">x<sub>1</sub></var> (者)は <var class=""x2"">x<sub>2</sub></var> (動作 / 過程 / 状態)をやめる / 中止 / 終了する","<var class=""x2"">x<sub>2</sub></var> は完了しているとは限らない。","<li>終了</li>","<li class=""cimei-lerfu"">sti</li><li class=""vomei-lerfu"">sist</li>","","<li><a class=""gismu"" rel=""noreferrer"" href=""https://jbovlaste.lojban.org/dict/fanmo"" title=""gismu: x1 は x2 (物 / 過程)の終わり""><u class=""se_basna"">fa</u>nmo</a></li><li><a class=""gismu"" rel=""noreferrer"" href=""https://jbovlaste.lojban.org/dict/mulno"" title=""gismu: x1 (事)は完了している; x1 は x2 (性質)に関して、 x3 (観点)において包括的 / 総体的""><u class=""se_basna"">mu</u>lno</a></li><li><a class=""gismu"" rel=""noreferrer"" href=""https://jbovlaste.lojban.org/dict/cfari"" title=""gismu: x1 (事 / 状態)は始まる / 開始する""><u class=""se_basna"">cfa</u>ri</a></li><li><a class=""gismu"" rel=""noreferrer"" href=""https://jbovlaste.lojban.org/dict/denpa"" title=""gismu: x1 は x2 (事)を x3 (状態)ながら待つ、 x4 (事)の開始以前 / 再開以前に""><u class=""se_basna"">de</u>npa</a></li><li><a class=""gismu"" rel=""noreferrer"" href=""https://jbovlaste.lojban.org/dict/fliba"" title=""gismu: x1 は x2 (事)に失敗する; x1 は x2 を怠る""><u class=""se_basna"">fli</u>ba</a></li>","","<li><a class=""gismu"" rel=""noreferrer"" href=""https://jbovlaste.lojban.org/dict/citsi"" title=""x1 は x2 (性質 / 周期特性)・ x3 (年)の季節"" data-distance=""0.783333"">citsi</a></li>","A1::etc.","[sound:sisti.mp3]","<img alt=""退職届のイラスト"" src=""sisti.png"" title=""退職届のイラスト"" ondblclick=""location.href = &quot;https://www.irasutoya.com/2015/05/blog-post_79.html&quot;;"" />"
"b39ae3a5-98a2-4936-a55a-2de02809222b","stali","'stali","gismu","<u class=""se_basna"" title=""アクセント"">sta</u>li","<var class=""x1"">x<sub>1</sub></var> は <var class=""x2"">x<sub>2</sub></var> (場 / 性質 / 状態)に留まる","","<li>留まる</li>","<li class=""cimei-lerfu"">sta</li><li class=""vomei-lerfu"">stal</li>","","<li><a class=""gismu"" rel=""noreferrer"" href=""https://jbovlaste.lojban.org/dict/vitno"" title=""gismu: x1 は x2 (性質)において x3 の観点で永続的 / 恒久 / 不滅""><u class=""se_basna"">vi</u>tno</a></li><li><a class=""gismu"" rel=""noreferrer"" href=""https://jbovlaste.lojban.org/dict/zasni"" title=""gismu: x1 は x2 (性質)に関して、 x3 (観点)にとって一時的 / 過渡的 / 可変""><u class=""se_basna"">za</u>sni</a></li><li><a class=""gismu"" rel=""noreferrer"" href=""https://jbovlaste.lojban.org/dict/ralte"" title=""gismu: x1 は x2 を保持 / 維持する""><u class=""se_basna"">ra</u>lte</a></li><li><a class=""gismu"" rel=""noreferrer"" href=""https://jbovlaste.lojban.org/dict/stodi"" title=""gismu: x1 は x2 (性質)の面で x3 (刺激 / 状況)にたいして不変 / 一定""><u class=""se_basna"">sto</u>di</a></li><li><a class=""gismu"" rel=""noreferrer"" href=""https://jbovlaste.lojban.org/dict/xabju"" title=""gismu: x1 は x2 (所)に住む / 暮らす / 棲息 / 生息する""><u class=""se_basna"">xa</u>bju</a></li><li><a class=""gismu"" rel=""noreferrer"" href=""https://jbovlaste.lojban.org/dict/stuzi"" title=""gismu: x1 は x2 (物 / 事)の本質的 / 恒久的な場所 / 現場""><u class=""se_basna"">stu</u>zi</a></li><li><a class=""gismu"" rel=""noreferrer"" href=""https://jbovlaste.lojban.org/dict/renvi"" title=""gismu: x1 は x2 (事)を x3 (時間 / 期間)にわたって耐え抜く / 辛抱する / 我慢する; x1 は長持ちする""><u class=""se_basna"">re</u>nvi</a></li>","","<li><a class=""gismu"" rel=""noreferrer"" href=""https://jbovlaste.lojban.org/dict/matli"" title=""x1 はリンネル / 亜麻布"" data-distance=""0.783333"">matli</a></li><li><a class=""gismu"" rel=""noreferrer"" href=""https://jbovlaste.lojban.org/dict/sakli"" title=""x1 は x2 を滑る"" data-distance=""0.866667"">sakli</a></li><li><a class=""gismu"" rel=""noreferrer"" href=""https://jbovlaste.lojban.org/dict/salci"" title=""x1 は x2 (事)を x3 (行動)で祝う / 礼拝する"" data-distance=""0.866667"">salci</a></li><li><a class=""gismu"" rel=""noreferrer"" href=""https://jbovlaste.lojban.org/dict/sanli"" title=""x1 は x2 (所)に x3 (脚 / 支え)で立つ"" data-distance=""0.866667"">sanli</a></li><li><a class=""gismu"" rel=""noreferrer"" href=""https://jbovlaste.lojban.org/dict/satci"" title=""x1 は x2 (基準)に関して x3 (性質 / 数量)の点で精確"" data-distance=""0.783333"">satci</a></li><li><a class=""gismu"" rel=""noreferrer"" href=""https://jbovlaste.lojban.org/dict/spali"" title=""x1 は x2 (表面)を x3 (剤)で x4 (道具)で磨く"" data-distance=""0.866667"">spali</a></li><li><a class=""gismu"" rel=""noreferrer"" href=""https://jbovlaste.lojban.org/dict/stagi"" title=""x1 は可食部 x2 (部位)・植物 x2 の野菜"" data-distance=""0.866667"">stagi</a></li><li><a class=""gismu"" rel=""noreferrer"" href=""https://jbovlaste.lojban.org/dict/tsali"" title=""x1 は x2 (性質)に関して x3 (観点)で強い"" data-distance=""0.933333"">tsali</a></li><li><a class=""gismu"" rel=""noreferrer"" href=""https://jbovlaste.lojban.org/dict/stani"" title=""x1 は x2 (植物)の茎 / 幹"" data-distance=""0.866667"">stani</a></li><li><a class=""gismu"" rel=""noreferrer"" href=""https://jbovlaste.lojban.org/dict/stati"" title=""x1 には x2 (事 / 行為)の才能 / 素質がある"" data-distance=""0.866667"">stati</a></li><li><a class=""gismu"" rel=""noreferrer"" href=""https://jbovlaste.lojban.org/dict/tsani"" title=""x1 は x2 (所)の空 / 天空"" data-distance=""0.783333"">tsani</a></li><li><a class=""gismu"" rel=""noreferrer"" href=""https://jbovlaste.lojban.org/dict/tsapi"" title=""x1 は x2 (性質)の調味料 / 香辛料 / 薬味 / 味付 / スパイス"" data-distance=""0.783333"">tsapi</a></li>","A1::etc.","[sound:stali.mp3]","<img alt=""留年のイラスト"" src=""stali.png"" title=""留年のイラスト"" ondblclick=""location.href = &quot;https://www.irasutoya.com/2014/10/blog-post_363.html&quot;;"" />"
"0118bc54-ed98-493c-85c2-a93132311ed7","tavla","ˈtavla","gismu","<u class=""se_basna"" title=""アクセント"">ta</u>vla","<var class=""x1"">x<sub>1</sub></var> (者)は <var class=""x2"">x<sub>2</sub></var> (者)に <var class=""x3"">x<sub>3</sub></var> (題目)について <var class=""x4"">x<sub>4</sub></var> (言語)で話す / 語る","音声的とは限らず、「手話」も。","<li>語る</li>","<li class=""cimei-lerfu"">tav</li><li class=""cimei-lerfu"">ta'a</li><li class=""vomei-lerfu"">tavl</li>","","<li><a class=""gismu"" rel=""noreferrer"" href=""https://jbovlaste.lojban.org/dict/bacru"" title=""gismu: x1 は x2 (声 / 音)を発する""><u class=""se_basna"">ba</u>cru</a></li><li><a class=""gismu"" rel=""noreferrer"" href=""https://jbovlaste.lojban.org/dict/cusku"" title=""gismu: x1 (者)は x2 (内容)を x3 (聴衆)に x4 (媒体)で表す / 言う / 表現する""><u class=""se_basna"">cu</u>sku</a></li><li><a class=""gismu"" rel=""noreferrer"" href=""https://jbovlaste.lojban.org/dict/casnu"" title=""gismu: x1 (群)は x2 (題目)について話し合う / 検討 / 討議 / 論議 / 談議 / 談合する""><u class=""se_basna"">ca</u>snu</a></li><li><a class=""gismu"" rel=""noreferrer"" href=""https://jbovlaste.lojban.org/dict/darlu"" title=""gismu: x1 は x2 (観点)を x3 (観点)に対して論理的・倫理的な根拠から擁護 / 主張する""><u class=""se_basna"">da</u>rlu</a></li><li><a class=""gismu"" rel=""noreferrer"" href=""https://jbovlaste.lojban.org/dict/skicu"" title=""gismu: x1 (者)は x2 (物 / 事 / 状態)を x3 (者)に x4 (表現 / 文字列)によって描写 / 叙述する""><u class=""se_basna"">ski</u>cu</a></li><li><a class=""gismu"" rel=""noreferrer"" href=""https://jbovlaste.lojban.org/dict/ciksi"" title=""gismu: x1 (者)は x2 (事 / 状態 / 性質)を x3 (者)に x4 (命題, du'u)で説明 / 弁明 / 解説する""><u class=""se_basna"">ci</u>ksi</a></li><li><a class=""gismu"" rel=""noreferrer"" href=""https://jbovlaste.lojban.org/dict/bangu"" title=""gismu: x1 は x2 (使用者)が x3 (概念 / 命題 / 文字列)を表すのに用いる言語; x2 は x1 語を話す""><u class=""se_basna"">ba</u>ngu</a></li>","","<li><a class=""gismu"" rel=""noreferrer"" href=""https://jbovlaste.lojban.org/dict/talsa"" title=""x1 (人)は x2 を x3 (性質)について挑む; x2 に x3 があるかどうかを x1 は試す"" data-distance=""0.866667"">talsa</a></li><li><a class=""gismu"" rel=""noreferrer"" href=""https://jbovlaste.lojban.org/dict/tapla"" title=""x1 は x2 (素材)・ x3 (形状)・ x4 (厚さ)の瓦 / タイル"" data-distance=""0.866667"">tapla</a></li><li><a class=""gismu"" rel=""noreferrer"" href=""https://jbovlaste.lojban.org/dict/tapla"" title=""x1 は x2 (素材)・ x3 (形状)・ x4 (厚さ)の瓦 / タイル"" data-distance=""0.866667"">tapla</a></li><li><a class=""gismu"" rel=""noreferrer"" href=""https://jbovlaste.lojban.org/dict/tarla"" title=""x1 は x2 (起源)のタール / アスファルト"" data-distance=""0.866667"">tarla</a></li>","A1::etc.","[sound:tavla.mp3]","<img alt=""講談のイラスト"" src=""tavla.png"" title=""講談のイラスト"" ondblclick=""location.href = &quot;https://www.irasutoya.com/2020/03/blog-post_70.html&quot;;"" />"
