"a2ba56cc-08e7-4459-a28f-dd53f2e8ca52","badri","ˈbadri","gismu","<u class=""se_basna"" title=""アクセント"">ba</u>dri","<var class=""x1"" lang="""">x<sub>1</sub></var> は <var class=""x2"" lang="""">x<sub>2</sub></var> (事)について悲しい / 落胆している; <var class=""x2"" lang="""">x<sub>2</sub></var> は <var class=""x1"" lang="""">x<sub>1</sub></var> を悲しませる",,"<li>悲しい</li>","<li class=""cimei-lerfu"">dri</li><li class=""vomei-lerfu"">badr</li>",,"<li><a class=""gismu"" href=""https://jbovlaste.lojban.org/dict/klaku"" title=""x1 は x2 (涙)・ x3 (理由)で泣く""><u class=""se_basna"">kla</u>ku</a></li><li><a class=""gismu"" href=""https://jbovlaste.lojban.org/dict/gleki"" title=""x1 は x2 (事)に関して嬉しい / 幸せ / 幸福 / 上機嫌""><u class=""se_basna"">gle</u>ki</a></li><li><a class=""gismu"" href=""https://jbovlaste.lojban.org/dict/betri"" title=""x1 は x2 にとって悲劇 / 災難 / 惨事""><u class=""se_basna"">be</u>tri</a></li><li><a class=""gismu"" href=""https://jbovlaste.lojban.org/dict/cinmo"" title=""x1 は x2 (感情)を x3 について覚える; x1 は感情的 / ムードに浸っている""><u class=""se_basna"">ci</u>nmo</a></li><li><a class=""gismu"" href=""https://jbovlaste.lojban.org/dict/junri"" title=""x1 (者)は x2 (事)に関してまじめ / 真剣 / 厳か / 熱心 / 本気""><u class=""se_basna"">ju</u>nri</a></li>","<div class=""mupli""><p lang=""jbo""><span class=""cmavo"" ondblclick=""location.href = &quot;https://jbovlaste.lojban.org/dict/lo&quot;"" title=""それであるもの : 冠詞(客観系); selbri を冠する; 指示対象は真にその selbri に当てはまる"">lo</span> <span class=""cmavo"" ondblclick=""location.href = &quot;https://jbovlaste.lojban.org/dict/nu&quot;"" title=""事象抽象 : 抽象詞; bridi の左に付いて、その bridi が内包する事象を抽出する; 抽象の焦点となる sumti を「ce'u」に替えて置ける; bridi の範囲を含めた全体が1つの selbri となる; 冠詞を左に加えると sumti になる; x1 は[bridi]に表される事象"">nu</span> <span class=""cmavo"" ondblclick=""location.href = &quot;https://jbovlaste.lojban.org/dict/le&quot;"" title=""形容されたもの : 冠詞(主観系); selbri を冠する; 指示対象は必ずしもその selbri に真に当てはまるとは限らない"">le</span> <span class=""cmavo"" ondblclick=""location.href = &quot;https://jbovlaste.lojban.org/dict/va&quot;"" title=""〜のそこに : 間制詞(空間・程度・中)"">va</span> <span class=""gismu"" ondblclick=""location.href = &quot;https://jbovlaste.lojban.org/dict/prenu&quot;"" title=""x1 は(心理学上の)人; x1 は人格を有する""><u class=""se_basna"">pre</u>nu</span> <span class=""cmavo"" ondblclick=""location.href = &quot;https://jbovlaste.lojban.org/dict/pu&quot;"" title=""過去 : 間制詞(時間・方向); [sumti] の左に付いて、その [sumti] よりも以前の時点で [selbri] が起こったことを表す; sumti は省略できる; sumti を欠いて selbri の左隣に来るときはその selbri と一体化して1つの selbri とみなされる(従ってこれをそのまま冠詞で sumti 化できる); 他の制詞と組み合わせられる"">pu</span> <span class=""gismu"" ondblclick=""location.href = &quot;https://jbovlaste.lojban.org/dict/morsi&quot;"" title=""x1 は死んでいる / 生が無い""><u class=""se_basna"">mo</u>rsi</span> <span class=""gismu"" ondblclick=""location.href = &quot;https://jbovlaste.lojban.org/dict/binxo&quot;"" title=""x1 は x2 に x3 (条件)の下で成る / 変身する""><u class=""se_basna"">bi</u>nxo</span> <span class=""cmavo"" ondblclick=""location.href = &quot;https://jbovlaste.lojban.org/dict/cu&quot;"" title=""selbri隔離 : 先行の項や名辞からselbriを隔離する; 省略可能"">cu</span> <span class=""cmavo"" ondblclick=""location.href = &quot;https://jbovlaste.lojban.org/dict/se&quot;"" title=""x1-x2 転換 : selbri の左に付いてPSの x1 と x2 を転換する"">se</span> <span class=""gismu"" ondblclick=""location.href = &quot;https://jbovlaste.lojban.org/dict/badri&quot;"" title=""x1 は x2 (事)について悲しい / 落胆している; x2 は x1 を悲しませる""><u class=""se_basna"">ba</u>dri</span></p><p lang=""ja"">その人の死んだことが悲しい</p></div>","A1::ペア・ワード","[sound:badri.flac]"
"1f7f99f6-6186-4687-bdcc-9086c796d38f","gleki","gˈlɛki","gismu","<u class=""se_basna"" title=""アクセント"">gle</u>ki","<var class=""x1"" lang="""">x<sub>1</sub></var> は <var class=""x2"" lang="""">x<sub>2</sub></var> (事)に関して嬉しい / 幸せ / 幸福 / 上機嫌",,"<li>嬉しい</li>","<li class=""cimei-lerfu"">gek</li><li class=""cimei-lerfu"">g<u class=""relkarsna"">ei</u></li><li class=""vomei-lerfu"">glek</li>","<li>嬉</li>","<li><a class=""gismu"" href=""https://jbovlaste.lojban.org/dict/badri"" title=""x1 は x2 (事)について悲しい / 落胆している; x2 は x1 を悲しませる""><u class=""se_basna"">ba</u>dri</a></li><li><a class=""gismu"" href=""https://jbovlaste.lojban.org/dict/cinmo"" title=""x1 は x2 (感情)を x3 について覚える; x1 は感情的 / ムードに浸っている""><u class=""se_basna"">ci</u>nmo</a></li>",,"A1::ペア・ワード","[sound:gleki.flac]"
"de9256a2-44db-4797-8b4c-40e17444b40a","catke","ˈʃatkɛ","gismu","<u class=""se_basna"" title=""アクセント"">ca</u>tke","<var class=""x1"" lang="""">x<sub>1</sub></var> は <var class=""x2"" lang="""">x<sub>2</sub></var> (対象本体)・ <var class=""x3"" lang="""">x<sub>3</sub></var> (対象箇所)を押す",,"<li>押す</li>","<li class=""cimei-lerfu"">ca'e</li><li class=""vomei-lerfu"">catk</li>","<li>&lt;シャトー見学&gt;</li><li>shove</li><li>tuei(推)</li>","<li><a class=""gismu"" href=""https://jbovlaste.lojban.org/dict/danre"" title=""x1 (力)は x2 を圧する; x1 は圧力""><u class=""se_basna"">da</u>nre</a></li><li><a class=""gismu"" href=""https://jbovlaste.lojban.org/dict/lacpu"" title=""x1 は x2 (対象本体)・ x3 (対象箇所)を引く / 引っ張る""><u class=""se_basna"">la</u>cpu</a></li>",,"A1::ペア・ワード","[sound:catke.flac]"
"66850527-9e5f-4932-a6ed-267cc6b841ae","lacpu","ˈlaʃpu","gismu","<u class=""se_basna"" title=""アクセント"">la</u>cpu","<var class=""x1"" lang="""">x<sub>1</sub></var> は <var class=""x2"" lang="""">x<sub>2</sub></var> (対象本体)・ <var class=""x3"" lang="""">x<sub>3</sub></var> (対象箇所)を引く / 引っ張る",,"<li>引く</li>","<li class=""cimei-lerfu"">lap</li><li class=""cimei-lerfu"">cpu</li><li class=""vomei-lerfu"">lacp</li>",,"<li><a class=""gismu"" href=""https://jbovlaste.lojban.org/dict/catke"" title=""x1 は x2 (対象本体)・ x3 (対象箇所)を押す""><u class=""se_basna"">ca</u>tke</a></li><li><a class=""gismu"" href=""https://jbovlaste.lojban.org/dict/sakci"" title=""x1 は x2 (低圧下のもの)を x3 (高圧下のもの)で吸う / 吸引する""><u class=""se_basna"">sa</u>kci</a></li><li><a class=""gismu"" href=""https://jbovlaste.lojban.org/dict/cokcu"" title=""x1 は x2 (対象)を x3 (起源)から x4 に吸収する; x1 は吸収性がある""><u class=""se_basna"">co</u>kcu</a></li>",,"A1::ペア・ワード","[sound:lacpu.flac]"
"4f7b0860-d0c9-4581-84d6-b0db47385ae8","barda","ˈbarda","gismu","<u class=""se_basna"" title=""アクセント"">ba</u>rda","<var class=""x1"" lang="""">x<sub>1</sub></var> は <var class=""x2"" lang="""">x<sub>2</sub></var> (性質)に関して、 <var class=""x3"" lang="""">x<sub>3</sub></var> (比較対象)の中で大きい","<var class=""x3"" lang="""">x<sub>3</sub></var> は群れでも集合でもよい。","<li>大きい</li>","<li class=""cimei-lerfu"">bra</li><li class=""vomei-lerfu"">bard</li>","<li>&lt;バー大規模&gt;</li>","<li><a class=""gismu"" href=""https://jbovlaste.lojban.org/dict/banli"" title=""x1 は x2 (性質)に関して x3 (基準)で偉大 / 壮大 / 尊大""><u class=""se_basna"">ba</u>nli</a></li><li><a class=""gismu"" href=""https://jbovlaste.lojban.org/dict/clani"" title=""x1 は x2 (次元 / 方向)・ x3 (照合枠)において長い""><u class=""se_basna"">cla</u>ni</a></li><li><a class=""gismu"" href=""https://jbovlaste.lojban.org/dict/ganra"" title=""x1 は x2 (次元)・ x3 (基準)において広い / 幅がある / ワイド""><u class=""se_basna"">ga</u>nra</a></li><li><a class=""gismu"" href=""https://jbovlaste.lojban.org/dict/condi"" title=""x1 は x2 (性質 / 方向)に関して x3 (照合枠)・ x4 (標準)において深い""><u class=""se_basna"">co</u>ndi</a></li><li><a class=""gismu"" href=""https://jbovlaste.lojban.org/dict/plana"" title=""x1 は x2 (基準)において太っている / 肥満 / でぶ""><u class=""se_basna"">pla</u>na</a></li><li><a class=""gismu"" href=""https://jbovlaste.lojban.org/dict/cmalu"" title=""x1 は x2 (性質)に関して、 x3 (比較対象)の中で小さい""><u class=""se_basna"">cma</u>lu</a></li><li><a class=""gismu"" href=""https://jbovlaste.lojban.org/dict/rotsu"" title=""x1 は x2 (次元 / 方向)・ x3 (基準)において太い / 厚い""><u class=""se_basna"">ro</u>tsu</a></li><li><a class=""gismu"" href=""https://jbovlaste.lojban.org/dict/banro"" title=""x1 は x2 (結果)に x3 (始原)から育つ / 育成する / 成長する""><u class=""se_basna"">ba</u>nro</a></li><li><a class=""gismu"" href=""https://jbovlaste.lojban.org/dict/xanto"" title=""x1 は x2 (種類)のゾウ科動物""><u class=""se_basna"">xa</u>nto</a></li>","<div class=""mupli""><p lang=""jbo""><span class=""cmavo"" ondblclick=""location.href = &quot;https://jbovlaste.lojban.org/dict/lo'i&quot;"" title=""そうである集合 : 冠詞(客観系); selbri を冠する"">lo'i</span> <span class=""gismu"" ondblclick=""location.href = &quot;https://jbovlaste.lojban.org/dict/ratcu&quot;"" title=""x1 は x2 (種類)のクマネズミ属""><u class=""se_basna"">ra</u>tcu</span> <span class=""cmavo"" ondblclick=""location.href = &quot;https://jbovlaste.lojban.org/dict/cu&quot;"" title=""selbri隔離 : 先行の項や名辞からselbriを隔離する; 省略可能"">cu</span> <span class=""gismu"" ondblclick=""location.href = &quot;https://jbovlaste.lojban.org/dict/barda&quot;"" title=""x1 は x2 (性質)に関して、 x3 (比較対象)の中で大きい""><u class=""se_basna"">ba</u>rda</span></p><p lang=""ja"">鼠の集合は大きい、鼠はたくさんいる</p></div><div class=""mupli""><p lang=""jbo""><span class=""cmavo"" ondblclick=""location.href = &quot;https://jbovlaste.lojban.org/dict/le&quot;"" title=""形容されたもの : 冠詞(主観系); selbri を冠する; 指示対象は必ずしもその selbri に真に当てはまるとは限らない"">le</span> <span class=""gismu"" ondblclick=""location.href = &quot;https://jbovlaste.lojban.org/dict/barda&quot;"" title=""x1 は x2 (性質)に関して、 x3 (比較対象)の中で大きい""><u class=""se_basna"">ba</u>rda</span> <span class=""cmavo"" ondblclick=""location.href = &quot;https://jbovlaste.lojban.org/dict/na&quot;"" title=""命題否定 : 文中で右に続く語すべてをその命題に関して否定する; 特定の語を否定するのは「na'e」"">na</span><span class=""cmavo"" ondblclick=""location.href = &quot;https://jbovlaste.lojban.org/dict/je&quot;"" title=""tanru 論理積(AND) / 〜と〜 : 接続詞(論理・後置・tanru); 前部と後部は共に真"">je</span> <span class=""gismu"" ondblclick=""location.href = &quot;https://jbovlaste.lojban.org/dict/cmalu&quot;"" title=""x1 は x2 (性質)に関して、 x3 (比較対象)の中で小さい""><u class=""se_basna"">cma</u>lu</span> <span class=""lujvo"" ondblclick=""location.href = &quot;https://jbovlaste.lojban.org/dict/ba'ambyta'e&quot;"">ba'amby<u class=""se_basna"">ta</u>'e</span> <span class=""cmavo"" ondblclick=""location.href = &quot;https://jbovlaste.lojban.org/dict/cu&quot;"" title=""selbri隔離 : 先行の項や名辞からselbriを隔離する; 省略可能"">cu</span> <span class=""cmavo"" ondblclick=""location.href = &quot;https://jbovlaste.lojban.org/dict/se&quot;"" title=""x1-x2 転換 : selbri の左に付いてPSの x1 と x2 を転換する"">se</span> <span class=""gismu"" ondblclick=""location.href = &quot;https://jbovlaste.lojban.org/dict/dunda&quot;"" title=""x1 は x2 を x3 (者)に与える / 贈る / 授ける""><u class=""se_basna"">du</u>nda</span> <span class=""cmavo"" ondblclick=""location.href = &quot;https://jbovlaste.lojban.org/dict/pe'u&quot;"" title=""要求 : 心態詞(呼応系); 「e'o」と違い、頼む相手が聞き手であることを明示する。"">pe'u</span></p><p lang=""ja"">大きいつづらではなく、小さいつづらをください</p></div>","A1::ペア・ワード","[sound:barda.flac]"
"720bc602-ba13-408b-9103-80d574fe1242","cmalu","ʃˈmalu","gismu","<u class=""se_basna"" title=""アクセント"">cma</u>lu","<var class=""x1"" lang="""">x<sub>1</sub></var> は <var class=""x2"" lang="""">x<sub>2</sub></var> (性質)に関して、 <var class=""x3"" lang="""">x<sub>3</sub></var> (比較対象)の中で小さい","<var class=""x3"" lang="""">x<sub>3</sub></var> は群れでも集合でもよい。","<li>小さい</li>","<li class=""cimei-lerfu"">cma</li><li class=""vomei-lerfu"">cmal</li>","<li>ciau(小)</li><li>cmall</li><li>絞まる</li>","<li><a class=""gismu"" href=""https://jbovlaste.lojban.org/dict/caxno"" title=""x1 は x2 (方向 / 性質)に関して x3 (照合枠)・ x4 (基準)で浅い / 浅はか / 薄い""><u class=""se_basna"">ca</u>xno</a></li><li><a class=""gismu"" href=""https://jbovlaste.lojban.org/dict/cinla"" title=""x1 は x2 (次元 / 方向)・ x3 (照合枠)において細い / 薄い""><u class=""se_basna"">ci</u>nla</a></li><li><a class=""gismu"" href=""https://jbovlaste.lojban.org/dict/jarki"" title=""x1 は x2 (次元)・ x3 (基準)において狭い""><u class=""se_basna"">ja</u>rki</a></li><li><a class=""gismu"" href=""https://jbovlaste.lojban.org/dict/tordu"" title=""x1 は x2 (方向)・ x3 (尺度)に関して短い""><u class=""se_basna"">to</u>rdu</a></li><li><a class=""gismu"" href=""https://jbovlaste.lojban.org/dict/barda"" title=""x1 は x2 (性質)に関して、 x3 (比較対象)の中で大きい""><u class=""se_basna"">ba</u>rda</a></li>","<div class=""mupli""><p lang=""jbo""><span class=""cmavo"" ondblclick=""location.href = &quot;https://jbovlaste.lojban.org/dict/le&quot;"" title=""形容されたもの : 冠詞(主観系); selbri を冠する; 指示対象は必ずしもその selbri に真に当てはまるとは限らない"">le</span> <span class=""gismu"" ondblclick=""location.href = &quot;https://jbovlaste.lojban.org/dict/barda&quot;"" title=""x1 は x2 (性質)に関して、 x3 (比較対象)の中で大きい""><u class=""se_basna"">ba</u>rda</span> <span class=""cmavo"" ondblclick=""location.href = &quot;https://jbovlaste.lojban.org/dict/na&quot;"" title=""命題否定 : 文中で右に続く語すべてをその命題に関して否定する; 特定の語を否定するのは「na'e」"">na</span><span class=""cmavo"" ondblclick=""location.href = &quot;https://jbovlaste.lojban.org/dict/je&quot;"" title=""tanru 論理積(AND) / 〜と〜 : 接続詞(論理・後置・tanru); 前部と後部は共に真"">je</span> <span class=""gismu"" ondblclick=""location.href = &quot;https://jbovlaste.lojban.org/dict/cmalu&quot;"" title=""x1 は x2 (性質)に関して、 x3 (比較対象)の中で小さい""><u class=""se_basna"">cma</u>lu</span> <span class=""lujvo"" ondblclick=""location.href = &quot;https://jbovlaste.lojban.org/dict/ba'ambyta'e&quot;"">ba'amby<u class=""se_basna"">ta</u>'e</span> <span class=""cmavo"" ondblclick=""location.href = &quot;https://jbovlaste.lojban.org/dict/cu&quot;"" title=""selbri隔離 : 先行の項や名辞からselbriを隔離する; 省略可能"">cu</span> <span class=""cmavo"" ondblclick=""location.href = &quot;https://jbovlaste.lojban.org/dict/se&quot;"" title=""x1-x2 転換 : selbri の左に付いてPSの x1 と x2 を転換する"">se</span> <span class=""gismu"" ondblclick=""location.href = &quot;https://jbovlaste.lojban.org/dict/dunda&quot;"" title=""x1 は x2 を x3 (者)に与える / 贈る / 授ける""><u class=""se_basna"">du</u>nda</span> <span class=""cmavo"" ondblclick=""location.href = &quot;https://jbovlaste.lojban.org/dict/pe'u&quot;"" title=""要求 : 心態詞(呼応系); 「e'o」と違い、頼む相手が聞き手であることを明示する。"">pe'u</span></p><p lang=""ja"">大きいつづらではなく、小さいつづらをください</p></div>","A1::ペア・ワード","[sound:cmalu.flac]"
"34a70461-71c3-4474-8390-c3459f4eb6f2","bartu","ˈbartu","gismu","<u class=""se_basna"" title=""アクセント"">ba</u>rtu","<var class=""x1"" lang="""">x<sub>1</sub></var> は <var class=""x2"" lang="""">x<sub>2</sub></var> の外 / 外部 / 外側",,"<li>外部</li>","<li class=""cimei-lerfu"">bar</li><li class=""vomei-lerfu"">bart</li>","<li>&lt;バルト海&gt;</li><li>biau(表)</li><li>out</li>","<li><a class=""gismu"" href=""https://jbovlaste.lojban.org/dict/jibni"" title=""x1 は x2 に、 x3 (性質)に関して近い / 近似""><u class=""se_basna"">ji</u>bni</a></li><li><a class=""gismu"" href=""https://jbovlaste.lojban.org/dict/nenri"" title=""x1 は x2 の中(にある); x1 は内部 / 内側; x2 は x1 を内蔵する""><u class=""se_basna"">ne</u>nri</a></li><li><a class=""gismu"" href=""https://jbovlaste.lojban.org/dict/sruri"" title=""x1 は x2 を x3 (方向 / 次元 / 面)に関して包囲する / 取り囲む""><u class=""se_basna"">sru</u>ri</a></li><li><a class=""gismu"" href=""https://jbovlaste.lojban.org/dict/lamji"" title=""x1 は x2 に、 x3 (並列特性)・ x4 (並列方向)で隣接する / 隣り合う; x1 は x2 の隣""><u class=""se_basna"">la</u>mji</a></li><li><a class=""gismu"" href=""https://jbovlaste.lojban.org/dict/korbi"" title=""x1 は x2 の、 x3 に接する端 / へり / 縁 / 境界""><u class=""se_basna"">ko</u>rbi</a></li><li><a class=""gismu"" href=""https://jbovlaste.lojban.org/dict/calku"" title=""x1 は x2 を覆う、 x3 (成分)の殻""><u class=""se_basna"">ca</u>lku</a></li><li><a class=""gismu"" href=""https://jbovlaste.lojban.org/dict/vasru"" title=""x1 は x2 を内に含む / 包む; x1 は x2 の容器""><u class=""se_basna"">va</u>sru</a></li>","<div class=""mupli""><p lang=""jbo""><span class=""cmavo"" ondblclick=""location.href = &quot;https://jbovlaste.lojban.org/dict/lo&quot;"" title=""それであるもの : 冠詞(客観系); selbri を冠する; 指示対象は真にその selbri に当てはまる"">lo</span> <span class=""gismu"" ondblclick=""location.href = &quot;https://jbovlaste.lojban.org/dict/bartu&quot;"" title=""x1 は x2 の外 / 外部 / 外側""><u class=""se_basna"">ba</u>rtu</span> <span class=""cmavo"" ondblclick=""location.href = &quot;https://jbovlaste.lojban.org/dict/be&quot;"" title=""〜の : sumti を brivla に接続する"">be</span> <span class=""cmavo"" ondblclick=""location.href = &quot;https://jbovlaste.lojban.org/dict/lo&quot;"" title=""それであるもの : 冠詞(客観系); selbri を冠する; 指示対象は真にその selbri に当てはまる"">lo</span> <span class=""gismu"" ondblclick=""location.href = &quot;https://jbovlaste.lojban.org/dict/zdani&quot;"" title=""x1 は x2 の(ための)巣 / 家 / ねぐら / アジト""><u class=""se_basna"">zda</u>ni</span> <span class=""cmavo"" ondblclick=""location.href = &quot;https://jbovlaste.lojban.org/dict/cu&quot;"" title=""selbri隔離 : 先行の項や名辞からselbriを隔離する; 省略可能"">cu</span> <span class=""gismu"" ondblclick=""location.href = &quot;https://jbovlaste.lojban.org/dict/lenku&quot;"" title=""x1 は x2 (基準)において冷たい / 涼しい""><u class=""se_basna"">le</u>nku</span></p><p lang=""ja"">家の外は寒い(= lenku ne'inai lo zdani)</p></div>","A1::ペア・ワード","[sound:bartu.flac]"
"38241aea-bfee-4f91-9a54-93b31affb0ad","nenri","ˈnɛnri","gismu","<u class=""se_basna"" title=""アクセント"">ne</u>nri","<var class=""x1"" lang="""">x<sub>1</sub></var> は <var class=""x2"" lang="""">x<sub>2</sub></var> の中(にある); <var class=""x1"" lang="""">x<sub>1</sub></var> は内部 / 内側; <var class=""x2"" lang="""">x<sub>2</sub></var> は <var class=""x1"" lang="""">x<sub>1</sub></var> を内蔵する",,"<li>中</li>","<li class=""cimei-lerfu"">ner</li><li class=""cimei-lerfu"">ne'i</li><li class=""vomei-lerfu"">nenr</li>","<li>内部念入り</li>","<li><a class=""cmavo"" href=""https://jbovlaste.lojban.org/dict/se"" title=""x1-x2 転換 : selbri の左に付いてPSの x1 と x2 を転換する"">se</a> <a class=""gismu"" href=""https://jbovlaste.lojban.org/dict/vasru"" title=""x1 は x2 を内に含む / 包む; x1 は x2 の容器""><u class=""se_basna"">va</u>sru</a></li><li><a class=""gismu"" href=""https://jbovlaste.lojban.org/dict/jbini"" title=""x1 は x2 (集合)の間に在る、 x3 (性質)に関して; x1 は x2 の中間""><u class=""se_basna"">jbi</u>ni</a></li><li><a class=""gismu"" href=""https://jbovlaste.lojban.org/dict/zvati"" title=""x1 (物 / 事)が x2 (事 / 所)に居る / 在る"">z<u class=""se_basna"">va</u>ti</a></li><li><a class=""gismu"" href=""https://jbovlaste.lojban.org/dict/cpana"" title=""x1 は x2 (表面)の上に(置いて / 立って)在る、 x3 (観点)で""><u class=""se_basna"">cpa</u>na</a></li><li><a class=""gismu"" href=""https://jbovlaste.lojban.org/dict/sruri"" title=""x1 は x2 を x3 (方向 / 次元 / 面)に関して包囲する / 取り囲む""><u class=""se_basna"">sru</u>ri</a></li><li><a class=""gismu"" href=""https://jbovlaste.lojban.org/dict/senta"" title=""x1 は x2 (素材)・ x3 (構造)の層 / レイヤー""><u class=""se_basna"">se</u>nta</a></li><li><a class=""gismu"" href=""https://jbovlaste.lojban.org/dict/snuji"" title=""x1 は x2 (中身)・ x3 (挟む物)のサンドイッチ""><u class=""se_basna"">snu</u>ji</a></li><li><a class=""gismu"" href=""https://jbovlaste.lojban.org/dict/bartu"" title=""x1 は x2 の外 / 外部 / 外側""><u class=""se_basna"">ba</u>rtu</a></li><li><a class=""gismu"" href=""https://jbovlaste.lojban.org/dict/diklo"" title=""x1 は x2 (局所)・ x3 (領域)について局所的 / ローカル; x1 は x2 に局在する""><u class=""se_basna"">di</u>klo</a></li><li><a class=""gismu"" href=""https://jbovlaste.lojban.org/dict/jibni"" title=""x1 は x2 に、 x3 (性質)に関して近い / 近似""><u class=""se_basna"">ji</u>bni</a></li><li><a class=""gismu"" href=""https://jbovlaste.lojban.org/dict/jinru"" title=""x1 は x2 に漬かる / 浸かる / 沈む / 潜る""><u class=""se_basna"">ji</u>nru</a></li><li><a class=""gismu"" href=""https://jbovlaste.lojban.org/dict/setca"" title=""x1 (者)は x2 を x3 に挿入する; x2 は x3 に挟まれている""><u class=""se_basna"">se</u>tca</a></li>",,"A1::ペア・ワード","[sound:nenri.flac]"
"def095e0-58e5-4d90-acf2-3e4d6cb49797","cikna","ˈʃikna","gismu","<u class=""se_basna"" title=""アクセント"">ci</u>kna","<var class=""x1"" lang="""">x<sub>1</sub></var> は目覚めている","「しらふ」「抜け目がない」も。","<li>目覚め</li>","<li class=""cimei-lerfu"">cik</li><li class=""vomei-lerfu"">cikn</li>","<li>敷くな</li>","<li><a class=""gismu"" href=""https://jbovlaste.lojban.org/dict/sanji"" title=""x1 は x2 (物 / 事)について意識がある; x1 は x2 を意識 / 認識している""><u class=""se_basna"">sa</u>nji</a></li><li><a class=""gismu"" href=""https://jbovlaste.lojban.org/dict/sipna"" title=""x1 は寝ている; x1 は眠る""><u class=""se_basna"">si</u>pna</a></li><li><a class=""gismu"" href=""https://jbovlaste.lojban.org/dict/tatpi"" title=""x1 は x2 (事)によって疲労 / 疲弊している / 疲れている""><u class=""se_basna"">ta</u>tpi</a></li>",,"A1::ペア・ワード","[sound:cikna.flac]"
"5028a58c-eb84-45da-b06a-50b8638d9f16","sipna","ˈsipna","gismu","<u class=""se_basna"" title=""アクセント"">si</u>pna","<var class=""x1"" lang="""">x<sub>1</sub></var> は寝ている; <var class=""x1"" lang="""">x<sub>1</sub></var> は眠る",,"<li>睡眠</li>","<li class=""cimei-lerfu"">sip</li><li class=""vomei-lerfu"">sipn</li>","<li>&lt;スィップなめて睡眠&gt;</li><li>睡スリープな</li>","<li><a class=""gismu"" href=""https://jbovlaste.lojban.org/dict/senva"" title=""x1 は x2 (事)を夢見る; x2 は夢想 / 幻想""><u class=""se_basna"">se</u>nva</a></li><li><a class=""gismu"" href=""https://jbovlaste.lojban.org/dict/tatpi"" title=""x1 は x2 (事)によって疲労 / 疲弊している / 疲れている""><u class=""se_basna"">ta</u>tpi</a></li><li><a class=""gismu"" href=""https://jbovlaste.lojban.org/dict/cikna"" title=""x1 は目覚めている""><u class=""se_basna"">ci</u>kna</a></li><li><a class=""gismu"" href=""https://jbovlaste.lojban.org/dict/sanji"" title=""x1 は x2 (物 / 事)について意識がある; x1 は x2 を意識 / 認識している""><u class=""se_basna"">sa</u>nji</a></li>",,"A1::ペア・ワード","[sound:sipna.flac]"
"d0253350-2a9f-4a5e-b51a-b5ba4b91a1e2","cilre","ˈʃilrɛ","gismu","<u class=""se_basna"" title=""アクセント"">ci</u>lre","<var class=""x1"" lang="""">x<sub>1</sub></var> は <var class=""x2"" lang="""">x<sub>2</sub></var> (命題)・ <var class=""x3"" lang="""">x<sub>3</sub></var> (題目)を <var class=""x4"" lang="""">x<sub>4</sub></var> (情報源)から <var class=""x5"" lang="""">x<sub>5</sub></var> (方法)によって習う","「<span class=""gismu"" ondblclick=""location.href = &quot;https://jbovlaste.lojban.org/dict/ctuca&quot;"" title=""x1 は x2 (生徒 / 門下生)に x3 (命題)・ x4 (題目)を x5 (方法)で教える""><u class=""se_basna"">ctu</u>ca</span>」と違い、教師がかならずしも含意されず、主体性が強調される。","<li>習う</li>","<li class=""cimei-lerfu"">cli</li><li class=""vomei-lerfu"">cilr</li>","<li>知る練習</li><li>ciue(学)</li><li>learn</li>","<li><a class=""gismu"" href=""https://jbovlaste.lojban.org/dict/ctuca"" title=""x1 は x2 (生徒 / 門下生)に x3 (命題)・ x4 (題目)を x5 (方法)で教える""><u class=""se_basna"">ctu</u>ca</a></li><li><a class=""gismu"" href=""https://jbovlaste.lojban.org/dict/tadni"" title=""x1 は x2 を学ぶ / 研究する; x1 は学生 / 研究家 / 学者""><u class=""se_basna"">ta</u>dni</a></li><li><a class=""gismu"" href=""https://jbovlaste.lojban.org/dict/djuno"" title=""x1 は x2 (命題)・ x3 (題目)を x4 (認識体系)で知る""><u class=""se_basna"">dju</u>no</a></li><li><a class=""gismu"" href=""https://jbovlaste.lojban.org/dict/ckule"" title=""x1 は x2 (所)で x3 (科目)を x4 (聴衆)に教える、 x5 (者)によって営まれている教育機関 / 学習施設""><u class=""se_basna"">cku</u>le</a></li>",,"A1::ペア・ワード","[sound:cilre.flac]"
"6015bd67-d1e1-4a72-a418-42ba7166f385","ctuca","ʃˈtuʃa","gismu","<u class=""se_basna"" title=""アクセント"">ctu</u>ca","<var class=""x1"" lang="""">x<sub>1</sub></var> は <var class=""x2"" lang="""">x<sub>2</sub></var> (生徒 / 門下生)に <var class=""x3"" lang="""">x<sub>3</sub></var> (命題)・ <var class=""x4"" lang="""">x<sub>4</sub></var> (題目)を <var class=""x5"" lang="""">x<sub>5</sub></var> (方法)で教える","「教育」「指導」「伝道」も。","<li>教える</li>","<li class=""cimei-lerfu"">ctu</li><li class=""vomei-lerfu"">ctuc</li>",,"<li><a class=""gismu"" href=""https://jbovlaste.lojban.org/dict/ckule"" title=""x1 は x2 (所)で x3 (科目)を x4 (聴衆)に教える、 x5 (者)によって営まれている教育機関 / 学習施設""><u class=""se_basna"">cku</u>le</a></li><li><a class=""gismu"" href=""https://jbovlaste.lojban.org/dict/cilre"" title=""x1 は x2 (命題)・ x3 (題目)を x4 (情報源)から x5 (方法)によって習う""><u class=""se_basna"">ci</u>lre</a></li><li><a class=""gismu"" href=""https://jbovlaste.lojban.org/dict/tadni"" title=""x1 は x2 を学ぶ / 研究する; x1 は学生 / 研究家 / 学者""><u class=""se_basna"">ta</u>dni</a></li>",,"A1::ペア・ワード","[sound:ctuca.flac]"
"4f9a1868-3d37-46fc-aed6-f333eaa48d6c","cirko","ˈʃirko","gismu","<u class=""se_basna"" title=""アクセント"">ci</u>rko","<var class=""x1"" lang="""">x<sub>1</sub></var> は <var class=""x2"" lang="""">x<sub>2</sub></var> (物 / 者)を <var class=""x3"" lang="""">x<sub>3</sub></var> (所)で失う; <var class=""x1"" lang="""">x<sub>1</sub></var> は <var class=""x2"" lang="""">x<sub>2</sub></var> (性質)を <var class=""x3"" lang="""">x<sub>3</sub></var> (状況)で失う","「見失う」も。","<li>失う</li>","<li class=""cimei-lerfu"">cri</li><li class=""vomei-lerfu"">cirk</li>","<li>汁粉を失う</li>","<li><a class=""gismu"" href=""https://jbovlaste.lojban.org/dict/facki"" title=""x1 は x2 (命題)を x3 (題目)について発見する; x1 は x3 (物)を見つける / 探し当てる""><u class=""se_basna"">fa</u>cki</a></li><li><a class=""gismu"" href=""https://jbovlaste.lojban.org/dict/ralte"" title=""x1 は x2 を保持 / 維持する""><u class=""se_basna"">ra</u>lte</a></li><li><a class=""gismu"" href=""https://jbovlaste.lojban.org/dict/sisku"" title=""x1 は x2 (性質)を x3 (集合)の中に探し求める / 模索する""><u class=""se_basna"">si</u>sku</a></li><li><a class=""gismu"" href=""https://jbovlaste.lojban.org/dict/claxu"" title=""x1 は x2 を欠く; x1 は x2 無し""><u class=""se_basna"">cla</u>xu</a></li><li><a class=""gismu"" href=""https://jbovlaste.lojban.org/dict/jinga"" title=""x1 は x2 (利益)を x3 (競合相手 / 敗者)から x4 (試合)において勝ち取る; x1 は x3 に勝利する; x3 は x1 に敗北する""><u class=""se_basna"">ji</u>nga</a></li><li><a class=""gismu"" href=""https://jbovlaste.lojban.org/dict/pleji"" title=""x1 は x2 (金 / 報酬)を x3 (者)に x4 (対価 / 商品 / サービス)のために支払う""><u class=""se_basna"">ple</u>ji</a></li><li><a class=""gismu"" href=""https://jbovlaste.lojban.org/dict/canja"" title=""x1 は x2 (差し出す対象)を x3 (受け取る対象)と、 x4 と交換する; x1 ・ x4 は貿易業者 / 投機家 / 相場師 / 物々交換する者""><u class=""se_basna"">ca</u>nja</a></li><li><a class=""gismu"" href=""https://jbovlaste.lojban.org/dict/sfasa"" title=""x1 (者)は x2 (者)を x3 (違反 / 侵害)のために x4 (罰)でこらしめる / 罰する / 折檻 / 懲戒する""><u class=""se_basna"">sfa</u>sa</a></li><li><a class=""gismu"" href=""https://jbovlaste.lojban.org/dict/dapma"" title=""x1 は x2 を x3 (運命)に呪いつける""><u class=""se_basna"">da</u>pma</a></li><li><a class=""gismu"" href=""https://jbovlaste.lojban.org/dict/binra"" title=""x1 は x2 (者)を x3 (危険 / 損害)にたいして x4 (特典)で保証 / 保障 / 補償する""><u class=""se_basna"">bi</u>nra</a></li><li><a class=""gismu"" href=""https://jbovlaste.lojban.org/dict/mipri"" title=""x1 は x2 を x3 から、 x4 (方法)によって匿う / 隠す / 秘密にする""><u class=""se_basna"">mi</u>pri</a></li>",,"A1::ペア・ワード","[sound:cirko.flac]"
"a8767645-179c-41f4-8bb3-4f4983eef2c3","cpacu","ʃˈpaʃu","gismu","<u class=""se_basna"" title=""アクセント"">cpa</u>cu","<var class=""x1"" lang="""">x<sub>1</sub></var> は <var class=""x2"" lang="""">x<sub>2</sub></var> (対象)を <var class=""x3"" lang="""">x<sub>3</sub></var> (起源)から入手する","「<span class=""gismu"" ondblclick=""location.href = &quot;https://jbovlaste.lojban.org/dict/lebna&quot;"" title=""x1 は x2 (物 / 性質)を x3 (者)から取る / 得る / 奪う / 盗む / 取り除く / 没収 / 着服する""><u class=""se_basna"">le</u>bna</span>」と違い、元の所有者の権利を侵さない。「もらう」も。","<li>入手</li>","<li class=""cimei-lerfu"">cpa</li><li class=""vomei-lerfu"">cpac</li>",,"<li><a class=""gismu"" href=""https://jbovlaste.lojban.org/dict/punji"" title=""x1 は x2 を x3 (所)に置く / 設置する""><u class=""se_basna"">pu</u>nji</a></li><li><a class=""gismu"" href=""https://jbovlaste.lojban.org/dict/lebna"" title=""x1 は x2 (物 / 性質)を x3 (者)から取る / 得る / 奪う / 盗む / 取り除く / 没収 / 着服する""><u class=""se_basna"">le</u>bna</a></li><li><a class=""gismu"" href=""https://jbovlaste.lojban.org/dict/vimcu"" title=""x1 は x2 を x3 から、 x4 だけ残して除去 / 控除する / 差し引く""><u class=""se_basna"">vi</u>mcu</a></li>",,"A1::ペア・ワード","[sound:cpacu.flac]"
"810bc68a-41f7-4494-a95f-1b7de0593212","lenku","ˈlɛnku","gismu","<u class=""se_basna"" title=""アクセント"">le</u>nku","<var class=""x1"" lang="""">x<sub>1</sub></var> は <var class=""x2"" lang="""">x<sub>2</sub></var> (基準)において冷たい / 涼しい",,"<li>冷たい</li>","<li class=""cimei-lerfu"">lek</li><li class=""vomei-lerfu"">lenk</li>","<li>lei 冷</li>","<li><a class=""gismu"" href=""https://jbovlaste.lojban.org/dict/glare"" title=""x1 は x2 (基準)において熱い / 暖かい / 温い""><u class=""se_basna"">gla</u>re</a></li><li><a class=""gismu"" href=""https://jbovlaste.lojban.org/dict/bisli"" title=""x1 は x2 (成分)の氷 / 氷結物""><u class=""se_basna"">bi</u>sli</a></li>",,"A1::ペア・ワード","[sound:lenku.flac]"
"1e6c65f0-94bf-43d4-a09b-ecd3f3680111","glare","gˈlarɛ","gismu","<u class=""se_basna"" title=""アクセント"">gla</u>re","<var class=""x1"" lang="""">x<sub>1</sub></var> は <var class=""x2"" lang="""">x<sub>2</sub></var> (基準)において熱い / 暖かい / 温い",,"<li>熱い</li>","<li class=""cimei-lerfu"">gla</li><li class=""vomei-lerfu"">glar</li>","<li>ギラギラ烈日</li><li>warm</li><li>caluroso</li><li>re(熱)</li>","<li><a class=""gismu"" href=""https://jbovlaste.lojban.org/dict/lenku"" title=""x1 は x2 (基準)において冷たい / 涼しい""><u class=""se_basna"">le</u>nku</a></li>",,"A1::ペア・ワード","[sound:glare.flac]"
"c3be84c3-f9f8-4a3a-856a-d58c7793c06e","verba","ˈvɛrba","gismu","<u class=""se_basna"" title=""アクセント"">ve</u>rba","<var class=""x1"" lang="""">x<sub>1</sub></var> は <var class=""x2"" lang="""">x<sub>2</sub></var> (年齢)の、 <var class=""x3"" lang="""">x<sub>3</sub></var> (観点)での子供","人間とは限らない。","<li>こども</li>","<li class=""cimei-lerfu"">ver</li><li class=""cimei-lerfu"">ve'a</li><li class=""vomei-lerfu"">verb</li>",,"<li><a class=""gismu"" href=""https://jbovlaste.lojban.org/dict/cifnu"" title=""x1 は x2 (生物種)の幼児 / 赤ちゃん""><u class=""se_basna"">ci</u>fnu</a></li><li><a class=""gismu"" href=""https://jbovlaste.lojban.org/dict/panzi"" title=""x1 は x2 (親)の生物学的子孫""><u class=""se_basna"">pa</u>nzi</a></li><li><a class=""gismu"" href=""https://jbovlaste.lojban.org/dict/citno"" title=""x1 は x2 (基準)において若い""><u class=""se_basna"">ci</u>tno</a></li><li><a class=""gismu"" href=""https://jbovlaste.lojban.org/dict/nanla"" title=""x1 は x2 (年齢)・ x3 (基準)の少年 / 未成熟の男""><u class=""se_basna"">na</u>nla</a></li><li><a class=""gismu"" href=""https://jbovlaste.lojban.org/dict/nixli"" title=""x1 は x2 (年齢)・ x3 (基準)の少女 / 未成熟の女""><u class=""se_basna"">ni</u>xli</a></li><li><a class=""cmavo"" href=""https://jbovlaste.lojban.org/dict/se"" title=""x1-x2 転換 : selbri の左に付いてPSの x1 と x2 を転換する"">se</a> <a class=""gismu"" href=""https://jbovlaste.lojban.org/dict/rirni"" title=""x1 は x2 の育ての親 / 保護者 / 保育者 / 養育者; x1 は x2 を育てる""><u class=""se_basna"">ri</u>rni</a></li><li><a class=""gismu"" href=""https://jbovlaste.lojban.org/dict/bersa"" title=""x1 は x2 (親)の息子""><u class=""se_basna"">be</u>rsa</a></li><li><a class=""gismu"" href=""https://jbovlaste.lojban.org/dict/makcu"" title=""x1 は x2 (性質)に関して成熟している; x1 は成人 / おとな""><u class=""se_basna"">ma</u>kcu</a></li>",,"A1::ペア・ワード","[sound:verba.flac]"
"55e0b50a-bad2-454d-991a-471941fbac11","makcu","ˈmakʃu","gismu","<u class=""se_basna"" title=""アクセント"">ma</u>kcu","<var class=""x1"" lang="""">x<sub>1</sub></var> は <var class=""x2"" lang="""">x<sub>2</sub></var> (性質)に関して成熟している; <var class=""x1"" lang="""">x<sub>1</sub></var> は成人 / おとな",,"<li>成熟</li>","<li class=""cimei-lerfu"">ma'u</li><li class=""vomei-lerfu"">makc</li>",,"<li><a class=""gismu"" href=""https://jbovlaste.lojban.org/dict/cifnu"" title=""x1 は x2 (生物種)の幼児 / 赤ちゃん""><u class=""se_basna"">ci</u>fnu</a></li><li><a class=""gismu"" href=""https://jbovlaste.lojban.org/dict/ninmu"" title=""x1 は女(の人)""><u class=""se_basna"">ni</u>nmu</a></li><li><a class=""gismu"" href=""https://jbovlaste.lojban.org/dict/verba"" title=""x1 は x2 (年齢)の、 x3 (観点)での子供""><u class=""se_basna"">ve</u>rba</a></li><li><a class=""gismu"" href=""https://jbovlaste.lojban.org/dict/banro"" title=""x1 は x2 (結果)に x3 (始原)から育つ / 育成する / 成長する""><u class=""se_basna"">ba</u>nro</a></li><li><a class=""gismu"" href=""https://jbovlaste.lojban.org/dict/farvi"" title=""x1 は x2 に x3 から x4 (過程)を通じて発達 / 発展 / 進化する""><u class=""se_basna"">fa</u>rvi</a></li><li><a class=""gismu"" href=""https://jbovlaste.lojban.org/dict/nanmu"" title=""x1 は男(の人)""><u class=""se_basna"">na</u>nmu</a></li>","<div class=""mupli""><p lang=""jbo""><span class=""cmavo"" ondblclick=""location.href = &quot;https://jbovlaste.lojban.org/dict/lo&quot;"" title=""それであるもの : 冠詞(客観系); selbri を冠する; 指示対象は真にその selbri に当てはまる"">lo</span> <span class=""gismu"" ondblclick=""location.href = &quot;https://jbovlaste.lojban.org/dict/cmana&quot;"" title=""x1 は x2 から突き出ている山""><u class=""se_basna"">cma</u>na</span> <span class=""fu'ivla"" ondblclick=""location.href = &quot;https://jbovlaste.lojban.org/dict/rutrkaki&quot;"">rutrkaki</span> <span class=""cmavo"" ondblclick=""location.href = &quot;https://jbovlaste.lojban.org/dict/po&quot;"" title=""特有 sumti : 関係詞(制限); 左の sumti が右の sumti に特有であることを示す; 一般にいう物理的 / 法的所有を表す"">po</span> <span class=""cmavo"" ondblclick=""location.href = &quot;https://jbovlaste.lojban.org/dict/le&quot;"" title=""形容されたもの : 冠詞(主観系); selbri を冠する; 指示対象は必ずしもその selbri に真に当てはまるとは限らない"">le</span> <span class=""gismu"" ondblclick=""location.href = &quot;https://jbovlaste.lojban.org/dict/cmana&quot;"" title=""x1 は x2 から突き出ている山""><u class=""se_basna"">cma</u>na</span> <span class=""gismu"" ondblclick=""location.href = &quot;https://jbovlaste.lojban.org/dict/malsi&quot;"" title=""x1 は x2 (宗教体系)・ x3 (所)の寺 / 寺院 / 神社 / 教会 / モスク / シナゴーグ""><u class=""se_basna"">ma</u>lsi</span> <span class=""cmavo"" ondblclick=""location.href = &quot;https://jbovlaste.lojban.org/dict/zo'u&quot;"" title=""題目部終了 : 題目部の末端および本 bridi の開始を表す"">zo'u</span> <span class=""cmavo"" ondblclick=""location.href = &quot;https://jbovlaste.lojban.org/dict/za'o&quot;"" title=""延続 : 相制詞; 〜の自然な終了時点からさらに継続して"">za'o</span> <span class=""gismu"" ondblclick=""location.href = &quot;https://jbovlaste.lojban.org/dict/makcu&quot;"" title=""x1 は x2 (性質)に関して成熟している; x1 は成人 / おとな""><u class=""se_basna"">ma</u>kcu</span></p><p lang=""ja"" title=""山頭火「行乞記(二)」"">山寺の山柿のうれたまゝ</p></div>","A1::ペア・ワード","[sound:makcu.flac]"
"d1302342-13fe-4fca-a4be-e6ae624f46c0","mamta","ˈmamta","gismu","<u class=""se_basna"" title=""アクセント"">ma</u>mta","<var class=""x1"" lang="""">x<sub>1</sub></var> は <var class=""x2"" lang="""">x<sub>2</sub></var> の母親; <var class=""x1"" lang="""">x<sub>1</sub></var> は母性的","肉親とは限らない。","<li>母</li>","<li class=""cimei-lerfu"">mam</li><li class=""vomei-lerfu"">mamt</li>","<li>マム</li>","<li><a class=""gismu"" href=""https://jbovlaste.lojban.org/dict/patfu"" title=""x1 は x2 の父親""><u class=""se_basna"">pa</u>tfu</a></li><li><a class=""gismu"" href=""https://jbovlaste.lojban.org/dict/sovda"" title=""x1 は x2 (生体)の卵 / 卵子 / 花粉 / 配偶子""><u class=""se_basna"">so</u>vda</a></li><li><a class=""gismu"" href=""https://jbovlaste.lojban.org/dict/rirni"" title=""x1 は x2 の育ての親 / 保護者 / 保育者 / 養育者; x1 は x2 を育てる""><u class=""se_basna"">ri</u>rni</a></li><li><a class=""gismu"" href=""https://jbovlaste.lojban.org/dict/rorci"" title=""x1 は x2 (子)を x3 との間にもうける""><u class=""se_basna"">ro</u>rci</a></li><li><a class=""gismu"" href=""https://jbovlaste.lojban.org/dict/tarbi"" title=""x1 は x2 (母)・ x3 (父)による胎芽 / 胎児 / 胚芽 / 接合体""><u class=""se_basna"">ta</u>rbi</a></li><li><a class=""gismu"" href=""https://jbovlaste.lojban.org/dict/famti"" title=""x1 (者)は x2 (者)・ x3 (血縁関係)のおじ / おば""><u class=""se_basna"">fa</u>mti</a></li><li><a class=""gismu"" href=""https://jbovlaste.lojban.org/dict/bersa"" title=""x1 は x2 (親)の息子""><u class=""se_basna"">be</u>rsa</a></li><li><a class=""gismu"" href=""https://jbovlaste.lojban.org/dict/jbena"" title=""x1 は x2 (産主)による x3 (日時)・ x4 (所)の生まれである; x2 は x1 の産みの親""><u class=""se_basna"">jbe</u>na</a></li>",,"A1::ペア・ワード","[sound:mamta.flac]"
"e2f84a46-dfcc-4684-a43d-30130146bd0d","patfu","ˈpatfu","gismu","<u class=""se_basna"" title=""アクセント"">pa</u>tfu","<var class=""x1"" lang="""">x<sub>1</sub></var> は <var class=""x2"" lang="""">x<sub>2</sub></var> の父親","肉親に限らない。","<li>父</li>","<li class=""cimei-lerfu"">paf</li><li class=""cimei-lerfu"">pa'u</li><li class=""vomei-lerfu"">patf</li>","<li>パパと父(ふ)</li>","<li><a class=""gismu"" href=""https://jbovlaste.lojban.org/dict/mamta"" title=""x1 は x2 の母親; x1 は母性的""><u class=""se_basna"">ma</u>mta</a></li><li><a class=""gismu"" href=""https://jbovlaste.lojban.org/dict/rirni"" title=""x1 は x2 の育ての親 / 保護者 / 保育者 / 養育者; x1 は x2 を育てる""><u class=""se_basna"">ri</u>rni</a></li><li><a class=""gismu"" href=""https://jbovlaste.lojban.org/dict/rorci"" title=""x1 は x2 (子)を x3 との間にもうける""><u class=""se_basna"">ro</u>rci</a></li><li><a class=""gismu"" href=""https://jbovlaste.lojban.org/dict/tarbi"" title=""x1 は x2 (母)・ x3 (父)による胎芽 / 胎児 / 胚芽 / 接合体""><u class=""se_basna"">ta</u>rbi</a></li><li><a class=""gismu"" href=""https://jbovlaste.lojban.org/dict/dzena"" title=""x1 (者)は x2 (者)・ x3 (関係)の先祖 / 先人; x1 は先駆者""><u class=""se_basna"">dze</u>na</a></li><li><a class=""gismu"" href=""https://jbovlaste.lojban.org/dict/famti"" title=""x1 (者)は x2 (者)・ x3 (血縁関係)のおじ / おば""><u class=""se_basna"">fa</u>mti</a></li><li><a class=""gismu"" href=""https://jbovlaste.lojban.org/dict/panzi"" title=""x1 は x2 (親)の生物学的子孫""><u class=""se_basna"">pa</u>nzi</a></li><li><a class=""gismu"" href=""https://jbovlaste.lojban.org/dict/bersa"" title=""x1 は x2 (親)の息子""><u class=""se_basna"">be</u>rsa</a></li><li><a class=""gismu"" href=""https://jbovlaste.lojban.org/dict/sovda"" title=""x1 は x2 (生体)の卵 / 卵子 / 花粉 / 配偶子""><u class=""se_basna"">so</u>vda</a></li>",,"A1::ペア・ワード","[sound:patfu.flac]"
"a860e2a7-8fb7-48c9-b493-d8218f3a16f6","nanmu","ˈnanmu","gismu","<u class=""se_basna"" title=""アクセント"">na</u>nmu","<var class=""x1"" lang="""">x<sub>1</sub></var> は男(の人)","セクシズムを避けるなら「<span class=""gismu"" ondblclick=""location.href = &quot;https://jbovlaste.lojban.org/dict/prenu&quot;"" title=""x1 は(心理学上の)人; x1 は人格を有する""><u class=""se_basna"">pre</u>nu</span>」か「<span class=""gismu"" ondblclick=""location.href = &quot;https://jbovlaste.lojban.org/dict/remna&quot;"" title=""x1 は生物学的ヒト / ホモサピエンス""><u class=""se_basna"">re</u>mna</span>」。","<li>男</li>","<li class=""cimei-lerfu"">n<u class=""relkarsna"">au</u></li><li class=""vomei-lerfu"">nanm</li>","<li>nan(男)</li>","<li><a class=""gismu"" href=""https://jbovlaste.lojban.org/dict/ninmu"" title=""x1 は女(の人)""><u class=""se_basna"">ni</u>nmu</a></li><li><a class=""gismu"" href=""https://jbovlaste.lojban.org/dict/remna"" title=""x1 は生物学的ヒト / ホモサピエンス""><u class=""se_basna"">re</u>mna</a></li><li><a class=""gismu"" href=""https://jbovlaste.lojban.org/dict/prenu"" title=""x1 は(心理学上の)人; x1 は人格を有する""><u class=""se_basna"">pre</u>nu</a></li><li><a class=""gismu"" href=""https://jbovlaste.lojban.org/dict/makcu"" title=""x1 は x2 (性質)に関して成熟している; x1 は成人 / おとな""><u class=""se_basna"">ma</u>kcu</a></li><li><a class=""gismu"" href=""https://jbovlaste.lojban.org/dict/nanla"" title=""x1 は x2 (年齢)・ x3 (基準)の少年 / 未成熟の男""><u class=""se_basna"">na</u>nla</a></li><li><a class=""gismu"" href=""https://jbovlaste.lojban.org/dict/bersa"" title=""x1 は x2 (親)の息子""><u class=""se_basna"">be</u>rsa</a></li>",,"A1::ペア・ワード","[sound:nanmu.flac]"
"dd8840cc-38b1-4ad2-9504-96203f3cc84a","ninmu","ˈninmu","gismu","<u class=""se_basna"" title=""アクセント"">ni</u>nmu","<var class=""x1"" lang="""">x<sub>1</sub></var> は女(の人)","セクシズムを避けるなら「<span class=""gismu"" ondblclick=""location.href = &quot;https://jbovlaste.lojban.org/dict/prenu&quot;"" title=""x1 は(心理学上の)人; x1 は人格を有する""><u class=""se_basna"">pre</u>nu</span>」か「<span class=""gismu"" ondblclick=""location.href = &quot;https://jbovlaste.lojban.org/dict/remna&quot;"" title=""x1 は生物学的ヒト / ホモサピエンス""><u class=""se_basna"">re</u>mna</span>」。","<li>女</li>","<li class=""cimei-lerfu"">nim</li><li class=""cimei-lerfu"">ni'u</li><li class=""vomei-lerfu"">ninm</li>","<li>女の任務</li>","<li><a class=""gismu"" href=""https://jbovlaste.lojban.org/dict/nanmu"" title=""x1 は男(の人)""><u class=""se_basna"">na</u>nmu</a></li><li><a class=""gismu"" href=""https://jbovlaste.lojban.org/dict/remna"" title=""x1 は生物学的ヒト / ホモサピエンス""><u class=""se_basna"">re</u>mna</a></li><li><a class=""gismu"" href=""https://jbovlaste.lojban.org/dict/prenu"" title=""x1 は(心理学上の)人; x1 は人格を有する""><u class=""se_basna"">pre</u>nu</a></li><li><a class=""gismu"" href=""https://jbovlaste.lojban.org/dict/makcu"" title=""x1 は x2 (性質)に関して成熟している; x1 は成人 / おとな""><u class=""se_basna"">ma</u>kcu</a></li><li><a class=""gismu"" href=""https://jbovlaste.lojban.org/dict/nixli"" title=""x1 は x2 (年齢)・ x3 (基準)の少女 / 未成熟の女""><u class=""se_basna"">ni</u>xli</a></li>",,"A1::ペア・ワード","[sound:ninmu.flac]"
"6f16d308-a274-42f6-a114-03e602e80380","nixli","ˈnixli","gismu","<u class=""se_basna"" title=""アクセント"">ni</u>xli","<var class=""x1"" lang="""">x<sub>1</sub></var> は <var class=""x2"" lang="""">x<sub>2</sub></var> (年齢)・ <var class=""x3"" lang="""">x<sub>3</sub></var> (基準)の少女 / 未成熟の女","セクシズムを避けるなら「<span class=""gismu"" ondblclick=""location.href = &quot;https://jbovlaste.lojban.org/dict/verba&quot;"" title=""x1 は x2 (年齢)の、 x3 (観点)での子供""><u class=""se_basna"">ve</u>rba</span>」。","<li>少女</li>","<li class=""cimei-lerfu"">nix</li><li class=""cimei-lerfu"">xli</li><li class=""vomei-lerfu"">nixl</li>","<li>少女の肉類</li>","<li><a class=""gismu"" href=""https://jbovlaste.lojban.org/dict/nanla"" title=""x1 は x2 (年齢)・ x3 (基準)の少年 / 未成熟の男""><u class=""se_basna"">na</u>nla</a></li><li><a class=""gismu"" href=""https://jbovlaste.lojban.org/dict/verba"" title=""x1 は x2 (年齢)の、 x3 (観点)での子供""><u class=""se_basna"">ve</u>rba</a></li><li><a class=""gismu"" href=""https://jbovlaste.lojban.org/dict/ninmu"" title=""x1 は女(の人)""><u class=""se_basna"">ni</u>nmu</a></li>",,"A1::ペア・ワード","[sound:nixli.flac]"
"969abc3a-a32d-4ca6-a3f1-06da79f8965c","nanla","ˈnanla","gismu","<u class=""se_basna"" title=""アクセント"">na</u>nla","<var class=""x1"" lang="""">x<sub>1</sub></var> は <var class=""x2"" lang="""">x<sub>2</sub></var> (年齢)・ <var class=""x3"" lang="""">x<sub>3</sub></var> (基準)の少年 / 未成熟の男","セクシズムを避けるなら「<span class=""gismu"" ondblclick=""location.href = &quot;https://jbovlaste.lojban.org/dict/verba&quot;"" title=""x1 は x2 (年齢)の、 x3 (観点)での子供""><u class=""se_basna"">ve</u>rba</span>」。","<li>少年</li>","<li class=""vomei-lerfu"">nanl</li>","<li>少年何ら変わりなし</li><li>nan(男)</li><li>lad</li>","<li><a class=""gismu"" href=""https://jbovlaste.lojban.org/dict/nixli"" title=""x1 は x2 (年齢)・ x3 (基準)の少女 / 未成熟の女""><u class=""se_basna"">ni</u>xli</a></li><li><a class=""gismu"" href=""https://jbovlaste.lojban.org/dict/verba"" title=""x1 は x2 (年齢)の、 x3 (観点)での子供""><u class=""se_basna"">ve</u>rba</a></li><li><a class=""gismu"" href=""https://jbovlaste.lojban.org/dict/nanmu"" title=""x1 は男(の人)""><u class=""se_basna"">na</u>nmu</a></li><li><a class=""gismu"" href=""https://jbovlaste.lojban.org/dict/bersa"" title=""x1 は x2 (親)の息子""><u class=""se_basna"">be</u>rsa</a></li>",,"A1::ペア・ワード","[sound:nanla.flac]"
"83bf3960-99b8-49de-a0ba-2ce4d6c0f88c","nakni","ˈnakni","gismu","<u class=""se_basna"" title=""アクセント"">na</u>kni","<var class=""x1"" lang="""">x<sub>1</sub></var> は <var class=""x2"" lang="""">x<sub>2</sub></var> (生物種)の、 <var class=""x3"" lang="""">x<sub>3</sub></var> (体現性質)に基づく男性 / 雄; <var class=""x1"" lang="""">x<sub>1</sub></var> は男性的",,"<li>男性</li>","<li class=""cimei-lerfu"">nak</li><li class=""vomei-lerfu"">nakn</li>","<li>泣くになけない男性</li><li>nan(男)</li><li>masculine</li>","<li><a class=""gismu"" href=""https://jbovlaste.lojban.org/dict/fetsi"" title=""x1 は x2 (生物種)の、 x3 (体現性質)に基づく女性 / 雌; x1 は女性的""><u class=""se_basna"">fe</u>tsi</a></li><li><a class=""gismu"" href=""https://jbovlaste.lojban.org/dict/bersa"" title=""x1 は x2 (親)の息子""><u class=""se_basna"">be</u>rsa</a></li>",,"A1::ペア・ワード","[sound:nakni.flac]"
"68eedfa3-e8cd-492d-8548-735201a9d9e1","fetsi","ˈfɛtsi","gismu","<u class=""se_basna"" title=""アクセント"">fe</u>tsi","<var class=""x1"" lang="""">x<sub>1</sub></var> は <var class=""x2"" lang="""">x<sub>2</sub></var> (生物種)の、 <var class=""x3"" lang="""">x<sub>3</sub></var> (体現性質)に基づく女性 / 雌; <var class=""x1"" lang="""">x<sub>1</sub></var> は女性的",,"<li>女性</li>","<li class=""cimei-lerfu"">fet</li><li class=""cimei-lerfu"">fe'i</li><li class=""vomei-lerfu"">fets</li>",,"<li><a class=""gismu"" href=""https://jbovlaste.lojban.org/dict/nakni"" title=""x1 は x2 (生物種)の、 x3 (体現性質)に基づく男性 / 雄; x1 は男性的""><u class=""se_basna"">na</u>kni</a></li>",,"A1::ペア・ワード","[sound:fetsi.flac]"
"aa488687-275e-4aa7-a8ec-f2c5fc7b74d1","fanmo","ˈfanmo","gismu","<u class=""se_basna"" title=""アクセント"">fa</u>nmo","<var class=""x1"" lang="""">x<sub>1</sub></var> は <var class=""x2"" lang="""">x<sub>2</sub></var> (物 / 過程)の終わり","終了状態全般。達成 / 完了しているとはかぎらない。","<li>終わり</li>","<li class=""cimei-lerfu"">fam</li><li class=""cimei-lerfu"">fa'o</li><li class=""vomei-lerfu"">fanm</li>","<li>&lt;ファン燃え尽きて&gt;</li>","<li><a class=""gismu"" href=""https://jbovlaste.lojban.org/dict/krasi"" title=""x1 (所 / 事)は x2 (物 / 者 / 事)の起源 / 根源 / 発祥地""><u class=""se_basna"">kra</u>si</a></li><li><a class=""gismu"" href=""https://jbovlaste.lojban.org/dict/cfari"" title=""x1 (事 / 状態)は始まる / 開始する""><u class=""se_basna"">cfa</u>ri</a></li><li><a class=""gismu"" href=""https://jbovlaste.lojban.org/dict/mulno"" title=""x1 (事)は完了している; x1 は x2 (性質)に関して、 x3 (観点)において包括的 / 総体的""><u class=""se_basna"">mu</u>lno</a></li><li><a class=""gismu"" href=""https://jbovlaste.lojban.org/dict/sisti"" title=""x1 (者)は x2 (動作 / 過程 / 状態)をやめる / 中止 / 終了する""><u class=""se_basna"">si</u>sti</a></li><li><a class=""gismu"" href=""https://jbovlaste.lojban.org/dict/denpa"" title=""x1 は x2 (事)を x3 (状態)ながら待つ、 x4 (事)の開始以前 / 再開以前に""><u class=""se_basna"">de</u>npa</a></li><li><a class=""gismu"" href=""https://jbovlaste.lojban.org/dict/jipno"" title=""x1 は x2 (本体)の先端 / 先っぽ""><u class=""se_basna"">ji</u>pno</a></li><li><a class=""gismu"" href=""https://jbovlaste.lojban.org/dict/kojna"" title=""x1 は x2 の角 / 隅""><u class=""se_basna"">ko</u>jna</a></li><li><a class=""gismu"" href=""https://jbovlaste.lojban.org/dict/traji"" title=""x1 は x2 (性質)・ x3 (極性)・ x4 (集合 / 範囲)に関して極致(最上 / 最下)""><u class=""se_basna"">tra</u>ji</a></li><li><a class=""gismu"" href=""https://jbovlaste.lojban.org/dict/krasi"" title=""x1 (所 / 事)は x2 (物 / 者 / 事)の起源 / 根源 / 発祥地""><u class=""se_basna"">kra</u>si</a></li>",,"A1::ペア・ワード","[sound:fanmo.flac]"
"36ff75c5-58fe-450b-a9a0-8a6a7c8e5202","krasi","'krasi","gismu","<u class=""se_basna"" title=""アクセント"">kra</u>si","<var class=""x1"" lang="""">x<sub>1</sub></var> (所 / 事)は <var class=""x2"" lang="""">x<sub>2</sub></var> (物 / 者 / 事)の起源 / 根源 / 発祥地",,"<li>起源</li>","<li class=""cimei-lerfu"">kra</li><li class=""vomei-lerfu"">kras</li>","<li>暮らすぃの起源</li>","<li><a class=""gismu"" href=""https://jbovlaste.lojban.org/dict/fanmo"" title=""x1 は x2 (物 / 過程)の終わり""><u class=""se_basna"">fa</u>nmo</a></li><li><a class=""cmavo"" href=""https://jbovlaste.lojban.org/dict/ra'i"" title=""〜を起源として : krasi 法制詞, x1"">ra'i</a></li><li><a class=""gismu"" href=""https://jbovlaste.lojban.org/dict/sabji"" title=""x1 は x2 (物)を x3 (者)に供給 / 提供する供給源""><u class=""se_basna"">sa</u>bji</a></li><li><a class=""gismu"" href=""https://jbovlaste.lojban.org/dict/cfari"" title=""x1 (事 / 状態)は始まる / 開始する""><u class=""se_basna"">cfa</u>ri</a></li><li><a class=""gismu"" href=""https://jbovlaste.lojban.org/dict/jipno"" title=""x1 は x2 (本体)の先端 / 先っぽ""><u class=""se_basna"">ji</u>pno</a></li><li><a class=""gismu"" href=""https://jbovlaste.lojban.org/dict/traji"" title=""x1 は x2 (性質)・ x3 (極性)・ x4 (集合 / 範囲)に関して極致(最上 / 最下)""><u class=""se_basna"">tra</u>ji</a></li><li><a class=""gismu"" href=""https://jbovlaste.lojban.org/dict/kojna"" title=""x1 は x2 の角 / 隅""><u class=""se_basna"">ko</u>jna</a></li><li><a class=""gismu"" href=""https://jbovlaste.lojban.org/dict/genja"" title=""x1 は x2 (植物 / 種類)の根 / 地下茎""><u class=""se_basna"">ge</u>nja</a></li><li><a class=""gismu"" href=""https://jbovlaste.lojban.org/dict/jicmu"" title=""x1 は x2 の基礎 / 基盤 / 根本 / 原理""><u class=""se_basna"">ji</u>cmu</a></li><li><a class=""gismu"" href=""https://jbovlaste.lojban.org/dict/sitna"" title=""x1 は x2 を x3 (情報 / 発言)のために引用 / 参照する""><u class=""se_basna"">si</u>tna</a></li><li><a class=""gismu"" href=""https://jbovlaste.lojban.org/dict/jinto"" title=""x1 は x2 (液体)・ x3 (所)の井戸 / (石油 / 天然ガスの)井 / 泉 / 鉱泉 / 温泉""><u class=""se_basna"">ji</u>nto</a></li>",,"A1::ペア・ワード","[sound:krasi.flac]"
"238434d8-2f6d-44b0-bcd4-ed1b1eb469ab","stizu","'stizu","gismu","<u class=""se_basna"" title=""アクセント"">sti</u>zu","<var class=""x1"" lang="""">x<sub>1</sub></var> は椅子 / 腰掛 / ベンチ",,"<li>椅子</li>","<li class=""cimei-lerfu"">tiz</li><li class=""vomei-lerfu"">stiz</li>",,"<li><a class=""gismu"" href=""https://jbovlaste.lojban.org/dict/nilce"" title=""x1 は x2 (場所)に備え付く家具 / 調度品 / 備品 / 設置物""><u class=""se_basna"">ni</u>lce</a></li><li><a class=""gismu"" href=""https://jbovlaste.lojban.org/dict/zutse"" title=""x1 は x2 (表面)に座る / 着席する""><u class=""se_basna"">zu</u>tse</a></li><li><a class=""gismu"" href=""https://jbovlaste.lojban.org/dict/jubme"" title=""x1 は x2 (素材)・ x3 (脚 / 柱 / 台座)の机 / テーブル / 台""><u class=""se_basna"">ju</u>bme</a></li><li><a class=""gismu"" href=""https://jbovlaste.lojban.org/dict/ckana"" title=""x1 は x2 (素材)の、 x3 (者 / 物 / 事)を支えるための寝台 / ベッド""><u class=""se_basna"">cka</u>na</a></li>",,"A1::ペア・ワード","[sound:stizu.flac]"
"66e60c56-661c-40e6-be39-d593ac504bab","jubme","ˈʒubmɛ","gismu","<u class=""se_basna"" title=""アクセント"">ju</u>bme","<var class=""x1"" lang="""">x<sub>1</sub></var> は <var class=""x2"" lang="""">x<sub>2</sub></var> (素材)・ <var class=""x3"" lang="""">x<sub>3</sub></var> (脚 / 柱 / 台座)の机 / テーブル / 台",,"<li>机</li>","<li class=""cimei-lerfu"">jub</li><li class=""cimei-lerfu"">jbu</li><li class=""vomei-lerfu"">jubm</li>",,"<li><a class=""gismu"" href=""https://jbovlaste.lojban.org/dict/ckana"" title=""x1 は x2 (素材)の、 x3 (者 / 物 / 事)を支えるための寝台 / ベッド""><u class=""se_basna"">cka</u>na</a></li><li><a class=""gismu"" href=""https://jbovlaste.lojban.org/dict/jamfu"" title=""x1 は x2 (本体)の足""><u class=""se_basna"">ja</u>mfu</a></li><li><a class=""gismu"" href=""https://jbovlaste.lojban.org/dict/nilce"" title=""x1 は x2 (場所)に備え付く家具 / 調度品 / 備品 / 設置物""><u class=""se_basna"">ni</u>lce</a></li><li><a class=""gismu"" href=""https://jbovlaste.lojban.org/dict/zbepi"" title=""x1 は x2 (対象 / 事象)を支える、材質 / 性質 x3 の土台 / 基礎 / スタンド / 台座""><u class=""se_basna"">zbe</u>pi</a></li><li><a class=""gismu"" href=""https://jbovlaste.lojban.org/dict/tsina"" title=""x1 は x2 (所)・ x3 (支持対象)・ x4 (素材)の壇 / ステージ""><u class=""se_basna"">tsi</u>na</a></li><li><a class=""gismu"" href=""https://jbovlaste.lojban.org/dict/stizu"" title=""x1 は椅子 / 腰掛 / ベンチ""><u class=""se_basna"">sti</u>zu</a></li>",,"A1::ペア・ワード","[sound:jubme.flac]"
"b48a84a0-67d7-421e-aee0-9a8cdb433e03","linto","ˈlinto","gismu","<u class=""se_basna"" title=""アクセント"">li</u>nto","<var class=""x1"" lang="""">x<sub>1</sub></var> は <var class=""x2"" lang="""">x<sub>2</sub></var> (基準)において軽い / 軽量",,"<li>軽い</li>","<li class=""cimei-lerfu"">li'o</li><li class=""vomei-lerfu"">lint</li>","<li>軽いかりんとう</li>","<li><a class=""gismu"" href=""https://jbovlaste.lojban.org/dict/junta"" title=""x1 は x2 (物体)の、 x3 (環境)における重量 / 重さ""><u class=""se_basna"">ju</u>nta</a></li><li><a class=""gismu"" href=""https://jbovlaste.lojban.org/dict/tilju"" title=""x1 は x2 (基準 / 観点)において重い""><u class=""se_basna"">ti</u>lju</a></li><li><a class=""cmavo"" href=""https://jbovlaste.lojban.org/dict/se"" title=""x1-x2 転換 : selbri の左に付いてPSの x1 と x2 を転換する"">se</a> <a class=""gismu"" href=""https://jbovlaste.lojban.org/dict/xalbo"" title=""x1 は x2 (事)に関して軽率 / 無思慮 / 浮ついている / 不真面目""><u class=""se_basna"">xa</u>lbo</a></li><li><a class=""gismu"" href=""https://jbovlaste.lojban.org/dict/kandi"" title=""x1 は x2 (性質)に関して x3 (観点)にとって淡い / 薄い""><u class=""se_basna"">ka</u>ndi</a></li>",,"A1::ペア・ワード","[sound:linto.flac]"
"c1385d89-29ab-46ea-9f3c-b1934cbfffcb","tilju","ˈtilʒu","gismu","<u class=""se_basna"" title=""アクセント"">ti</u>lju","<var class=""x1"" lang="""">x<sub>1</sub></var> は <var class=""x2"" lang="""">x<sub>2</sub></var> (基準 / 観点)において重い",,"<li>重い</li>","<li class=""cimei-lerfu"">tij</li><li class=""vomei-lerfu"">tilj</li>","<li>juu 重</li>","<li><a class=""gismu"" href=""https://jbovlaste.lojban.org/dict/linto"" title=""x1 は x2 (基準)において軽い / 軽量""><u class=""se_basna"">li</u>nto</a></li><li><a class=""gismu"" href=""https://jbovlaste.lojban.org/dict/carmi"" title=""x1 は x2 (性質)に関して x3 (観点)で激しい / 強烈 / 激烈 / 猛烈 / 熱烈""><u class=""se_basna"">ca</u>rmi</a></li><li><a class=""cmavo"" href=""https://jbovlaste.lojban.org/dict/se"" title=""x1-x2 転換 : selbri の左に付いてPSの x1 と x2 を転換する"">se</a> <a class=""gismu"" href=""https://jbovlaste.lojban.org/dict/junri"" title=""x1 (者)は x2 (事)に関してまじめ / 真剣 / 厳か / 熱心 / 本気""><u class=""se_basna"">ju</u>nri</a></li><li><a class=""gismu"" href=""https://jbovlaste.lojban.org/dict/bunda"" title=""x1 は x2 (数)・ x3 (単位系)・ x4 (下位単位)の非メートル法 / 土着の質量 / 貫 / パウンド""><u class=""se_basna"">bu</u>nda</a></li><li><a class=""gismu"" href=""https://jbovlaste.lojban.org/dict/junta"" title=""x1 は x2 (物体)の、 x3 (環境)における重量 / 重さ""><u class=""se_basna"">ju</u>nta</a></li>","<div class=""mupli""><p lang=""jbo""><span class=""cmavo"" ondblclick=""location.href = &quot;https://jbovlaste.lojban.org/dict/lo&quot;"" title=""それであるもの : 冠詞(客観系); selbri を冠する; 指示対象は真にその selbri に当てはまる"">lo</span> <span class=""gismu"" ondblclick=""location.href = &quot;https://jbovlaste.lojban.org/dict/bakni&quot;"" title=""x1 は x2 (種類)のウシ属動物""><u class=""se_basna"">ba</u>kni</span> <span class=""cmavo"" ondblclick=""location.href = &quot;https://jbovlaste.lojban.org/dict/ke&quot;"" title=""tanru グループ開始 : 境界詞; tanru 内のグループの開始を示す"">ke</span> <span class=""gismu"" ondblclick=""location.href = &quot;https://jbovlaste.lojban.org/dict/tilju&quot;"" title=""x1 は x2 (基準 / 観点)において重い""><u class=""se_basna"">ti</u>lju</span> <span class=""lujvo"" ondblclick=""location.href = &quot;https://jbovlaste.lojban.org/dict/selbei&quot;""><u class=""se_basna"">se</u>lb<u class=""relkarsna"">ei</u></span> <span class=""cmavo"" ondblclick=""location.href = &quot;https://jbovlaste.lojban.org/dict/zo'u&quot;"" title=""題目部終了 : 題目部の末端および本 bridi の開始を表す"">zo'u</span> <span class=""gismu"" ondblclick=""location.href = &quot;https://jbovlaste.lojban.org/dict/viska&quot;"" title=""x1 は x2 を x3 (状態条件)のもと視覚する; x1 には x2 が見える; x1 には視覚能力 / 光学的感知能力がある""><u class=""se_basna"">vi</u>ska</span> <span class=""cmavo"" ondblclick=""location.href = &quot;https://jbovlaste.lojban.org/dict/je&quot;"" title=""tanru 論理積(AND) / 〜と〜 : 接続詞(論理・後置・tanru); 前部と後部は共に真"">je</span> <span class=""gismu"" ondblclick=""location.href = &quot;https://jbovlaste.lojban.org/dict/badri&quot;"" title=""x1 は x2 (事)について悲しい / 落胆している; x2 は x1 を悲しませる""><u class=""se_basna"">ba</u>dri</span></p><p lang=""ja"" title=""山頭火「行乞記(二)」"">牛の重荷は見てかなしい</p></div>","A1::ペア・ワード","[sound:tilju.flac]"
"3c992f23-05c8-436a-9bfb-fbf5408ccbef","viska","ˈviska","gismu","<u class=""se_basna"" title=""アクセント"">vi</u>ska","<var class=""x1"" lang="""">x<sub>1</sub></var> は <var class=""x2"" lang="""">x<sub>2</sub></var> を <var class=""x3"" lang="""">x<sub>3</sub></var> (状態条件)のもと視覚する; <var class=""x1"" lang="""">x<sub>1</sub></var> には <var class=""x2"" lang="""">x<sub>2</sub></var> が見える; <var class=""x1"" lang="""">x<sub>1</sub></var> には視覚能力 / 光学的感知能力がある","<var class=""x3"" lang="""">x<sub>3</sub></var> は、空間の灯りや背景など、視覚できる対象を左右する条件。 <var class=""x1"" lang="""">x<sub>1</sub></var> は光や色を感知するカメラなども。","<li>視覚</li>","<li class=""cimei-lerfu"">vis</li><li class=""cimei-lerfu"">vi'a</li><li class=""vomei-lerfu"">visk</li>","<li>ヴィジョン視覚</li>","<li><a class=""gismu"" href=""https://jbovlaste.lojban.org/dict/catlu"" title=""x1 は x2 を見る / 見つめる / 見入る""><u class=""se_basna"">ca</u>tlu</a></li><li><a class=""gismu"" href=""https://jbovlaste.lojban.org/dict/jvinu"" title=""x1 は x2 (物 / 所)・ x3 (観点)の景観 / 景色 / 光景""><u class=""se_basna"">jvi</u>nu</a></li><li><a class=""gismu"" href=""https://jbovlaste.lojban.org/dict/zgana"" title=""x1 は x2 (対象)を x3 (方法)・ x4 (条件)で観察 / 観賞 / 鑑賞する""><u class=""se_basna"">zga</u>na</a></li><li><a class=""gismu"" href=""https://jbovlaste.lojban.org/dict/ganse"" title=""x1 (者)は x2 (性質)を x3 (手段)によって、 x4 (環境条件)のもと感知 / 感得する / 感じ取る; x1 は x2 にたいして敏感 / センシティヴ""><u class=""se_basna"">ga</u>nse</a></li><li><a class=""gismu"" href=""https://jbovlaste.lojban.org/dict/kanla"" title=""x1 は x2 (本体)の目 / 眼 / 視覚器官; x1 は視覚者""><u class=""se_basna"">ka</u>nla</a></li><li><a class=""gismu"" href=""https://jbovlaste.lojban.org/dict/minra"" title=""x1 は x2 (物 / 放射)を x3 (観察者 / 基点)にたいして x4 として反映する; x2 は x1 に反射する; x1 は鏡""><u class=""se_basna"">mi</u>nra</a></li><li><a class=""gismu"" href=""https://jbovlaste.lojban.org/dict/simlu"" title=""x1 は x2 (性質)であるよう x3 (者)に x4 (状態条件)の下で見受けられる; x1 は x2 らしい気が x3 にする""><u class=""se_basna"">si</u>mlu</a></li><li><a class=""gismu"" href=""https://jbovlaste.lojban.org/dict/djuno"" title=""x1 は x2 (命題)・ x3 (題目)を x4 (認識体系)で知る""><u class=""se_basna"">dju</u>no</a></li><li><a class=""gismu"" href=""https://jbovlaste.lojban.org/dict/jimpe"" title=""x1 は x2 (命題)を x3 (題目)について理解する; x1 は x3 がわかる""><u class=""se_basna"">ji</u>mpe</a></li>",,"A1::ペア・ワード","[sound:viska.flac]"
"77be8508-08f6-47d7-acf8-c7d46b1ce44b","tirna","ˈtirna","gismu","<u class=""se_basna"" title=""アクセント"">ti</u>rna","<var class=""x1"" lang="""">x<sub>1</sub></var> は <var class=""x2"" lang="""">x<sub>2</sub></var> (対象音声)を <var class=""x3"" lang="""">x<sub>3</sub></var> (環境音声)にたいして聞く; <var class=""x2"" lang="""">x<sub>2</sub></var> が <var class=""x1"" lang="""">x<sub>1</sub></var> に聞こえる; <var class=""x1"" lang="""">x<sub>1</sub></var> には聴覚がある; <var class=""x2"" lang="""">x<sub>2</sub></var> は可聴音",,"<li>聞く</li>","<li class=""cimei-lerfu"">tin</li><li class=""vomei-lerfu"">tirn</li>","<li>聞いているな</li>","<li><a class=""gismu"" href=""https://jbovlaste.lojban.org/dict/kerlo"" title=""x1 は x2 (本体)の耳 / 聴覚器官; x1 は聴覚者""><u class=""se_basna"">ke</u>rlo</a></li><li><a class=""gismu"" href=""https://jbovlaste.lojban.org/dict/sance"" title=""x1 は x2 が発する音; x2 は音がする""><u class=""se_basna"">sa</u>nce</a></li><li><a class=""gismu"" href=""https://jbovlaste.lojban.org/dict/smaji"" title=""x1 は x2 (観察点)・ x3 (基準)において静か / 閑静 / 沈黙""><u class=""se_basna"">sma</u>ji</a></li><li><a class=""gismu"" href=""https://jbovlaste.lojban.org/dict/savru"" title=""x1 は x2 (者)・ x3 (知覚体系)にたいする騒音 / ノイズ""><u class=""se_basna"">sa</u>vru</a></li><li><a class=""gismu"" href=""https://jbovlaste.lojban.org/dict/voksa"" title=""x1 は x2 (本体)の声""><u class=""se_basna"">vo</u>ksa</a></li><li><a class=""gismu"" href=""https://jbovlaste.lojban.org/dict/ganse"" title=""x1 (者)は x2 (性質)を x3 (手段)によって、 x4 (環境条件)のもと感知 / 感得する / 感じ取る; x1 は x2 にたいして敏感 / センシティヴ""><u class=""se_basna"">ga</u>nse</a></li><li><a class=""gismu"" href=""https://jbovlaste.lojban.org/dict/zgana"" title=""x1 は x2 (対象)を x3 (方法)・ x4 (条件)で観察 / 観賞 / 鑑賞する""><u class=""se_basna"">zga</u>na</a></li>",,"A1::ペア・ワード","[sound:tirna.flac]"
"ef9a4ceb-cf33-43a5-be64-ed44c2e3cb6e","pinxe","ˈpinxɛ","gismu","<u class=""se_basna"" title=""アクセント"">pi</u>nxe","<var class=""x1"" lang="""">x<sub>1</sub></var> は <var class=""x2"" lang="""">x<sub>2</sub></var> (液体)を <var class=""x3"" lang="""">x<sub>3</sub></var> (容器 / 起源)から飲む",,"<li>飲む</li>","<li class=""cimei-lerfu"">pix</li><li class=""vomei-lerfu"">pinx</li>","<li>xe (喝)</li>","<li><a class=""gismu"" href=""https://jbovlaste.lojban.org/dict/cidja"" title=""x1 は x2 (摂食者)のための食べ物 / 食糧 / 餌; x1 は x2 に栄養価を与える; x1 は食用""><u class=""se_basna"">ci</u>dja</a></li><li><a class=""gismu"" href=""https://jbovlaste.lojban.org/dict/citka"" title=""x1 は x2 を食べる""><u class=""se_basna"">ci</u>tka</a></li><li><a class=""gismu"" href=""https://jbovlaste.lojban.org/dict/taske"" title=""x1 は(喉の)渇きを感じる; x1 は渇きで x2 を求める""><u class=""se_basna"">ta</u>ske</a></li><li><a class=""gismu"" href=""https://jbovlaste.lojban.org/dict/tunlo"" title=""x1 は x2 を飲み込む / 飲み下す""><u class=""se_basna"">tu</u>nlo</a></li><li><a class=""gismu"" href=""https://jbovlaste.lojban.org/dict/xaksu"" title=""x1 (事)は x2 (資源 / 材料)を費やす / 使い尽くす""><u class=""se_basna"">xa</u>ksu</a></li><li><a class=""gismu"" href=""https://jbovlaste.lojban.org/dict/barja"" title=""x1 は x2 (品)を x3 (客)に提供する酒場 / 居酒屋 / バー / パブ""><u class=""se_basna"">ba</u>rja</a></li><li><a class=""gismu"" href=""https://jbovlaste.lojban.org/dict/birje"" title=""x1 は x2 (起源)の発泡酒 / ビール / エール""><u class=""se_basna"">bi</u>rje</a></li>",,"A1::ペア・ワード","[sound:pinxe.flac]"
"18757998-3feb-4fdd-bbfc-c94fa7732fe7","citka","ˈʃitka","gismu","<u class=""se_basna"" title=""アクセント"">ci</u>tka","<var class=""x1"" lang="""">x<sub>1</sub></var> は <var class=""x2"" lang="""">x<sub>2</sub></var> を食べる",,"<li>食べる</li>","<li class=""cimei-lerfu"">cti</li><li class=""vomei-lerfu"">citk</li>","<li>&lt;嫉妬隠して食う&gt;</li>","<li><a class=""gismu"" href=""https://jbovlaste.lojban.org/dict/cidja"" title=""x1 は x2 (摂食者)のための食べ物 / 食糧 / 餌; x1 は x2 に栄養価を与える; x1 は食用""><u class=""se_basna"">ci</u>dja</a></li><li><a class=""gismu"" href=""https://jbovlaste.lojban.org/dict/pinxe"" title=""x1 は x2 (液体)を x3 (容器 / 起源)から飲む""><u class=""se_basna"">pi</u>nxe</a></li><li><a class=""gismu"" href=""https://jbovlaste.lojban.org/dict/tunlo"" title=""x1 は x2 を飲み込む / 飲み下す""><u class=""se_basna"">tu</u>nlo</a></li><li><a class=""gismu"" href=""https://jbovlaste.lojban.org/dict/xagji"" title=""x1 は x2 に飢える; x1 は腹をすかしている / おなかがへっている; x1 は x2 (燃料 / 栄養)の補充を必要としている""><u class=""se_basna"">xa</u>gji</a></li><li><a class=""gismu"" href=""https://jbovlaste.lojban.org/dict/xaksu"" title=""x1 (事)は x2 (資源 / 材料)を費やす / 使い尽くす""><u class=""se_basna"">xa</u>ksu</a></li><li><a class=""gismu"" href=""https://jbovlaste.lojban.org/dict/batci"" title=""x1 は x2 (対象本体)・ x3 (対象箇所)を x4 で噛む""><u class=""se_basna"">ba</u>tci</a></li><li><a class=""gismu"" href=""https://jbovlaste.lojban.org/dict/gusta"" title=""x1 は x2 (飲み物 / 食べ物)を x3 (客)に提供する飲食店 / レストラン / カフェテリア""><u class=""se_basna"">gu</u>sta</a></li><li><a class=""gismu"" href=""https://jbovlaste.lojban.org/dict/kabri"" title=""x1 は x2 (内容)・ x3 (素材)のコップ / カップ / タンブラー / マグ / 茶碗 / 杯""><u class=""se_basna"">ka</u>bri</a></li>",,"A1::ペア・ワード","[sound:citka.flac]"
"1a5dfa96-b153-4d16-9940-f88c3b73112b","cliva","ʃˈliva","gismu","<u class=""se_basna"" title=""アクセント"">cli</u>va","<var class=""x1"" lang="""">x<sub>1</sub></var> は <var class=""x2"" lang="""">x<sub>2</sub></var> から <var class=""x3"" lang="""">x<sub>3</sub></var> (経路)によって離れる / 発つ / 別れる / 去る; <var class=""x1"" lang="""">x<sub>1</sub></var> は <var class=""x2"" lang="""">x<sub>2</sub></var> を残す",,"<li>離れる</li>","<li class=""cimei-lerfu"">liv</li><li class=""cimei-lerfu"">li'a</li><li class=""vomei-lerfu"">cliv</li>","<li>私利ばかりで人離れる</li>","<li><a class=""gismu"" href=""https://jbovlaste.lojban.org/dict/litru"" title=""x1 は x2 (経路)を x3 (方法)で旅する; x1 は旅人""><u class=""se_basna"">li</u>tru</a></li><li><a class=""gismu"" href=""https://jbovlaste.lojban.org/dict/canci"" title=""x1 は x2 (所 / 視界)から消える""><u class=""se_basna"">ca</u>nci</a></li><li><a class=""gismu"" href=""https://jbovlaste.lojban.org/dict/vimcu"" title=""x1 は x2 を x3 から、 x4 だけ残して除去 / 控除する / 差し引く""><u class=""se_basna"">vi</u>mcu</a></li><li><a class=""gismu"" href=""https://jbovlaste.lojban.org/dict/lebna"" title=""x1 は x2 (物 / 性質)を x3 (者)から取る / 得る / 奪う / 盗む / 取り除く / 没収 / 着服する""><u class=""se_basna"">le</u>bna</a></li><li><a class=""gismu"" href=""https://jbovlaste.lojban.org/dict/muvdu"" title=""x1 (物)は x2 (終点)に x3 (始点)から x4 (経路)にわたって動く; x1 は動的""><u class=""se_basna"">mu</u>vdu</a></li>",,"A1::ペア・ワード","[sound:cliva.flac]"
"5121fabe-7bb5-44e0-ba33-8310f81acdca","penmi","ˈpɛnmi","gismu","<u class=""se_basna"" title=""アクセント"">pe</u>nmi","<var class=""x1"" lang="""">x<sub>1</sub></var> は <var class=""x2"" lang="""">x<sub>2</sub></var> に <var class=""x3"" lang="""">x<sub>3</sub></var> (所)で会う",,"<li>会う</li>","<li class=""cimei-lerfu"">pen</li><li class=""cimei-lerfu"">pe'i</li><li class=""vomei-lerfu"">penm</li>",,"<li><a class=""gismu"" href=""https://jbovlaste.lojban.org/dict/jorne"" title=""x1 は x2 (対象本体)と、 x3 (対象箇所)において結合 / 接続している; x1 と x2 は結束している""><u class=""se_basna"">jo</u>rne</a></li><li><a class=""gismu"" href=""https://jbovlaste.lojban.org/dict/jikca"" title=""x1 は x2 と社交 / 交際する; x1 は x2 にたいして社会的に振舞う; x1 は社会人""><u class=""se_basna"">ji</u>kca</a></li><li><a class=""gismu"" href=""https://jbovlaste.lojban.org/dict/pencu"" title=""x1 は x2 (対象本体)・ x3 (対象箇所)を x4 で触る""><u class=""se_basna"">pe</u>ncu</a></li>",,"A1::ペア・ワード","[sound:penmi.flac]"
"c6413e2c-458d-4a24-8053-d169d0b6ae38","prami","'prami","gismu","<u class=""se_basna"" title=""アクセント"">pra</u>mi","<var class=""x1"" lang="""">x<sub>1</sub></var> は <var class=""x2"" lang="""">x<sub>2</sub></var> を愛する / にたいして愛情が湧く",,"<li>愛</li>","<li class=""cimei-lerfu"">pam</li><li class=""cimei-lerfu"">pa'i</li><li class=""vomei-lerfu"">pram</li>",,"<li><a class=""gismu"" href=""https://jbovlaste.lojban.org/dict/cinmo"" title=""x1 は x2 (感情)を x3 について覚える; x1 は感情的 / ムードに浸っている""><u class=""se_basna"">ci</u>nmo</a></li><li><a class=""gismu"" href=""https://jbovlaste.lojban.org/dict/xebni"" title=""x1 は x2 (物 / 者 / 事)を憎む; x1 は x2 にたいする怨恨を抱いている; x2 は憎らしい""><u class=""se_basna"">xe</u>bni</a></li><li><a class=""gismu"" href=""https://jbovlaste.lojban.org/dict/nelci"" title=""x1 は x2 (物 / 事)を好む / 好き / 気に入っている""><u class=""se_basna"">ne</u>lci</a></li><li><a class=""gismu"" href=""https://jbovlaste.lojban.org/dict/djica"" title=""x1 は x2 (事)を x3 (目的)のために欲する / 求める; x1 は x3 (目的)のために x2 (事)という欲求を満たしたい""><u class=""se_basna"">dji</u>ca</a></li><li><a class=""gismu"" href=""https://jbovlaste.lojban.org/dict/sinma"" title=""x1 は x2 を尊重・尊敬する; x2 は尊い""><u class=""se_basna"">si</u>nma</a></li><li><a class=""gismu"" href=""https://jbovlaste.lojban.org/dict/pluka"" title=""x1 (事)は x2 にとって、 x3 (条件)のもと快い / 心地良い""><u class=""se_basna"">plu</u>ka</a></li><li><a class=""gismu"" href=""https://jbovlaste.lojban.org/dict/kurji"" title=""x1 は x2 (物 / 者 / 事)を世話する / 面倒みる""><u class=""se_basna"">ku</u>rji</a></li><li><a class=""gismu"" href=""https://jbovlaste.lojban.org/dict/pendo"" title=""x1 (者)は x2 (者)の友人; x1 は x2 にたいして友好的""><u class=""se_basna"">pe</u>ndo</a></li><li><a class=""gismu"" href=""https://jbovlaste.lojban.org/dict/speni"" title=""x1 は x2 と結婚している / の配偶者、 x3 (法律 / 規則 / 慣習)のもと""><u class=""se_basna"">spe</u>ni</a></li>",,"A1::ペア・ワード","[sound:prami.flac]"
"04907105-e24f-4204-9c38-f492b8d6d42d","xebni","ˈxɛbni","gismu","<u class=""se_basna"" title=""アクセント"">xe</u>bni","<var class=""x1"" lang="""">x<sub>1</sub></var> は <var class=""x2"" lang="""">x<sub>2</sub></var> (物 / 者 / 事)を憎む; <var class=""x1"" lang="""">x<sub>1</sub></var> は <var class=""x2"" lang="""">x<sub>2</sub></var> にたいする怨恨を抱いている; <var class=""x2"" lang="""">x<sub>2</sub></var> は憎らしい",,"<li>憎む</li>","<li class=""cimei-lerfu"">xen</li><li class=""cimei-lerfu"">x<u class=""relkarsna"">ei</u></li><li class=""vomei-lerfu"">xebn</li>","<li>蛇に嫌いと言う</li>","<li><a class=""gismu"" href=""https://jbovlaste.lojban.org/dict/djica"" title=""x1 は x2 (事)を x3 (目的)のために欲する / 求める; x1 は x3 (目的)のために x2 (事)という欲求を満たしたい""><u class=""se_basna"">dji</u>ca</a></li><li><a class=""gismu"" href=""https://jbovlaste.lojban.org/dict/nitcu"" title=""x1 は x2 を x3 (目的 / 行動)のために要する; x2 が x1 には必要""><u class=""se_basna"">ni</u>tcu</a></li><li><a class=""gismu"" href=""https://jbovlaste.lojban.org/dict/rigni"" title=""x1 は x2 (者)にとって x3 (条件)において不快 / 不愉快 / いまいましい / 吐き気をもよおさせる; x2 は x1 に愛想を尽かす / 嫌悪感を覚える""><u class=""se_basna"">ri</u>gni</a></li><li><a class=""gismu"" href=""https://jbovlaste.lojban.org/dict/prami"" title=""x1 は x2 を愛する / にたいして愛情が湧く""><u class=""se_basna"">pra</u>mi</a></li><li><a class=""gismu"" href=""https://jbovlaste.lojban.org/dict/nelci"" title=""x1 は x2 (物 / 事)を好む / 好き / 気に入っている""><u class=""se_basna"">ne</u>lci</a></li>",,"A1::ペア・ワード","[sound:xebni.flac]"
"afd03b29-d57d-4440-bfff-67e49ddbb864","clani","ʃˈlani","gismu","<u class=""se_basna"" title=""アクセント"">cla</u>ni","<var class=""x1"" lang="""">x<sub>1</sub></var> は <var class=""x2"" lang="""">x<sub>2</sub></var> (次元 / 方向)・ <var class=""x3"" lang="""">x<sub>3</sub></var> (照合枠)において長い",,"<li>長い</li>","<li class=""cimei-lerfu"">cla</li><li class=""vomei-lerfu"">clan</li>",,"<li><a class=""gismu"" href=""https://jbovlaste.lojban.org/dict/slabu"" title=""x1 は x2 (者)にとって x3 (性質)の点で x4 (観点)から判断してなじみがある""><u class=""se_basna"">sla</u>bu</a></li><li><a class=""gismu"" href=""https://jbovlaste.lojban.org/dict/condi"" title=""x1 は x2 (性質 / 方向)に関して x3 (照合枠)・ x4 (標準)において深い""><u class=""se_basna"">co</u>ndi</a></li><li><a class=""gismu"" href=""https://jbovlaste.lojban.org/dict/ganra"" title=""x1 は x2 (次元)・ x3 (基準)において広い / 幅がある / ワイド""><u class=""se_basna"">ga</u>nra</a></li><li><a class=""gismu"" href=""https://jbovlaste.lojban.org/dict/rotsu"" title=""x1 は x2 (次元 / 方向)・ x3 (基準)において太い / 厚い""><u class=""se_basna"">ro</u>tsu</a></li><li><a class=""gismu"" href=""https://jbovlaste.lojban.org/dict/tordu"" title=""x1 は x2 (方向)・ x3 (尺度)に関して短い""><u class=""se_basna"">to</u>rdu</a></li><li><a class=""gismu"" href=""https://jbovlaste.lojban.org/dict/barda"" title=""x1 は x2 (性質)に関して、 x3 (比較対象)の中で大きい""><u class=""se_basna"">ba</u>rda</a></li><li><a class=""gismu"" href=""https://jbovlaste.lojban.org/dict/ganra"" title=""x1 は x2 (次元)・ x3 (基準)において広い / 幅がある / ワイド""><u class=""se_basna"">ga</u>nra</a></li><li><a class=""gismu"" href=""https://jbovlaste.lojban.org/dict/gutci"" title=""x1 は x2 (数)の、 x3 を下位単位とする、 x4 (規格圏)の尺 / フィート(非メートル法 / 土着的な距離単位のうち短いもの)""><u class=""se_basna"">gu</u>tci</a></li><li><a class=""gismu"" href=""https://jbovlaste.lojban.org/dict/minli"" title=""x1 は x2 (数)の、 x3 を下位単位とする、 x4 (規格圏)の里 / マイル(非メートル法 / 土着的な距離単位)""><u class=""se_basna"">mi</u>nli</a></li><li><a class=""gismu"" href=""https://jbovlaste.lojban.org/dict/rotsu"" title=""x1 は x2 (次元 / 方向)・ x3 (基準)において太い / 厚い""><u class=""se_basna"">ro</u>tsu</a></li>",,"A1::ペア・ワード","[sound:clani.flac]"
"09efe3fe-d928-487c-862a-0d75bb92b955","tordu","ˈtordu","gismu","<u class=""se_basna"" title=""アクセント"">to</u>rdu","<var class=""x1"" lang="""">x<sub>1</sub></var> は <var class=""x2"" lang="""">x<sub>2</sub></var> (方向)・ <var class=""x3"" lang="""">x<sub>3</sub></var> (尺度)に関して短い",,"<li>短い</li>","<li class=""cimei-lerfu"">tor</li><li class=""cimei-lerfu"">to'u</li><li class=""vomei-lerfu"">tord</li>",,"<li><a class=""gismu"" href=""https://jbovlaste.lojban.org/dict/cmalu"" title=""x1 は x2 (性質)に関して、 x3 (比較対象)の中で小さい""><u class=""se_basna"">cma</u>lu</a></li><li><a class=""gismu"" href=""https://jbovlaste.lojban.org/dict/jarki"" title=""x1 は x2 (次元)・ x3 (基準)において狭い""><u class=""se_basna"">ja</u>rki</a></li><li><a class=""gismu"" href=""https://jbovlaste.lojban.org/dict/caxno"" title=""x1 は x2 (方向 / 性質)に関して x3 (照合枠)・ x4 (基準)で浅い / 浅はか / 薄い""><u class=""se_basna"">ca</u>xno</a></li><li><a class=""gismu"" href=""https://jbovlaste.lojban.org/dict/cinla"" title=""x1 は x2 (次元 / 方向)・ x3 (照合枠)において細い / 薄い""><u class=""se_basna"">ci</u>nla</a></li><li><a class=""gismu"" href=""https://jbovlaste.lojban.org/dict/clani"" title=""x1 は x2 (次元 / 方向)・ x3 (照合枠)において長い""><u class=""se_basna"">cla</u>ni</a></li>",,"A1::ペア・ワード","[sound:tordu.flac]"
"703a084d-821c-4c3b-91f7-1d315bdbf075","solri","ˈsolri","gismu","<u class=""se_basna"" title=""アクセント"">so</u>lri","<var class=""x1"" lang="""">x<sub>1</sub></var> は <var class=""x2"" lang="""">x<sub>2</sub></var> (惑星)の太陽 / 恒星",,"<li>太陽</li>","<li class=""cimei-lerfu"">sol</li><li class=""vomei-lerfu"">solr</li>",,"<li><a class=""gismu"" href=""https://jbovlaste.lojban.org/dict/gusni"" title=""x1 (エネルギー)は x2 (対象)を x3 (光源)に基づいて照らす; x3 は x2 を x1 で照らす""><u class=""se_basna"">gu</u>sni</a></li><li><a class=""gismu"" href=""https://jbovlaste.lojban.org/dict/lunra"" title=""x1 は地球の月; x1 は x2 の主要衛星""><u class=""se_basna"">lu</u>nra</a></li><li><a class=""gismu"" href=""https://jbovlaste.lojban.org/dict/mluni"" title=""x1 は x2 を周回する、 x3 (衛星特性)・ x4 (軌道特性)の衛星""><u class=""se_basna"">mlu</u>ni</a></li><li><a class=""gismu"" href=""https://jbovlaste.lojban.org/dict/plini"" title=""x1 は x2 を周る、 x3 (惑星特性)・ x4 (軌道特性)の惑星""><u class=""se_basna"">pli</u>ni</a></li><li><a class=""gismu"" href=""https://jbovlaste.lojban.org/dict/santa"" title=""x1 は x2 を x3 から護る、 x4 (素材)・ x5 (支え)の傘""><u class=""se_basna"">sa</u>nta</a></li><li><a class=""gismu"" href=""https://jbovlaste.lojban.org/dict/terdi"" title=""x1 は x2 (生物種)の地球 / 主要惑星 / 母星""><u class=""se_basna"">te</u>rdi</a></li><li><a class=""gismu"" href=""https://jbovlaste.lojban.org/dict/tarci"" title=""x1 は x2 (特性)の星 / 恒星""><u class=""se_basna"">ta</u>rci</a></li>",,"A1::ペア・ワード","[sound:solri.flac]"
"bea3c35b-60b9-46be-9c57-7223175e2ff1","lunra","ˈlunra","gismu","<u class=""se_basna"" title=""アクセント"">lu</u>nra","<var class=""x1"" lang="""">x<sub>1</sub></var> は地球の月; <var class=""x1"" lang="""">x<sub>1</sub></var> は <var class=""x2"" lang="""">x<sub>2</sub></var> の主要衛星","「<span class=""gismu"" ondblclick=""location.href = &quot;https://jbovlaste.lojban.org/dict/mluni&quot;"" title=""x1 は x2 を周回する、 x3 (衛星特性)・ x4 (軌道特性)の衛星""><u class=""se_basna"">mlu</u>ni</span>」の狭義。","<li>月</li>","<li class=""cimei-lerfu"">lur</li><li class=""vomei-lerfu"">lunr</li>",,"<li><a class=""gismu"" href=""https://jbovlaste.lojban.org/dict/plini"" title=""x1 は x2 を周る、 x3 (惑星特性)・ x4 (軌道特性)の惑星""><u class=""se_basna"">pli</u>ni</a></li><li><a class=""gismu"" href=""https://jbovlaste.lojban.org/dict/solri"" title=""x1 は x2 (惑星)の太陽 / 恒星""><u class=""se_basna"">so</u>lri</a></li><li><a class=""gismu"" href=""https://jbovlaste.lojban.org/dict/terdi"" title=""x1 は x2 (生物種)の地球 / 主要惑星 / 母星""><u class=""se_basna"">te</u>rdi</a></li><li><a class=""gismu"" href=""https://jbovlaste.lojban.org/dict/mluni"" title=""x1 は x2 を周回する、 x3 (衛星特性)・ x4 (軌道特性)の衛星""><u class=""se_basna"">mlu</u>ni</a></li>",,"A1::ペア・ワード","[sound:lunra.flac]"
"2ee8f804-edf3-4f2b-b154-98bc37bf6ef3","jarki","ˈʒarki","gismu","<u class=""se_basna"" title=""アクセント"">ja</u>rki","<var class=""x1"" lang="""">x<sub>1</sub></var> は <var class=""x2"" lang="""">x<sub>2</sub></var> (次元)・ <var class=""x3"" lang="""">x<sub>3</sub></var> (基準)において狭い",,"<li>狭い</li>","<li class=""cimei-lerfu"">jak</li><li class=""vomei-lerfu"">jark</li>",,"<li><a class=""gismu"" href=""https://jbovlaste.lojban.org/dict/caxno"" title=""x1 は x2 (方向 / 性質)に関して x3 (照合枠)・ x4 (基準)で浅い / 浅はか / 薄い""><u class=""se_basna"">ca</u>xno</a></li><li><a class=""gismu"" href=""https://jbovlaste.lojban.org/dict/cinla"" title=""x1 は x2 (次元 / 方向)・ x3 (照合枠)において細い / 薄い""><u class=""se_basna"">ci</u>nla</a></li><li><a class=""gismu"" href=""https://jbovlaste.lojban.org/dict/tordu"" title=""x1 は x2 (方向)・ x3 (尺度)に関して短い""><u class=""se_basna"">to</u>rdu</a></li><li><a class=""gismu"" href=""https://jbovlaste.lojban.org/dict/tagji"" title=""x1 は x2 (対象本体)・ x3 (対象箇所)にたいして、かっちり / ぴったり / しっかりしている; x1 は x2 から外れない / 離れない""><u class=""se_basna"">ta</u>gji</a></li><li><a class=""gismu"" href=""https://jbovlaste.lojban.org/dict/cinla"" title=""x1 は x2 (次元 / 方向)・ x3 (照合枠)において細い / 薄い""><u class=""se_basna"">ci</u>nla</a></li><li><a class=""gismu"" href=""https://jbovlaste.lojban.org/dict/cmalu"" title=""x1 は x2 (性質)に関して、 x3 (比較対象)の中で小さい""><u class=""se_basna"">cma</u>lu</a></li>",,"A1::ペア・ワード","[sound:jarki.flac]"
"084a591f-04ff-4b79-bb8f-342916101e86","ganra","ˈganra","gismu","<u class=""se_basna"" title=""アクセント"">ga</u>nra","<var class=""x1"" lang="""">x<sub>1</sub></var> は <var class=""x2"" lang="""">x<sub>2</sub></var> (次元)・ <var class=""x3"" lang="""">x<sub>3</sub></var> (基準)において広い / 幅がある / ワイド",,"<li>広い</li>","<li class=""cimei-lerfu"">gan</li><li class=""vomei-lerfu"">ganr</li>",,"<li><a class=""gismu"" href=""https://jbovlaste.lojban.org/dict/clani"" title=""x1 は x2 (次元 / 方向)・ x3 (照合枠)において長い""><u class=""se_basna"">cla</u>ni</a></li><li><a class=""gismu"" href=""https://jbovlaste.lojban.org/dict/jarki"" title=""x1 は x2 (次元)・ x3 (基準)において狭い""><u class=""se_basna"">ja</u>rki</a></li><li><a class=""gismu"" href=""https://jbovlaste.lojban.org/dict/rotsu"" title=""x1 は x2 (次元 / 方向)・ x3 (基準)において太い / 厚い""><u class=""se_basna"">ro</u>tsu</a></li><li><a class=""gismu"" href=""https://jbovlaste.lojban.org/dict/condi"" title=""x1 は x2 (性質 / 方向)に関して x3 (照合枠)・ x4 (標準)において深い""><u class=""se_basna"">co</u>ndi</a></li><li><a class=""gismu"" href=""https://jbovlaste.lojban.org/dict/barda"" title=""x1 は x2 (性質)に関して、 x3 (比較対象)の中で大きい""><u class=""se_basna"">ba</u>rda</a></li><li><a class=""gismu"" href=""https://jbovlaste.lojban.org/dict/gutci"" title=""x1 は x2 (数)の、 x3 を下位単位とする、 x4 (規格圏)の尺 / フィート(非メートル法 / 土着的な距離単位のうち短いもの)""><u class=""se_basna"">gu</u>tci</a></li><li><a class=""gismu"" href=""https://jbovlaste.lojban.org/dict/minli"" title=""x1 は x2 (数)の、 x3 を下位単位とする、 x4 (規格圏)の里 / マイル(非メートル法 / 土着的な距離単位)""><u class=""se_basna"">mi</u>nli</a></li>",,"A1::ペア・ワード","[sound:ganra.flac]"
"5877d198-3a39-475c-a9b2-2f069ab656c8","dunli","ˈdunli","gismu","<u class=""se_basna"" title=""アクセント"">du</u>nli","<var class=""x1"" lang="""">x<sub>1</sub></var> は <var class=""x2"" lang="""">x<sub>2</sub></var> と <var class=""x3"" lang="""">x<sub>3</sub></var> (性質)に関して同等","特に性質 / 数量における等しさを表し、アイデンティティの同一は含意されない。同一性は「<span class=""cmavo"" ondblclick=""location.href = &quot;https://jbovlaste.lojban.org/dict/du&quot;"" title=""同一 : 同一性を表す; x1 は x2 ・ x3 ・・・と同一"">du</span>」。","<li>同等</li>","<li class=""cimei-lerfu"">dun</li><li class=""cimei-lerfu"">du'i</li><li class=""vomei-lerfu"">dunl</li>",,"<li><a class=""cmavo"" href=""https://jbovlaste.lojban.org/dict/du'i"" title=""〜が同じくらい : dunli 法制詞, x1"">du'i</a></li><li><a class=""gismu"" href=""https://jbovlaste.lojban.org/dict/satci"" title=""x1 は x2 (基準)に関して x3 (性質 / 数量)の点で精確""><u class=""se_basna"">sa</u>tci</a></li><li><a class=""gismu"" href=""https://jbovlaste.lojban.org/dict/frica"" title=""x1 は x2 と、 x3 (性質)に関して違う / 異なる""><u class=""se_basna"">fri</u>ca</a></li><li><a class=""gismu"" href=""https://jbovlaste.lojban.org/dict/simsa"" title=""x1 は x2 に、 x3 (性質)の点で似ている / 相似的; x1 は x2 のよう""><u class=""se_basna"">si</u>msa</a></li><li><a class=""gismu"" href=""https://jbovlaste.lojban.org/dict/mintu"" title=""x1 は x2 と、 x3 (基準)において同種""><u class=""se_basna"">mi</u>ntu</a></li>",,"A1::ペア・ワード","[sound:dunli.flac]"
"cc2a27a6-8e18-4226-a349-ce880f69b304","frica","fˈriʃa","gismu","<u class=""se_basna"" title=""アクセント"">fri</u>ca","<var class=""x1"" lang="""">x<sub>1</sub></var> は <var class=""x2"" lang="""">x<sub>2</sub></var> と、 <var class=""x3"" lang="""">x<sub>3</sub></var> (性質)に関して違う / 異なる",,"<li>違う</li>","<li class=""cimei-lerfu"">fic</li><li class=""vomei-lerfu"">fric</li>",,"<li><a class=""gismu"" href=""https://jbovlaste.lojban.org/dict/ranxi"" title=""x1 (事)は x2 (予想 / 期待)に x3 (性質)の点で反する / 皮肉的""><u class=""se_basna"">ra</u>nxi</a></li><li><a class=""gismu"" href=""https://jbovlaste.lojban.org/dict/drata"" title=""x1 は x2 ではない何か、 x3 (基準)において; x1 は他のもの""><u class=""se_basna"">dra</u>ta</a></li><li><a class=""gismu"" href=""https://jbovlaste.lojban.org/dict/dunli"" title=""x1 は x2 と x3 (性質)に関して同等""><u class=""se_basna"">du</u>nli</a></li><li><a class=""gismu"" href=""https://jbovlaste.lojban.org/dict/simsa"" title=""x1 は x2 に、 x3 (性質)の点で似ている / 相似的; x1 は x2 のよう""><u class=""se_basna"">si</u>msa</a></li><li><a class=""gismu"" href=""https://jbovlaste.lojban.org/dict/vrici"" title=""x1 (集合 / 群 / 個)は x2 (性質)の点で種々雑多 / 様々 / 色とりどり""><u class=""se_basna"">vri</u>ci</a></li>",,"A1::ペア・ワード","[sound:frica.flac]"
"872fdff3-b1b4-4deb-8831-2170a7b25c9f","jmive","ʒˈmivɛ","gismu","<u class=""se_basna"" title=""アクセント"">jmi</u>ve","<var class=""x1"" lang="""">x<sub>1</sub></var> は <var class=""x2"" lang="""">x<sub>2</sub></var> (観点 / 基準)において生きている; <var class=""x1"" lang="""">x<sub>1</sub></var> は生物 / 生体 / 有機体",,"<li>生きている</li>","<li class=""cimei-lerfu"">miv</li><li class=""cimei-lerfu"">ji'e</li><li class=""vomei-lerfu"">jmiv</li>","<li>live</li><li>生命は地味ヴェールに包まれている</li>","<li><a class=""gismu"" href=""https://jbovlaste.lojban.org/dict/lifri"" title=""x1 (者 / 事)は x2 (事)を経験する; x2 に x1 は見舞われる; x2 は経験的 / 実験上 / 実証可能""><u class=""se_basna"">li</u>fri</a></li><li><a class=""gismu"" href=""https://jbovlaste.lojban.org/dict/morsi"" title=""x1 は死んでいる / 生が無い""><u class=""se_basna"">mo</u>rsi</a></li><li><a class=""gismu"" href=""https://jbovlaste.lojban.org/dict/stuzi"" title=""x1 は x2 (物 / 事)の本質的 / 恒久的な場所 / 現場""><u class=""se_basna"">stu</u>zi</a></li><li><a class=""gismu"" href=""https://jbovlaste.lojban.org/dict/zvati"" title=""x1 (物 / 事)が x2 (事 / 所)に居る / 在る"">z<u class=""se_basna"">va</u>ti</a></li><li><a class=""gismu"" href=""https://jbovlaste.lojban.org/dict/xabju"" title=""x1 は x2 (所)に住む / 暮らす / 棲息 / 生息する""><u class=""se_basna"">xa</u>bju</a></li>",,"A1::ペア・ワード","[sound:jmive.flac]"
"ae2c42ec-0887-493d-a2b2-8d8fc81fa823","morsi","ˈmorsi","gismu","<u class=""se_basna"" title=""アクセント"">mo</u>rsi","<var class=""x1"" lang="""">x<sub>1</sub></var> は死んでいる / 生が無い","死んでいる状態。「死ぬ」は「<span class=""gismu"" ondblclick=""location.href = &quot;https://jbovlaste.lojban.org/dict/morsi&quot;"" title=""x1 は死んでいる / 生が無い""><u class=""se_basna"">mo</u>rsi</span> <span class=""gismu"" ondblclick=""location.href = &quot;https://jbovlaste.lojban.org/dict/binxo&quot;"" title=""x1 は x2 に x3 (条件)の下で成る / 変身する""><u class=""se_basna"">bi</u>nxo</span>」、「<span class=""lujvo"" ondblclick=""location.href = &quot;https://jbovlaste.lojban.org/dict/mrobi'o&quot;"">mro<u class=""se_basna"">bi</u>'o</span>」。","<li>死</li>","<li class=""cimei-lerfu"">mro</li><li class=""vomei-lerfu"">mors</li>","<li>si 死</li>","<li><a class=""gismu"" href=""https://jbovlaste.lojban.org/dict/jmive"" title=""x1 は x2 (観点 / 基準)において生きている; x1 は生物 / 生体 / 有機体""><u class=""se_basna"">jmi</u>ve</a></li><li><a class=""gismu"" href=""https://jbovlaste.lojban.org/dict/catra"" title=""x1 は x2 を x3 (動作 / 方法)で殺す""><u class=""se_basna"">ca</u>tra</a></li><li><a class=""gismu"" href=""https://jbovlaste.lojban.org/dict/betri"" title=""x1 は x2 にとって悲劇 / 災難 / 惨事""><u class=""se_basna"">be</u>tri</a></li>",,"A1::ペア・ワード","[sound:morsi.flac]"
"1f61584a-2f6a-4f71-9380-bbb1f4b222ba","xamgu","ˈxamgu","gismu","<u class=""se_basna"" title=""アクセント"">xa</u>mgu","<var class=""x1"" lang="""">x<sub>1</sub></var> は <var class=""x2"" lang="""">x<sub>2</sub></var> にとって、 <var class=""x3"" lang="""">x<sub>3</sub></var> (基準)で良い / 好ましい","「まあまあである / 可」は「<span class=""lujvo"" ondblclick=""location.href = &quot;https://jbovlaste.lojban.org/dict/mlixau&quot;""><u class=""se_basna"">mli</u>x<u class=""relkarsna"">au</u></span>」、「<span class=""lujvo"" ondblclick=""location.href = &quot;https://jbovlaste.lojban.org/dict/norxau&quot;""><u class=""se_basna"">no</u>rx<u class=""relkarsna"">au</u></span>」、「<span class=""lujvo"" ondblclick=""location.href = &quot;https://jbovlaste.lojban.org/dict/xaurselcru&quot;"">x<u class=""relkarsna"">au</u><u class=""se_basna"">rse</u>lcru</span>」。","<li>良い</li>","<li class=""cimei-lerfu"">xag</li><li class=""cimei-lerfu"">x<u class=""relkarsna"">au</u></li><li class=""vomei-lerfu"">xamg</li>","<li>よくかむグッド</li><li>xau(好)</li><li>good</li><li>bon</li>","<li><a class=""gismu"" href=""https://jbovlaste.lojban.org/dict/melbi"" title=""x1 は x2 (審美者)にとって x3 (性質)・ x4 (審美基準)において美しい / 綺麗 / 麗しい / ハンサム / かわいい""><u class=""se_basna"">me</u>lbi</a></li><li><a class=""gismu"" href=""https://jbovlaste.lojban.org/dict/xlali"" title=""x1 は x2 にとって、 x3 (基準)で悪い / 粗末""><u class=""se_basna"">xla</u>li</a></li><li><a class=""gismu"" href=""https://jbovlaste.lojban.org/dict/vrude"" title=""x1 は x2 の観点で有徳 / 高潔 / 光栄""><u class=""se_basna"">vru</u>de</a></li><li><a class=""gismu"" href=""https://jbovlaste.lojban.org/dict/zabna"" title=""x1 は x2 (性質)において、 x3 (基準)で好ましい / すぐれている / 実に見事だ / すばらしい / すてきだ / 一流だ / 傑出している / あっぱれだ / 見事だ / 称賛に値する / 立派だ / 望ましい / 楽しい / 感じのよい / 愛すべき / 精好だ / クールだ""><u class=""se_basna"">za</u>bna</a></li>",,"A1::ペア・ワード","[sound:xamgu.flac]"
"d367c6a2-fbf0-4975-bf4a-52f6ed579e87","xlali","'xlali","gismu","<u class=""se_basna"" title=""アクセント"">xla</u>li","<var class=""x1"" lang="""">x<sub>1</sub></var> は <var class=""x2"" lang="""">x<sub>2</sub></var> にとって、 <var class=""x3"" lang="""">x<sub>3</sub></var> (基準)で悪い / 粗末",,"<li>悪い</li>","<li class=""cimei-lerfu"">xla</li><li class=""vomei-lerfu"">xlal</li>","<li>フラリと悪い道に</li>","<li><a class=""gismu"" href=""https://jbovlaste.lojban.org/dict/palci"" title=""x1 は x2 (基準)において悪質 / 非道 / 堕落的""><u class=""se_basna"">pa</u>lci</a></li><li><a class=""gismu"" href=""https://jbovlaste.lojban.org/dict/mabla"" title=""x1 は x2 (性質)において、 x3 (基準)で不愉快だ / クソみたいだ / くだらない / 実にひどい / 嘆かわしい / まったくいやだ / あさましい / ひどくみすぼらしい / 粗末だ / 粗悪だ / 卑劣だ / 劣っている; x1 は x2 の点で x3 にとってむかつく / 嫌気がさす / 実に不愉快だ""><u class=""se_basna"">ma</u>bla</a></li><li><a class=""gismu"" href=""https://jbovlaste.lojban.org/dict/xamgu"" title=""x1 は x2 にとって、 x3 (基準)で良い / 好ましい""><u class=""se_basna"">xa</u>mgu</a></li><li><a class=""gismu"" href=""https://jbovlaste.lojban.org/dict/betri"" title=""x1 は x2 にとって悲劇 / 災難 / 惨事""><u class=""se_basna"">be</u>tri</a></li>",,"A1::ペア・ワード","[sound:xlali.flac]"
"12bce4a5-d7d5-49be-8429-26b908ddc5c9","menli","ˈmɛnli","gismu","<u class=""se_basna"" title=""アクセント"">me</u>nli","<var class=""x1"" lang="""">x<sub>1</sub></var> は <var class=""x2"" lang="""">x<sub>2</sub></var> (本体)の精神 / 心 / 悟性; <var class=""x1"" lang="""">x<sub>1</sub></var> は心的",,"<li>精神</li>","<li class=""cimei-lerfu"">men</li><li class=""vomei-lerfu"">menl</li>","<li>精神面類を見ない</li>","<li><a class=""gismu"" href=""https://jbovlaste.lojban.org/dict/besna"" title=""x1 は x2 (本体)の脳""><u class=""se_basna"">be</u>sna</a></li><li><a class=""gismu"" href=""https://jbovlaste.lojban.org/dict/morji"" title=""x1 は x2 (命題)を x3 (題目)について思い出す / 回想する""><u class=""se_basna"">mo</u>rji</a></li><li><a class=""gismu"" href=""https://jbovlaste.lojban.org/dict/mucti"" title=""x1 は非物質的 / 無形 / 形而上的""><u class=""se_basna"">mu</u>cti</a></li><li><a class=""gismu"" href=""https://jbovlaste.lojban.org/dict/pensi"" title=""x1 は x2 (概念)について思慮する / 考慮する / 熟考する / 思いを巡らす; x2 は考え深い""><u class=""se_basna"">pe</u>nsi</a></li><li><a class=""gismu"" href=""https://jbovlaste.lojban.org/dict/sanji"" title=""x1 は x2 (物 / 事)について意識がある; x1 は x2 を意識 / 認識している""><u class=""se_basna"">sa</u>nji</a></li><li><a class=""gismu"" href=""https://jbovlaste.lojban.org/dict/xanri"" title=""x1 は x2 (者)による想像; x1 は架空 / 想像上のもの / 非現実""><u class=""se_basna"">xa</u>nri</a></li><li><a class=""gismu"" href=""https://jbovlaste.lojban.org/dict/sevzi"" title=""x1 は x2 (者)の自己 / 自我 / 自分のイメージ""><u class=""se_basna"">se</u>vzi</a></li><li><a class=""gismu"" href=""https://jbovlaste.lojban.org/dict/xadni"" title=""x1 は x2 の肉体; x1 は身体的""><u class=""se_basna"">xa</u>dni</a></li>",,"A1::ペア・ワード","[sound:menli.flac]"
"16e0361f-a49f-44c7-969c-931141873484","xadni","ˈxadni","gismu","<u class=""se_basna"" title=""アクセント"">xa</u>dni","<var class=""x1"" lang="""">x<sub>1</sub></var> は <var class=""x2"" lang="""">x<sub>2</sub></var> の肉体; <var class=""x1"" lang="""">x<sub>1</sub></var> は身体的",,"<li>肉体</li>","<li class=""cimei-lerfu"">xad</li><li class=""vomei-lerfu"">xadn</li>","<li>過度に肉体を使う</li>","<li><a class=""gismu"" href=""https://jbovlaste.lojban.org/dict/menli"" title=""x1 は x2 (本体)の精神 / 心 / 悟性; x1 は心的""><u class=""se_basna"">me</u>nli</a></li><li><a class=""gismu"" href=""https://jbovlaste.lojban.org/dict/pruxi"" title=""x1 は魂 / 霊; x1 は霊的""><u class=""se_basna"">pru</u>xi</a></li><li><a class=""gismu"" href=""https://jbovlaste.lojban.org/dict/sluji"" title=""x1 は x2 (機能対象)・ x3 (本体)の筋肉""><u class=""se_basna"">slu</u>ji</a></li><li><a class=""gismu"" href=""https://jbovlaste.lojban.org/dict/mulno"" title=""x1 (事)は完了している; x1 は x2 (性質)に関して、 x3 (観点)において包括的 / 総体的""><u class=""se_basna"">mu</u>lno</a></li><li><a class=""gismu"" href=""https://jbovlaste.lojban.org/dict/cutne"" title=""x1 は x2 (本体)の胸 / 胸腔""><u class=""se_basna"">cu</u>tne</a></li>",,"A1::ペア・ワード","[sound:xadni.flac]"
"c85559c3-f456-4143-bc53-b43058faa655","ruble","ˈrublɛ","gismu","<u class=""se_basna"" title=""アクセント"">ru</u>ble","<var class=""x1"" lang="""">x<sub>1</sub></var> は <var class=""x2"" lang="""">x<sub>2</sub></var> (性質)・ <var class=""x3"" lang="""">x<sub>3</sub></var> (基準)において弱い / ひ弱 / 虚弱 / 微弱 / 華奢",,"<li>弱い</li>","<li class=""cimei-lerfu"">rub</li><li class=""cimei-lerfu"">ble</li><li class=""vomei-lerfu"">rubl</li>","<li>よわるブレーキ</li>","<li><a class=""gismu"" href=""https://jbovlaste.lojban.org/dict/carmi"" title=""x1 は x2 (性質)に関して x3 (観点)で激しい / 強烈 / 激烈 / 猛烈 / 熱烈""><u class=""se_basna"">ca</u>rmi</a></li><li><a class=""gismu"" href=""https://jbovlaste.lojban.org/dict/vlipa"" title=""x1 は x2 (事)を x3 (状態条件)のもとにもたらす力能を持つ; x1 は x2 に関して有力 / 有能""><u class=""se_basna"">vli</u>pa</a></li><li><a class=""gismu"" href=""https://jbovlaste.lojban.org/dict/tsali"" title=""x1 は x2 (性質)に関して x3 (観点)で強い""><u class=""se_basna"">tsa</u>li</a></li><li><a class=""gismu"" href=""https://jbovlaste.lojban.org/dict/kandi"" title=""x1 は x2 (性質)に関して x3 (観点)にとって淡い / 薄い""><u class=""se_basna"">ka</u>ndi</a></li><li><a class=""gismu"" href=""https://jbovlaste.lojban.org/dict/kandi"" title=""x1 は x2 (性質)に関して x3 (観点)にとって淡い / 薄い""><u class=""se_basna"">ka</u>ndi</a></li><li><a class=""gismu"" href=""https://jbovlaste.lojban.org/dict/milxe"" title=""x1 は x2 (性質)の点で温和 / 穏やか / まろやか / マイルド; x1 はあまり x2 ではない""><u class=""se_basna"">mi</u>lxe</a></li>",,"A1::ペア・ワード","[sound:ruble.flac]"
"ea8818a0-62d3-45ba-8670-623e3623f4a9","tsali","ˈtsali","gismu","<u class=""se_basna"" title=""アクセント"">tsa</u>li","<var class=""x1"" lang="""">x<sub>1</sub></var> は <var class=""x2"" lang="""">x<sub>2</sub></var> (性質)に関して <var class=""x3"" lang="""">x<sub>3</sub></var> (観点)で強い",,"<li>強い</li>","<li class=""cimei-lerfu"">tsa</li><li class=""vomei-lerfu"">tsal</li>",,"<li><a class=""gismu"" href=""https://jbovlaste.lojban.org/dict/ralci"" title=""x1 は x2 (性質)に関して繊細 / 精巧 / デリケート; x1 には x2 の機微がある""><u class=""se_basna"">ra</u>lci</a></li><li><a class=""gismu"" href=""https://jbovlaste.lojban.org/dict/ruble"" title=""x1 は x2 (性質)・ x3 (基準)において弱い / ひ弱 / 虚弱 / 微弱 / 華奢""><u class=""se_basna"">ru</u>ble</a></li><li><a class=""gismu"" href=""https://jbovlaste.lojban.org/dict/carmi"" title=""x1 は x2 (性質)に関して x3 (観点)で激しい / 強烈 / 激烈 / 猛烈 / 熱烈""><u class=""se_basna"">ca</u>rmi</a></li><li><a class=""gismu"" href=""https://jbovlaste.lojban.org/dict/vlipa"" title=""x1 は x2 (事)を x3 (状態条件)のもとにもたらす力能を持つ; x1 は x2 に関して有力 / 有能""><u class=""se_basna"">vli</u>pa</a></li>",,"A1::ペア・ワード","[sound:tsali.flac]"
"98a46085-fd15-4e28-aa66-cbecde1833f2","detri","ˈdɛtri","gismu","<u class=""se_basna"" title=""アクセント"">de</u>tri","<var class=""x1"" lang="""">x<sub>1</sub></var> (数)は <var class=""x2"" lang="""">x<sub>2</sub></var> (事)・ <var class=""x3"" lang="""">x<sub>3</sub></var> (所)・ <var class=""x4"" lang="""">x<sub>4</sub></var> (暦)の日付",,"<li>日付</li>","<li class=""cimei-lerfu"">det</li><li class=""vomei-lerfu"">detr</li>","<li>デート</li>","<li><a class=""cmavo"" href=""https://jbovlaste.lojban.org/dict/de'i"" title=""〜日に : detri 法制詞, x1"">de'i</a></li><li><a class=""gismu"" href=""https://jbovlaste.lojban.org/dict/djedi"" title=""x1 は x2 (数)・ x3 (基準)の満日""><u class=""se_basna"">dje</u>di</a></li><li><a class=""gismu"" href=""https://jbovlaste.lojban.org/dict/jeftu"" title=""x1 は x2 (数)・ x3 (基準)の週""><u class=""se_basna"">je</u>ftu</a></li><li><a class=""gismu"" href=""https://jbovlaste.lojban.org/dict/masti"" title=""x1 は x2 (数)・ x3 (暦)の月""><u class=""se_basna"">ma</u>sti</a></li><li><a class=""gismu"" href=""https://jbovlaste.lojban.org/dict/nanca"" title=""x1 は x2 (数(初期設定では1年))年間、 x3 (基準)で継続する; x1 は年次""><u class=""se_basna"">na</u>nca</a></li><li><a class=""gismu"" href=""https://jbovlaste.lojban.org/dict/tcika"" title=""x1 (時 / 分 / 秒)は x2 (事)の、 x3 (日)・ x4 (所)における時刻""><u class=""se_basna"">tci</u>ka</a></li>",,"A1::ペア・ワード","[sound:detri.flac]"
"e31afc2c-826a-4a18-926b-41ff8d7d4613","tcika","ˈtʃika","gismu","<u class=""se_basna"" title=""アクセント"">tci</u>ka","<var class=""x1"" lang="""">x<sub>1</sub></var> (時 / 分 / 秒)は <var class=""x2"" lang="""">x<sub>2</sub></var> (事)の、 <var class=""x3"" lang="""">x<sub>3</sub></var> (日)・ <var class=""x4"" lang="""">x<sub>4</sub></var> (所)における時刻","<var class=""x1"" lang="""">x<sub>1</sub></var> は、「<span class=""cmavo"" ondblclick=""location.href = &quot;https://jbovlaste.lojban.org/dict/pi'e&quot;"" title=""数分離 : 数量詞; (16進数以下での)数の分離を示す; 時分秒や年月日を表すのに用いる"">pi'e</span>」で区切られた数や「<span class=""cmavo"" ondblclick=""location.href = &quot;https://jbovlaste.lojban.org/dict/joi&quot;"" title=""一緒(混合) : 接続詞(非論理・sumti/selbri); 事物や性質が混合的に一緒であることを表す; 数学的群を形成する"">j<u class=""relkarsna""><u class=""relkarsna"">oi</u></u></span>」で繋がれた単位など。","<li>時刻</li>","<li class=""vomei-lerfu"">tcik</li>","<li>地下鉄の時刻</li><li>cike(時刻)</li><li>time</li>","<li><a class=""cmavo"" href=""https://jbovlaste.lojban.org/dict/ti'u"" title=""〜を時刻として : tcika 法制詞, x1"">ti'u</a></li><li><a class=""gismu"" href=""https://jbovlaste.lojban.org/dict/cacra"" title=""x1 の継続時間は x2 (数)時間、 x3 (基準)で; x1 は x2 (数)時間かかる""><u class=""se_basna"">ca</u>cra</a></li><li><a class=""gismu"" href=""https://jbovlaste.lojban.org/dict/cerni"" title=""x1 は x2 (日)・ x3 (所)の朝""><u class=""se_basna"">ce</u>rni</a></li><li><a class=""gismu"" href=""https://jbovlaste.lojban.org/dict/detri"" title=""x1 (数)は x2 (事)・ x3 (所)・ x4 (暦)の日付""><u class=""se_basna"">de</u>tri</a></li><li><a class=""gismu"" href=""https://jbovlaste.lojban.org/dict/donri"" title=""x1 は x2 (日)・ x3 (所)の昼間 / 日中; x1 は昼行性""><u class=""se_basna"">do</u>nri</a></li><li><a class=""gismu"" href=""https://jbovlaste.lojban.org/dict/djedi"" title=""x1 は x2 (数)・ x3 (基準)の満日""><u class=""se_basna"">dje</u>di</a></li><li><a class=""gismu"" href=""https://jbovlaste.lojban.org/dict/junla"" title=""x1 は x2 (時間単位)を x3 (精度)・ x4 (方法)で計測する時計 / 計時器具""><u class=""se_basna"">ju</u>nla</a></li><li><a class=""gismu"" href=""https://jbovlaste.lojban.org/dict/nicte"" title=""x1 は x2 (日)の x3 (場所)における夜""><u class=""se_basna"">ni</u>cte</a></li><li><a class=""gismu"" href=""https://jbovlaste.lojban.org/dict/mentu"" title=""x1 は x2 (数)分の時間間隔、 x3 (基準)において""><u class=""se_basna"">me</u>ntu</a></li><li><a class=""gismu"" href=""https://jbovlaste.lojban.org/dict/snidu"" title=""x1 は x2 (数量)の、 x3 (基準)における秒""><u class=""se_basna"">sni</u>du</a></li><li><a class=""gismu"" href=""https://jbovlaste.lojban.org/dict/temci"" title=""x1 は x2 (時点)から x3 (時点)までの間隔 / 経過 / 時間""><u class=""se_basna"">te</u>mci</a></li><li><a class=""gismu"" href=""https://jbovlaste.lojban.org/dict/vanci"" title=""x1 は x2 (日)・ x3 (所)の夕方 / 夕暮れ / 晩""><u class=""se_basna"">va</u>nci</a></li><li><a class=""gismu"" href=""https://jbovlaste.lojban.org/dict/dirba"" title=""x1 は x2 (者)にとって貴重 / あいらしい / 大切""><u class=""se_basna"">di</u>rba</a></li><li><a class=""gismu"" href=""https://jbovlaste.lojban.org/dict/mokca"" title=""x1 は x2 (時間 / 空間)における点; x1 は0次元""><u class=""se_basna"">mo</u>kca</a></li>",,"A1::ペア・ワード","[sound:tcika.flac]"
