"42417f96-960b-46e9-8d1d-7fcdf2f54612","bancu","ˈbanʃu","gismu","<u class=""se_basna"" title=""アクセント"">ba</u>ncu","<var>x<sub>1</sub></var> は <var>x<sub>2</sub></var> (境界 / 限度)を <var>x<sub>3</sub></var> (照合点)について <var>x<sub>4</sub></var> (性質 / 数量)だけ越している / 超えている","<li>超越</li>","<li>bac</li>","<li>&lt;万種&gt;</li><li>beyond</li><li>cu(出)</li>","<li><a href=""https://jbovlaste.lojban.org/dict/dukse?bg=1;langidarg=10"" title=""x1 は x2 (性質)が x3 (基準)において過剰"">dukse</a></li><li><a href=""https://jbovlaste.lojban.org/dict/ragve?bg=1;langidarg=10"" title=""x1 は x2 (境界)を x3 (側)に対して横断する / またいでいる; x1 は x3 の反対側"">ragve</a></li><li><a href=""https://jbovlaste.lojban.org/dict/zmadu?bg=1;langidarg=10"" title=""x1 は x2 よりも、 x3 (性質 / 数量)の点で、 x4 (度合)ほど優る / x3 が x1 には x2 よりももっとある"">zmadu</a></li><li><a href=""https://jbovlaste.lojban.org/dict/kuspe?bg=1;langidarg=10"" title=""x1 は x2 (間隔 / 領域)にわたる; x2 は x1 の範囲 / 範疇"">kuspe</a></li>","<div class=""mupli""><p lang=""jbo"">le tcana cu bancu le rirxe</p><p lang=""ja"">駅は川の向こうにある</p></div>","D1::etc","[sound:bancu.flac]"
"32027d41-198c-4c6a-874e-d449a77d25b0","bapli","ˈbapli","gismu","<u class=""se_basna"" title=""アクセント"">ba</u>pli","<var>x<sub>1</sub></var> (性質 / 力)は <var>x<sub>2</sub></var> (事)を引き起こす / もたらす","<li>力</li>","<li>bap</li><li>bai</li>","<li>りき </li><li>li(力)</li><li>power</li>","<li><a href=""https://jbovlaste.lojban.org/dict/fanta?bg=1;langidarg=10"" title=""x1 は x2 (事)の発生を防ぐ / 抑える"">fanta</a></li><li><a href=""https://jbovlaste.lojban.org/dict/rinju?bg=1;langidarg=10"" title=""x1 は x2 (抑制力)によって x3 (事)にたいして拘束 / 制限されている; x1 は x2 のせいで x3 ができない; x2 は x1 を束縛する"">rinju</a></li><li><a href=""https://jbovlaste.lojban.org/dict/jimte?bg=1;langidarg=10"" title=""x1 は x2 の x3 (性質)に関する限度 / 限界"">jimte</a></li><li><a href=""https://jbovlaste.lojban.org/dict/jitro?bg=1;langidarg=10"" title=""x1 は x2 を x3 (動作 / 事)に関して制御 / 指揮 / 引率する"">jitro</a></li><li><a href=""https://jbovlaste.lojban.org/dict/rinka?bg=1;langidarg=10"" title=""x1 (事)は x2 (事)を x3 (条件)において引き起こす"">rinka</a></li><li><a href=""https://jbovlaste.lojban.org/dict/krinu?bg=1;langidarg=10"" title=""x1 (事)は x2 (事)を許容する理由"">krinu</a></li><li><a href=""https://jbovlaste.lojban.org/dict/zukte?bg=1;langidarg=10"" title=""x1 は x2 (行動内容)を x3 (目的 / 目標)のために行為 / 実行する"">zukte</a></li><li><a href=""https://jbovlaste.lojban.org/dict/randa?bg=1;langidarg=10"" title=""x1 は x2 (力 / 者)にたいして x3 (条件)のもと降伏 / 降参 / 譲歩する"">randa</a></li><li><a href=""https://jbovlaste.lojban.org/dict/danre?bg=1;langidarg=10"" title=""x1 (力)は x2 を圧する; x1 は圧力"">danre</a></li><li><a href=""https://jbovlaste.lojban.org/dict/bai?bg=1;langidarg=10"" title=""〜に強いられて : 法制詞; bapli の x1"">bai</a></li><li><a href=""https://jbovlaste.lojban.org/dict/marxa?bg=1;langidarg=10"" title=""x1 (力)は x2 を x3 (パルプ / 泥状態)に潰す"">marxa</a></li><li><a href=""https://jbovlaste.lojban.org/dict/tinsa?bg=1;langidarg=10"" title=""x1 は x2 (方向)・ x3 (力)にたいして x4 (条件)で固定 / 硬直している; x1 は x2 の向きに動かない"">tinsa</a></li><li><a href=""https://jbovlaste.lojban.org/dict/xarnu?bg=1;langidarg=10"" title=""x1 は x2 (者 / 事)にたいし、 x3 (事 / 状態)について(意志的に)頑固 / 強情 / 片意地 / 不屈"">xarnu</a></li>","<div class=""mupli""><p lang=""jbo"">le vi verba zo'u lo smadi bapli cu barda</p><p lang=""ja"">この子は洞察力がある</p></div>","D1::etc","[sound:bapli.flac]"
"a87008a1-df58-434b-8c03-770039248b88","canko","ˈʃanko","gismu","<u class=""se_basna"" title=""アクセント"">ca</u>nko","<var>x<sub>1</sub></var> は <var>x<sub>2</sub></var> (壁 / 建物 / 構造)の窓 / 門 / 入口 / 出口 / 玄関","<li>窓</li>","<li>ca'o</li>","<li>ぺしゃんこ</li><li>window</li>","<li><a href=""https://jbovlaste.lojban.org/dict/vorme?bg=1;langidarg=10"" title=""x1 は x2 ・ x3 間の、 x4 (構造体)の扉 / 戸口 / 出入口 / 門戸 / ドア"">vorme</a></li><li><a href=""https://jbovlaste.lojban.org/dict/bitmu?bg=1;langidarg=10"" title=""x1 は x2 ・ x3 を隔てる、 x4 (構造体)の壁 / 垣 / 塀 / フェンス"">bitmu</a></li><li><a href=""https://jbovlaste.lojban.org/dict/ganlo?bg=1;langidarg=10"" title=""x1 は x2 (到達されないもの / 所)にたいして x3 (通過を妨げられているもの)にとって閉まっている; x1 は x3 が x2 へ達することを妨げる"">ganlo</a></li><li><a href=""https://jbovlaste.lojban.org/dict/murta?bg=1;langidarg=10"" title=""x1 は x2 を遮る / 隠す、 x3 (素材)のカーテン / 窓掛け / ブラインド / 幕 / どんちょう"">murta</a></li><li><a href=""https://jbovlaste.lojban.org/dict/pagre?bg=1;langidarg=10"" title=""x1 は x2 (対象)を x3 (側)へ x4 (側)から通過する / 貫通する / 通り抜ける"">pagre</a></li><li><a href=""https://jbovlaste.lojban.org/dict/kevna?bg=1;langidarg=10"" title=""x1 は x2 の穴; x2 は x1 (箇所)において貫通している"">kevna</a></li><li><a href=""https://jbovlaste.lojban.org/dict/jvinu?bg=1;langidarg=10"" title=""x1 は x2 (物 / 所)・ x3 (観点)の景観 / 景色 / 光景"">jvinu</a></li><li><a href=""https://jbovlaste.lojban.org/dict/kalri?bg=1;langidarg=10"" title=""x1 は x2 (通り抜けた先)へ x3 (通り抜けるもの)にとって開いている"">kalri</a></li><li><a href=""https://jbovlaste.lojban.org/dict/kuspe?bg=1;langidarg=10"" title=""x1 は x2 (間隔 / 領域)にわたる; x2 は x1 の範囲 / 範疇"">kuspe</a></li>",,"D1::etc","[sound:canko.flac]"
"d203d825-eb26-4543-bc54-c047943f97d0","catra","ˈʃatra","gismu","<u class=""se_basna"" title=""アクセント"">ca</u>tra","<var>x<sub>1</sub></var> は <var>x<sub>2</sub></var> を <var>x<sub>3</sub></var> (動作 / 方法)で殺す","<li>殺す</li>",,"<li>殺戮</li><li>ca(殺)</li>","<li><a href=""https://jbovlaste.lojban.org/dict/morsi?bg=1;langidarg=10"" title=""x1 は死んでいる / 生が無い"">morsi</a></li><li><a href=""https://jbovlaste.lojban.org/dict/xarci?bg=1;langidarg=10"" title=""x1 は x2 (対象)・ x3 (使用者)の武器 / 武具 / 兵器"">xarci</a></li>",,"D1::etc","[sound:catra.flac]"
"9e0c55fc-1be3-4172-a9ff-5722a0bd0765","cedra","ˈʃɛdra","gismu","<u class=""se_basna"" title=""アクセント"">ce</u>dra","<var>x<sub>1</sub></var> は <var>x<sub>2</sub></var> (事 / 物 / 性質 / 間隔)を特徴とする時代 / 時期 / 年代","<li>時代</li>",,"<li>cidai(時代)</li><li>era</li>","<li><a href=""https://jbovlaste.lojban.org/dict/ranji?bg=1;langidarg=10"" title=""x1 (事 / 性質)は x2 (時間 / 期間)にわたって継続する / 続く"">ranji</a></li><li><a href=""https://jbovlaste.lojban.org/dict/temci?bg=1;langidarg=10"" title=""x1 は x2 (時点)から x3 (時点)までの間隔 / 経過 / 時間"">temci</a></li><li><a href=""https://jbovlaste.lojban.org/dict/citsi?bg=1;langidarg=10"" title=""x1 は x2 (性質 / 周期特性)・ x3 (年)の季節"">citsi</a></li>",,"D1::etc","[sound:cedra.flac]"
"7e2929dc-fa3c-43cc-9b41-ad2427ffbedf","cifnu","ˈʃifnu","gismu","<u class=""se_basna"" title=""アクセント"">ci</u>fnu","<var>x<sub>1</sub></var> は <var>x<sub>2</sub></var> (生物種)の幼児 / 赤ちゃん","<li>幼児</li>","<li>cif</li>",,"<li><a href=""https://jbovlaste.lojban.org/dict/makcu?bg=1;langidarg=10"" title=""x1 は x2 (性質)に関して成熟している; x1 は成人 / おとな"">makcu</a></li><li><a href=""https://jbovlaste.lojban.org/dict/verba?bg=1;langidarg=10"" title=""x1 は x2 (年齢)の、 x3 (観点)での子供"">verba</a></li>","<div class=""mupli""><p lang=""jbo"">fi'o cifnu cismyku'o ku co'a tavla</p><p lang=""ja"">幼い靨で話しかけるよ</p></div>","D1::etc","[sound:cifnu.flac]"
"81d87e21-88ac-4b8f-86bc-c05fc1815756","cinmo","ˈʃinmo","gismu","<u class=""se_basna"" title=""アクセント"">ci</u>nmo","<var>x<sub>1</sub></var> は <var>x<sub>2</sub></var> (感情)を <var>x<sub>3</sub></var> について覚える; <var>x<sub>1</sub></var> は感情的 / ムードに浸っている","<li>感情</li>","<li>cni</li>","<li>心も感情</li>","<li><a href=""https://jbovlaste.lojban.org/dict/ci'o?bg=1;langidarg=10"" title=""〜が感じて : cinmo 法制詞, x1"">ci'o</a></li><li><a href=""https://jbovlaste.lojban.org/dict/cumla?bg=1;langidarg=10"" title=""x1 は x2 (事)に関して謙虚 / 穏当 / 謙遜している / 慎ましい / 控えめ / 腰が低い"">cumla</a></li><li><a href=""https://jbovlaste.lojban.org/dict/jilra?bg=1;langidarg=10"" title=""x1 (者)は x2 (者)に x3 (性質)に関して嫉妬する / 妬む / そねむ; x2 はうらやましい"">jilra</a></li><li><a href=""https://jbovlaste.lojban.org/dict/nelci?bg=1;langidarg=10"" title=""x1 は x2 (物 / 事)を好む / 好き / 気に入っている"">nelci</a></li><li><a href=""https://jbovlaste.lojban.org/dict/xendo?bg=1;langidarg=10"" title=""x1 (者)は x2 にたいして x3 (行為)で親切 / 優しい"">xendo</a></li><li><a href=""https://jbovlaste.lojban.org/dict/ckeji?bg=1;langidarg=10"" title=""x1 は x2 (事)について x3 (公衆)にたいする恥ずかしさ / 引け目を感じる"">ckeji</a></li><li><a href=""https://jbovlaste.lojban.org/dict/cortu?bg=1;langidarg=10"" title=""x1 (者)は x2 (箇所)に痛みを感じる; x2 が痛い"">cortu</a></li><li><a href=""https://jbovlaste.lojban.org/dict/jgira?bg=1;langidarg=10"" title=""x1 (者)は x2 (事)について誇る / 誇りがある; x1 はプライドが高い"">jgira</a></li><li><a href=""https://jbovlaste.lojban.org/dict/kecti?bg=1;langidarg=10"" title=""x1 は x2 を x3 (事)について哀れむ / 慈しむ / かわいそうだと思う; x1 は慈悲的"">kecti</a></li><li><a href=""https://jbovlaste.lojban.org/dict/kufra?bg=1;langidarg=10"" title=""x1 は x2 (環境性質)について快適 / 心地良さを感じる"">kufra</a></li><li><a href=""https://jbovlaste.lojban.org/dict/manci?bg=1;langidarg=10"" title=""x1 は x2 に畏敬の念を感じる / 驚嘆する; x1 は x2 を摩訶不思議に思う"">manci</a></li><li><a href=""https://jbovlaste.lojban.org/dict/prami?bg=1;langidarg=10"" title=""x1 は x2 を愛する / にたいして愛情が湧く"">prami</a></li><li><a href=""https://jbovlaste.lojban.org/dict/steba?bg=1;langidarg=10"" title=""x1 は x2 (事)について挫折 / ストレスを感じる"">steba</a></li><li><a href=""https://jbovlaste.lojban.org/dict/zungi?bg=1;langidarg=10"" title=""x1 は x2 (事)について良心の呵責 / 罪悪を感じる"">zungi</a></li><li><a href=""https://jbovlaste.lojban.org/dict/badri?bg=1;langidarg=10"" title=""x1 は x2 (事)について悲しい / 落胆している; x2 は x1 を悲しませる"">badri</a></li><li><a href=""https://jbovlaste.lojban.org/dict/burna?bg=1;langidarg=10"" title=""x1 は x2 (状況)においてどぎまぎする / 緊張する / 落ち着かない / きまりの悪さを感じる / 当惑する"">burna</a></li><li><a href=""https://jbovlaste.lojban.org/dict/gleki?bg=1;langidarg=10"" title=""x1 は x2 (事)に関して嬉しい / 幸せ / 幸福 / 上機嫌"">gleki</a></li>",,"D1::etc","[sound:cinmo.flac]"
"4d47c4bd-dcf6-4518-b203-5b6ed31e36be","cipra","ˈʃipra","gismu","<u class=""se_basna"" title=""アクセント"">ci</u>pra","<var>x<sub>1</sub></var> (過程 / 事)は <var>x<sub>2</sub></var> (性質)を <var>x<sub>3</sub></var> について確かめる試験 / 実験 / テスト","<li>テスト</li><li>試験</li><li>実験</li>","<li>cip</li>",,"<li><a href=""https://jbovlaste.lojban.org/dict/ciksi?bg=1;langidarg=10"" title=""x1 (者)は x2 (事 / 状態 / 性質)を x3 (者)に x4 (命題, du'u)で説明 / 弁明 / 解説する"">ciksi</a></li><li><a href=""https://jbovlaste.lojban.org/dict/troci?bg=1;langidarg=10"" title=""x1 は x2 (事 / 状態 / 性質)を x3 (手段 / 方法)で達成 / 獲得しようと努める / 努力する; x1 は x2 をやってみる"">troci</a></li><li><a href=""https://jbovlaste.lojban.org/dict/jarco?bg=1;langidarg=10"" title=""x1 は x2 (性質)を x3 (者)に見せる / 表示 / 展示する"">jarco</a></li><li><a href=""https://jbovlaste.lojban.org/dict/pajni?bg=1;langidarg=10"" title=""x1 は x2 (抽象(事 / 性質 / 量 / 真理値))について判断する / 審判する / 仲裁する"">pajni</a></li><li><a href=""https://jbovlaste.lojban.org/dict/saske?bg=1;langidarg=10"" title=""x1 (事実群)は x2 (題目)・ x3 (方法論)の科学的知識"">saske</a></li>",,"D1::etc","[sound:cipra.flac]"
"dd700acf-e2d9-4ab0-b5df-bd4e878d131a","ckire","ʃˈkirɛ","gismu","c<u class=""se_basna"" title=""アクセント"">ki</u>re","<var>x<sub>1</sub></var> (者)は <var>x<sub>2</sub></var> (者)に <var>x<sub>3</sub></var> (事 / 性質)を感謝する; <var>x<sub>2</sub></var> が <var>x<sub>3</sub></var> をしたことについて <var>x<sub>1</sub></var> はありがたく思う; <var>x<sub>3</sub></var> であることはありがたい","<li>感謝</li>","<li>kir</li>","<li>感謝しきれない</li>","<li><a href=""https://jbovlaste.lojban.org/dict/cinmo?bg=1;langidarg=10"" title=""x1 は x2 (感情)を x3 について覚える; x1 は感情的 / ムードに浸っている"">cinmo</a></li><li><a href=""https://jbovlaste.lojban.org/dict/friti?bg=1;langidarg=10"" title=""x1 は x2 (物 / 事)を x3 に x4 (条件)で進呈する / オファーする"">friti</a></li><li><a href=""https://jbovlaste.lojban.org/dict/pluka?bg=1;langidarg=10"" title=""x1 (事)は x2 にとって、 x3 (条件)のもと快い / 心地良い"">pluka</a></li>",,"D1::etc","[sound:ckire.flac]"
"4fdc5fd1-93fa-4eb9-ac59-6508c526697a","clite","ʃˈlitɛ","gismu","c<u class=""se_basna"" title=""アクセント"">li</u>te","<var>x<sub>1</sub></var> は <var>x<sub>2</sub></var> (事)に際し、 <var>x<sub>3</sub></var> (照合枠)において礼儀正しい / 行儀が良い","<li>礼儀正しい</li>","<li>lit</li>","<li>知りてー</li>","<li><a href=""https://jbovlaste.lojban.org/dict/ritli?bg=1;langidarg=10"" title=""x1 は x2 (目的)・ x3 (慣習 / 共同体)・ x4 (形態 / 規則)の儀式; x1 は形式的 / かしこまっている"">ritli</a></li>",,"D1::etc","[sound:clite.flac]"
"87799a54-d188-4025-a64c-48e75b7b7899","ctino","ʃˈtino","gismu","c<u class=""se_basna"" title=""アクセント"">ti</u>no","<var>x<sub>1</sub></var> は <var>x<sub>2</sub></var> (物)・ <var>x<sub>3</sub></var> (光)の陰 / 影","<li>陰</li>","<li>ti'o</li>",,"<li><a href=""https://jbovlaste.lojban.org/dict/manku?bg=1;langidarg=10"" title=""x1 は暗い / 闇"">manku</a></li><li><a href=""https://jbovlaste.lojban.org/dict/gusni?bg=1;langidarg=10"" title=""x1 (エネルギー)は x2 (対象)を x3 (光源)に基づいて照らす光; x3 は x2 を x1 で照らす"">gusni</a></li>",,"D1::etc","[sound:ctino.flac]"
"412a7aaf-e62e-4688-a89a-20755c1dc96d","cumki","ˈʃumki","gismu","<u class=""se_basna"" title=""アクセント"">cu</u>mki","<var>x<sub>1</sub></var> (事)は <var>x<sub>2</sub></var> (条件)においてありえる / 可能; <var>x<sub>1</sub></var> は可能性","<li>ありえる</li>","<li>cum</li><li>cu'i</li>",,"<li><a href=""https://jbovlaste.lojban.org/dict/lakne?bg=1;langidarg=10"" title=""x1 (事)は x2 (条件)でありうる / 起こりうる / 蓋然的"">lakne</a></li>","<div class=""mupli""><p lang=""jbo"">traji cumki (cumrai)</p><p lang=""ja"">できるだけ</p></div>","D1::etc","[sound:cumki.flac]"
"4c37fef3-74b3-4d09-ac7d-b56e61ad37a0","cupra","ˈʃupra","gismu","<u class=""se_basna"" title=""アクセント"">cu</u>pra","<var>x<sub>1</sub></var> は <var>x<sub>2</sub></var> (物)を <var>x<sub>3</sub></var> (過程)によって生産 / 産出 / 製造する","<li>生産</li>","<li>pra</li>",,"<li><a href=""https://jbovlaste.lojban.org/dict/zbasu?bg=1;langidarg=10"" title=""x1 は x2 を x3 (素材)から造る / 作る / 工作する"">zbasu</a></li><li><a href=""https://jbovlaste.lojban.org/dict/farvi?bg=1;langidarg=10"" title=""x1 は x2 に x3 から x4 (過程)を通じて発達 / 発展 / 進化する"">farvi</a></li><li><a href=""https://jbovlaste.lojban.org/dict/gundi?bg=1;langidarg=10"" title=""x1 は x2 (生産物)・ x3 (方法)の工業 / 製造業"">gundi</a></li><li><a href=""https://jbovlaste.lojban.org/dict/jukpa?bg=1;langidarg=10"" title=""x1 は x2 (完成品)に x3 (方法)で料理する"">jukpa</a></li>",,"D1::etc","[sound:cupra.flac]"
"8c65ef69-4068-4c45-b257-6a1a164be778","dicra","ˈdiʃra","gismu","<u class=""se_basna"" title=""アクセント"">di</u>cra","<var>x<sub>1</sub></var> (事)は <var>x<sub>2</sub></var> (物 / 事)を <var>x<sub>3</sub></var> (妨害性質)によって阻止 / 中断 / 妨害する","<li>阻止</li>","<li>dir</li>",,"<li><a href=""https://jbovlaste.lojban.org/dict/zunti?bg=1;langidarg=10"" title=""x1 (事)は x2 (事)に、 x3 (性質)に関して干渉する / わりこむ"">zunti</a></li><li><a href=""https://jbovlaste.lojban.org/dict/fanza?bg=1;langidarg=10"" title=""x1 (事)は x2 の気に障る / をいらいらさせる; x2 は x1 で苛つく; x1 は邪魔"">fanza</a></li><li><a href=""https://jbovlaste.lojban.org/dict/raktu?bg=1;langidarg=10"" title=""x1 は x2 (者)にとって x3 (問題)を起こす厄介 / 迷惑 / 困難"">raktu</a></li><li><a href=""https://jbovlaste.lojban.org/dict/denpa?bg=1;langidarg=10"" title=""x1 は x2 (事)を x3 (状態)ながら待つ、 x4 (事)の開始以前 / 再開以前に"">denpa</a></li>",,"D1::etc","[sound:dicra.flac]"
"7074b43f-245a-415a-af19-e2aca3d06b34","fadni","ˈfadni","gismu","<u class=""se_basna"" title=""アクセント"">fa</u>dni","<var>x<sub>1</sub></var> は <var>x<sub>2</sub></var> (性質)・ <var>x<sub>3</sub></var> (集合)において平凡 / 通常 / 普通","<li>平凡</li>","<li>fad</li>",,"<li><a href=""https://jbovlaste.lojban.org/dict/cafne?bg=1;langidarg=10"" title=""x1 (事)は x2 (基準)において頻繁 / しょっちゅう / 頻発する / よくある"">cafne</a></li><li><a href=""https://jbovlaste.lojban.org/dict/rirci?bg=1;langidarg=10"" title=""x1 は x2 (性質)に関して、 x3 (集合)において珍しい / 稀有"">rirci</a></li><li><a href=""https://jbovlaste.lojban.org/dict/kampu?bg=1;langidarg=10"" title=""x1 (性質)は x2 (集合)の間で普遍 / 一般的; x1 は普通"">kampu</a></li><li><a href=""https://jbovlaste.lojban.org/dict/lakne?bg=1;langidarg=10"" title=""x1 (事)は x2 (条件)でありうる / 起こりうる / 蓋然的"">lakne</a></li><li><a href=""https://jbovlaste.lojban.org/dict/tcaci?bg=1;langidarg=10"" title=""x1 は x2 の、 x3 (条件)における習慣 / 慣習 / 風習 / 慣行 / 習性 / 性癖 / 慣わし"">tcaci</a></li><li><a href=""https://jbovlaste.lojban.org/dict/cnano?bg=1;langidarg=10"" title=""x1 は性質 x2 (ka, ni)に関する、 x3 (集合)の観点 x4 (si'o)による標準 / 平均 / スタンダード"">cnano</a></li>","<div class=""mupli""><p lang=""jbo"">ra fadni lo ni clani lo'i se gugdenulu</p><p lang=""ja"">彼の身長はオランダ人としては普通だ</p></div>","D1::etc","[sound:fadni.flac]"
"d43385d7-659a-46a5-abe5-620d0d1003df","fange","ˈfangɛ","gismu","<u class=""se_basna"" title=""アクセント"">fa</u>nge","<var>x<sub>1</sub></var> は <var>x<sub>2</sub></var> にたいして <var>x<sub>3</sub></var> (性質)の点で異質 / 外来 / 別世界的 / 風変わり","<li>異質</li>",,"<li>&lt;ファンの元気&gt;</li>","<li><a href=""https://jbovlaste.lojban.org/dict/cizra?bg=1;langidarg=10"" title=""x1 は x2 にとって x3 (性質)に関して怪しい / おかしい / 風変わり / 不思議"">cizra</a></li><li><a href=""https://jbovlaste.lojban.org/dict/jbena?bg=1;langidarg=10"" title=""x1 は x2 (産主)による x3 (日時)・ x4 (所)の生まれである; x2 は x1 の産みの親"">jbena</a></li><li><a href=""https://jbovlaste.lojban.org/dict/ckini?bg=1;langidarg=10"" title=""x1 は x2 と x3 (関係性)によって繋がりがある / 同系"">ckini</a></li>",,"D1::etc","[sound:fange.flac]"
"96f84655-cdf8-4af0-b74a-c8866b2ffe28","fanza","ˈfanza","gismu","<u class=""se_basna"" title=""アクセント"">fa</u>nza","<var>x<sub>1</sub></var> (事)は <var>x<sub>2</sub></var> の気に障る / をいらいらさせる; <var>x<sub>2</sub></var> は <var>x<sub>1</sub></var> で苛つく; <var>x<sub>1</sub></var> は邪魔","<li>気に障る</li>","<li>faz</li>","<li>&lt;ファンをざっくり&gt;</li>","<li><a href=""https://jbovlaste.lojban.org/dict/fengu?bg=1;langidarg=10"" title=""x1 は x2 (者)にたいして x3 (事 / 性質)について憤慨している / 怒っている"">fengu</a></li><li><a href=""https://jbovlaste.lojban.org/dict/raktu?bg=1;langidarg=10"" title=""x1 は x2 (者)にとって x3 (問題)を起こす厄介 / 迷惑 / 困難"">raktu</a></li><li><a href=""https://jbovlaste.lojban.org/dict/dicra?bg=1;langidarg=10"" title=""x1 (事)は x2 (物 / 事)を x3 (妨害性質)によって阻止 / 中断 / 妨害する"">dicra</a></li><li><a href=""https://jbovlaste.lojban.org/dict/tunta?bg=1;langidarg=10"" title=""x1 (物)は x2 を刺す / 突く / 突き刺す / つつく; x2 は x1 に刺される"">tunta</a></li><li><a href=""https://jbovlaste.lojban.org/dict/zunti?bg=1;langidarg=10"" title=""x1 (事)は x2 (事)に、 x3 (性質)に関して干渉する / わりこむ"">zunti</a></li><li><a href=""https://jbovlaste.lojban.org/dict/jicla?bg=1;langidarg=10"" title=""x1 (物 / 事 / 力)は x2 (液体 / 気体)をかき混ぜる"">jicla</a></li>",,"D1::etc","[sound:fanza.flac]"
"f3d46f25-3323-4090-a3e4-74b560439b91","fendi","ˈfɛndi","gismu","<u class=""se_basna"" title=""アクセント"">fe</u>ndi","<var>x<sub>1</sub></var> (者)は <var>x<sub>2</sub></var> を <var>x<sub>3</sub></var> (部分 / 個)に <var>x<sub>4</sub></var> (方法 / 区分)によって分ける","<li>分ける</li>","<li>fed</li>",,"<li><a href=""https://jbovlaste.lojban.org/dict/sepli?bg=1;langidarg=10"" title=""x1 は x2 から x3 (区分 / 壁 / 間)によって離れている"">sepli</a></li><li><a href=""https://jbovlaste.lojban.org/dict/bitmu?bg=1;langidarg=10"" title=""x1 は x2 ・ x3 を隔てる、 x4 (構造体)の壁 / 垣 / 塀 / フェンス"">bitmu</a></li><li><a href=""https://jbovlaste.lojban.org/dict/fatri?bg=1;langidarg=10"" title=""x1 (物)は x2 (受け手)に x3 (分け前)で分配 / 配当される / 割り当てられる"">fatri</a></li><li><a href=""https://jbovlaste.lojban.org/dict/dilcu?bg=1;langidarg=10"" title=""x1 は x2 (被除数)・ x3 (除数)・ x4 (剰余)の商"">dilcu</a></li><li><a href=""https://jbovlaste.lojban.org/dict/katna?bg=1;langidarg=10"" title=""x1 (用具 / 刃 / 力)は x2 を切って x3 (部分)にする"">katna</a></li><li><a href=""https://jbovlaste.lojban.org/dict/frinu?bg=1;langidarg=10"" title=""x1 は x2 (分子)・ x3 (分母)の分数"">frinu</a></li>",,"D1::etc","[sound:fendi.flac]"
"044e0dd6-cfa7-4b89-9734-9abc6a90a749","fengu","ˈfɛngu","gismu","<u class=""se_basna"" title=""アクセント"">fe</u>ngu","<var>x<sub>1</sub></var> は <var>x<sub>2</sub></var> (者)にたいして <var>x<sub>3</sub></var> (事 / 性質)について憤慨している / 怒っている","<li>憤慨</li>","<li>feg</li><li>fe'u</li>","<li>fungai</li>","<li><a href=""https://jbovlaste.lojban.org/dict/fanza?bg=1;langidarg=10"" title=""x1 (事)は x2 の気に障る / をいらいらさせる; x2 は x1 で苛つく; x1 は邪魔"">fanza</a></li><li><a href=""https://jbovlaste.lojban.org/dict/dunku?bg=1;langidarg=10"" title=""x1 は x2 (事)について苦悩 / 苦悶する"">dunku</a></li>",,"D1::etc","[sound:fengu.flac]"
"15a04fa7-8cc0-4209-ae64-701c35c5f0c1","funca","ˈfunʃa","gismu","<u class=""se_basna"" title=""アクセント"">fu</u>nca","<var>x<sub>1</sub></var> (事 / 性質)は <var>x<sub>2</sub></var> の運; <var>x<sub>1</sub></var> はまぐれ / めぐり合わせ","<li>運</li>","<li>fun</li><li>fu'a</li>",,"<li><a href=""https://jbovlaste.lojban.org/dict/cunso?bg=1;langidarg=10"" title=""x1 は x2 (条件)において確率分布 x3 で無原則 / 無作為 / ランダム / でたらめ"">cunso</a></li><li><a href=""https://jbovlaste.lojban.org/dict/mabla?bg=1;langidarg=10"" title=""x1 は x2 (性質)において、 x3 (基準)で不愉快だ / クソみたいだ / くだらない / 実にひどい / 嘆かわしい / まったくいやだ / あさましい / ひどくみすぼらしい / 粗末だ / 粗悪だ / 卑劣だ / 劣っている; x1 は x2の点で x3にとってむかつく / 嫌気がさす / 実に不愉快だ"">mabla</a></li><li><a href=""https://jbovlaste.lojban.org/dict/zabna?bg=1;langidarg=10"" title=""x1 は x2 (性質)において、 x3 (基準)で好ましい / すぐれている / 実に見事だ / すばらしい / すてきだ / 一流だ / 傑出している / あっぱれだ / 見事だ / 称賛に値する / 立派だ / 望ましい / 楽しい / 感じのよい / 愛すべき / 精好だ / クールだ"">zabna</a></li>",,"D1::etc","[sound:funca.flac]"
"cb0dd070-5b48-4503-aff2-661d73e044eb","gacri","ˈgaʃri","gismu","<u class=""se_basna"" title=""アクセント"">ga</u>cri","<var>x<sub>1</sub></var> は <var>x<sub>2</sub></var> の覆い / 蓋 / カバー; <var>x<sub>1</sub></var> は <var>x<sub>2</sub></var> に被さっている","<li>覆い</li>","<li>gai</li>","<li>がっしり覆う</li>","<li><a href=""https://jbovlaste.lojban.org/dict/pilka?bg=1;langidarg=10"" title=""x1 は x2 を覆う皮 / 外面 / 表層"">pilka</a></li><li><a href=""https://jbovlaste.lojban.org/dict/gapru?bg=1;langidarg=10"" title=""x1 は x2 に対して x3 (照合枠)における上方 / 上側"">gapru</a></li><li><a href=""https://jbovlaste.lojban.org/dict/marbi?bg=1;langidarg=10"" title=""x1 は x2 を x3 (危険 / 脅威)から護る保護施設 / 避難所 / シェルター"">marbi</a></li><li><a href=""https://jbovlaste.lojban.org/dict/drudi?bg=1;langidarg=10"" title=""x1 は x2 (本体)の屋根 / 天井 / 屋上 / 蓋"">drudi</a></li><li><a href=""https://jbovlaste.lojban.org/dict/ve?bg=1;langidarg=10"" title=""x1-x4 転換 : selbri の左に付いてPSの x1 と x4 を転換する"">ve</a> <a href=""https://jbovlaste.lojban.org/dict/botpi?bg=1;langidarg=10"" title=""x1 は x2 (内容)・ x3 (素材)・ x4 (栓 / 蓋)の瓶 / ボトル / 水筒"">botpi</a></li><li><a href=""https://jbovlaste.lojban.org/dict/bitmu?bg=1;langidarg=10"" title=""x1 は x2 ・ x3 を隔てる、 x4 (構造体)の壁 / 垣 / 塀 / フェンス"">bitmu</a></li><li><a href=""https://jbovlaste.lojban.org/dict/calku?bg=1;langidarg=10"" title=""x1 は x2 を覆う、 x3 (成分)の殻"">calku</a></li>",,"D1::etc","[sound:gacri.flac]"
"95370e6d-4cc7-4ce2-b1ba-8bec3da7b434","galxe","ˈgalxɛ","gismu","<u class=""se_basna"" title=""アクセント"">ga</u>lxe","<var>x<sub>1</sub></var> は <var>x<sub>2</sub></var> (本体)の喉 / 咽喉 / 食道","<li>喉</li>",,,"<li><a href=""https://jbovlaste.lojban.org/dict/cnebo?bg=1;langidarg=10"" title=""x1 は x2 (本体)の首"">cnebo</a></li><li><a href=""https://jbovlaste.lojban.org/dict/kevna?bg=1;langidarg=10"" title=""x1 は x2 の穴; x2 は x1 (箇所)において貫通している"">kevna</a></li><li><a href=""https://jbovlaste.lojban.org/dict/tunlo?bg=1;langidarg=10"" title=""x1 は x2 を飲み込む / 飲み下す"">tunlo</a></li>",,"D1::etc","[sound:galxe.flac]"
"53d82c46-c4f8-428e-8e74-77e5a7dc9857","gusni","ˈgusni","gismu","<u class=""se_basna"" title=""アクセント"">gu</u>sni","<var>x<sub>1</sub></var> (エネルギー)は <var>x<sub>2</sub></var> (対象)を <var>x<sub>3</sub></var> (光源)に基づいて照らす光; <var>x<sub>3</sub></var> は <var>x<sub>2</sub></var> を <var>x<sub>1</sub></var> で照らす","<li>光</li>","<li>gus</li><li>gu'i</li>",,"<li><a href=""https://jbovlaste.lojban.org/dict/dirce?bg=1;langidarg=10"" title=""x1 は x2 を放射する"">dirce</a></li><li><a href=""https://jbovlaste.lojban.org/dict/manku?bg=1;langidarg=10"" title=""x1 は暗い / 闇"">manku</a></li><li><a href=""https://jbovlaste.lojban.org/dict/solri?bg=1;langidarg=10"" title=""x1 は x2 (惑星)の太陽 / 恒星 / 日"">solri</a></li><li><a href=""https://jbovlaste.lojban.org/dict/carmi?bg=1;langidarg=10"" title=""x1 は x2 (性質)に関して x3 (観点)で激しい / 強烈 / 激烈 / 猛烈 / 熱烈"">carmi</a></li><li><a href=""https://jbovlaste.lojban.org/dict/ctino?bg=1;langidarg=10"" title=""x1 は x2 (物)・ x3 (光)の陰 / 影"">ctino</a></li><li><a href=""https://jbovlaste.lojban.org/dict/kantu?bg=1;langidarg=10"" title=""x1 は x2 (性質 / 動作)の量子"">kantu</a></li>",,"D1::etc","[sound:gusni.flac]"
"92b9df27-b687-4d86-92e1-628cdf444551","jinga","ˈʒinga","gismu","<u class=""se_basna"" title=""アクセント"">ji</u>nga","<var>x<sub>1</sub></var> は <var>x<sub>2</sub></var> (利益)を <var>x<sub>3</sub></var> (競合相手 / 敗者)から <var>x<sub>4</sub></var> (試合)において勝ち取る; <var>x<sub>1</sub></var> は <var>x<sub>3</sub></var> に勝利する; <var>x<sub>3</sub></var> は <var>x<sub>1</sub></var>に敗北する","<li>勝つ</li>","<li>jig</li><li>ji'a</li>","<li>現地人が勝つ</li>","<li><a href=""https://jbovlaste.lojban.org/dict/cirko?bg=1;langidarg=10"" title=""x1 は x2 (物 / 者)を x3 (所)で失う; x1 は x2 (性質)を x3 (状況)で失う"">cirko</a></li><li><a href=""https://jbovlaste.lojban.org/dict/jivna?bg=1;langidarg=10"" title=""x1 は x2 と x3 (事)に関して x4 (利益)を競う / 競合する / 試合する"">jivna</a></li><li><a href=""https://jbovlaste.lojban.org/dict/talsa?bg=1;langidarg=10"" title=""x1 (人)は x2 を x3 (性質)について挑む; x2 に x3 があるかどうかを x1 は試す"">talsa</a></li><li><a href=""https://jbovlaste.lojban.org/dict/cnemu?bg=1;langidarg=10"" title=""x1 (者)は x2 (者)を x3 (特別事項)について x4 (報奨 / 謝礼 / 褒美)で報いる"">cnemu</a></li><li><a href=""https://jbovlaste.lojban.org/dict/prali?bg=1;langidarg=10"" title=""x1 は x2 にとっての、 x3 (行動 / 過程)によって得られた利益; x2 は x3 によって利する; x1 は x2 にとっての利点 / アドバンテージ"">prali</a></li><li><a href=""https://jbovlaste.lojban.org/dict/pleji?bg=1;langidarg=10"" title=""x1 は x2 (金 / 報酬)を x3 (者)に x4 (対価 / 商品 / サービス)のために支払う"">pleji</a></li><li><a href=""https://jbovlaste.lojban.org/dict/sfasa?bg=1;langidarg=10"" title=""x1 (者)は x2 (者)を x3 (違反 / 侵害)のために x4 (罰)でこらしめる / 罰する / 折檻 / 懲戒する"">sfasa</a></li><li><a href=""https://jbovlaste.lojban.org/dict/jdima?bg=1;langidarg=10"" title=""x1 (量)は x2 (商品)の、 x3 (買い手)に対して x4 (売り手)が設定した価格 / 値段"">jdima</a></li><li><a href=""https://jbovlaste.lojban.org/dict/jerna?bg=1;langidarg=10"" title=""x1 (者)は x2 (収益)を x3 (行動)から稼ぐ; x2 は x1 の給料 / 報酬"">jerna</a></li><li><a href=""https://jbovlaste.lojban.org/dict/bradi?bg=1;langidarg=10"" title=""x1 は x2 の、 x3 (抗争)における敵 / 敵対者 / 対抗者 / 相手 / 試合相手"">bradi</a></li><li><a href=""https://jbovlaste.lojban.org/dict/kargu?bg=1;langidarg=10"" title=""x1 (物 / 性質 / 事)は x2 (者)・ x3 (基準)にとって高価 / 高額 / 高級"">kargu</a></li><li><a href=""https://jbovlaste.lojban.org/dict/kelci?bg=1;langidarg=10"" title=""x1 は x2 (道具 / 方法)で遊ぶ"">kelci</a></li>",,"D1::etc","[sound:jinga.flac]"
"b82e047f-ce84-4087-b674-173a45e4226a","jipno","ˈʒipno","gismu","<u class=""se_basna"" title=""アクセント"">ji</u>pno","<var>x<sub>1</sub></var> は <var>x<sub>2</sub></var> (本体)の先端 / 先っぽ","<li>先端</li>","<li>jip</li><li>ji'o</li>",,"<li><a href=""https://jbovlaste.lojban.org/dict/mokca?bg=1;langidarg=10"" title=""x1 は x2 (時間 / 空間)における点; x1 は0次元"">mokca</a></li><li><a href=""https://jbovlaste.lojban.org/dict/jesni?bg=1;langidarg=10"" title=""x1 は x2 (素材)の針"">jesni</a></li><li><a href=""https://jbovlaste.lojban.org/dict/fanmo?bg=1;langidarg=10"" title=""x1 は x2 (物 / 過程)の終わり"">fanmo</a></li><li><a href=""https://jbovlaste.lojban.org/dict/kojna?bg=1;langidarg=10"" title=""x1 は x2 の角 / 隅"">kojna</a></li><li><a href=""https://jbovlaste.lojban.org/dict/krasi?bg=1;langidarg=10"" title=""x1 (所 / 事)は x2 (物 / 者 / 事)の起源 / 根源 / 発祥地"">krasi</a></li>",,"D1::etc","[sound:jipno.flac]"
"df3679d1-2ef0-4d22-8633-a09764b8fbed","jivna","ˈʒivna","gismu","<u class=""se_basna"" title=""アクセント"">ji</u>vna","<var>x<sub>1</sub></var> は <var>x<sub>2</sub></var> と <var>x<sub>3</sub></var> (事)に関して <var>x<sub>4</sub></var> (利益)を競う / 競合する / 試合する","<li>競う</li>","<li>jvi</li>",,"<li><a href=""https://jbovlaste.lojban.org/dict/cnemu?bg=1;langidarg=10"" title=""x1 (者)は x2 (者)を x3 (特別事項)について x4 (報奨 / 謝礼 / 褒美)で報いる"">cnemu</a></li><li><a href=""https://jbovlaste.lojban.org/dict/jinga?bg=1;langidarg=10"" title=""x1 は x2 (利益)を x3 (競合相手 / 敗者)から x4 (試合)において勝ち取る; x1 は x3 に勝利する; x3 は x1に敗北する"">jinga</a></li><li><a href=""https://jbovlaste.lojban.org/dict/talsa?bg=1;langidarg=10"" title=""x1 (人)は x2 を x3 (性質)について挑む; x2 に x3 があるかどうかを x1 は試す"">talsa</a></li><li><a href=""https://jbovlaste.lojban.org/dict/bradi?bg=1;langidarg=10"" title=""x1 は x2 の、 x3 (抗争)における敵 / 敵対者 / 対抗者 / 相手 / 試合相手"">bradi</a></li><li><a href=""https://jbovlaste.lojban.org/dict/fapro?bg=1;langidarg=10"" title=""x1 は x2 (者 / 物 / 力)に、 x3 (事)について対抗する"">fapro</a></li><li><a href=""https://jbovlaste.lojban.org/dict/kelci?bg=1;langidarg=10"" title=""x1 は x2 (道具 / 方法)で遊ぶ"">kelci</a></li>",,"D1::etc","[sound:jivna.flac]"
"d40a4951-3276-427a-b462-7e1604244273","judri","ˈʒudri","gismu","<u class=""se_basna"" title=""アクセント"">ju</u>dri","<var>x<sub>1</sub></var> は <var>x<sub>2</sub></var> の、 <var>x<sub>3</sub></var> (体系)における住所 / 宛先","<li>住所</li>",,"<li>ju(住)</li><li>adrress</li>","<li><a href=""https://jbovlaste.lojban.org/dict/tcita?bg=1;langidarg=10"" title=""x1 は x2 の x3 (情報)を表す札 / タグ"">tcita</a></li><li><a href=""https://jbovlaste.lojban.org/dict/cmene?bg=1;langidarg=10"" title=""x1 (文字列)は x2 の、 x3 (者)による名称; x3 は x2 を x1 と呼ぶ; x2 は x1 と呼ばれている"">cmene</a></li><li><a href=""https://jbovlaste.lojban.org/dict/ciste?bg=1;langidarg=10"" title=""x1 (lu'o)は構造 x2 を持ち、 x3 (構成要素の集合)からなる、性質 x4 (ka)を示す体系 / システム"">ciste</a></li><li><a href=""https://jbovlaste.lojban.org/dict/stuzi?bg=1;langidarg=10"" title=""x1 は x2 (物 / 事)の本質的 / 恒久的な場所 / 現場"">stuzi</a></li>",,"D1::etc","[sound:judri.flac]"
"574a7333-2911-4958-a363-1fc9fcd2ad47","jukpa","ˈʒukpa","gismu","<u class=""se_basna"" title=""アクセント"">ju</u>kpa","<var>x<sub>1</sub></var> は <var>x<sub>2</sub></var> (完成品)に <var>x<sub>3</sub></var> (方法)で料理する","<li>料理する</li>","<li>jup</li>",,"<li><a href=""https://jbovlaste.lojban.org/dict/cupra?bg=1;langidarg=10"" title=""x1 は x2 (物)を x3 (過程)によって生産 / 産出 / 製造する"">cupra</a></li><li><a href=""https://jbovlaste.lojban.org/dict/bredi?bg=1;langidarg=10"" title=""x1 は x2 (事)に向けて準備できている / 用意が整っている / 覚悟している"">bredi</a></li>",,"D1::etc","[sound:jukpa.flac]"
"0d2452a5-aac8-4f01-b2aa-754744f4e186","kacma","ˈkaʃma","gismu","<u class=""se_basna"" title=""アクセント"">ka</u>cma","<var>x<sub>1</sub></var> は <var>x<sub>2</sub></var> (光学的対象)を <var>x<sub>3</sub></var> (媒体)に記録するカメラ","<li>カメラ</li>",,"<li>カメラ貸します</li>","<li><a href=""https://jbovlaste.lojban.org/dict/lenjo?bg=1;langidarg=10"" title=""x1 は x2 (光 / 音 / 電波)を x3 (焦点)に合わせるレンズ / 収束器"">lenjo</a></li>",,"D1::etc","[sound:kacma.flac]"
"c09406f0-523a-43a3-a997-4c31f62d8a19","kagni","ˈkagni","gismu","<u class=""se_basna"" title=""アクセント"">ka</u>gni","<var>x<sub>1</sub></var> は <var>x<sub>2</sub></var> (権限)・ <var>x<sub>3</sub></var> (目的)の会社 / 企業","<li>会社</li>","<li>kag</li>","<li>会社の家具に</li>","<li><a href=""https://jbovlaste.lojban.org/dict/kansa?bg=1;langidarg=10"" title=""x1 は x2 に、 x3 (事)において伴う / 付き添う; x1 と x2 は一緒"">kansa</a></li><li><a href=""https://jbovlaste.lojban.org/dict/kamni?bg=1;langidarg=10"" title=""x1 (群)は x2 (目的 / 責務)・ x3 (母体)の委員会"">kamni</a></li><li><a href=""https://jbovlaste.lojban.org/dict/banxa?bg=1;langidarg=10"" title=""x1 は x2 (金融体系)・ x3 (機能)の銀行"">banxa</a></li><li><a href=""https://jbovlaste.lojban.org/dict/bende?bg=1;langidarg=10"" title=""x1 は x2 (者達)・ x3 (引率者)からなる、 x4 (目的)のための仲間 / チーム / 乗組員 / バンド / 班"">bende</a></li>",,"D1::etc","[sound:kagni.flac]"
"0da71e60-9168-4e92-8a20-dbc4bcd4b018","karni","ˈkarni","gismu","<u class=""se_basna"" title=""アクセント"">ka</u>rni","<var>x<sub>1</sub></var> は <var>x<sub>2</sub></var> (内容)・ <var>x<sub>3</sub></var> (出版者)・ <var>x<sub>4</sub></var> (読者)の刊行物 / 雑誌 / 新聞","<li>誌</li>",,"<li>仮に雑誌とする</li>","<li><a href=""https://jbovlaste.lojban.org/dict/papri?bg=1;langidarg=10"" title=""x1 は x2 (本 / 書類)のページ"">papri</a></li><li><a href=""https://jbovlaste.lojban.org/dict/pelji?bg=1;langidarg=10"" title=""x1 は x2 (資源)の紙"">pelji</a></li><li><a href=""https://jbovlaste.lojban.org/dict/tcidu?bg=1;langidarg=10"" title=""x1 は x2 (文字列)を x3 (表面 / 書物)から読む"">tcidu</a></li>",,"D1::etc","[sound:karni.flac]"
"447642b3-8447-43b7-b55f-c68ef8815bec","kevna","ˈkɛvna","gismu","<u class=""se_basna"" title=""アクセント"">ke</u>vna","<var>x<sub>1</sub></var> は <var>x<sub>2</sub></var> の穴; <var>x<sub>2</sub></var> は <var>x<sub>1</sub></var> (箇所)において貫通している","<li>穴</li>","<li>kev</li><li>ke'a</li>","<li>ケイヴ(洞窟)穴</li>","<li><a href=""https://jbovlaste.lojban.org/dict/fenra?bg=1;langidarg=10"" title=""x1 は x2 の割れ目 / 裂け目"">fenra</a></li><li><a href=""https://jbovlaste.lojban.org/dict/kunti?bg=1;langidarg=10"" title=""x1 は x2 (内容)が無い; x1 は空っぽ"">kunti</a></li><li><a href=""https://jbovlaste.lojban.org/dict/canlu?bg=1;langidarg=10"" title=""x1 は x2 (内容)が占める空間(三次元的広がり); x2 は x1 を占める"">canlu</a></li><li><a href=""https://jbovlaste.lojban.org/dict/canko?bg=1;langidarg=10"" title=""x1 は x2 (壁 / 建物 / 構造)の窓 / 門 / 入口 / 出口 / 玄関"">canko</a></li><li><a href=""https://jbovlaste.lojban.org/dict/galxe?bg=1;langidarg=10"" title=""x1 は x2 (本体)の喉 / 咽喉 / 食道"">galxe</a></li><li><a href=""https://jbovlaste.lojban.org/dict/tubnu?bg=1;langidarg=10"" title=""x1 は x2 (素材)・ x3 (内容)の管 / 筒 / パイプ / シリンダー / チューブ"">tubnu</a></li>",,"D1::etc","[sound:kevna.flac]"
"55a884a5-e553-4a17-bb99-1a0591e581fd","klani","kˈlani","gismu","k<u class=""se_basna"" title=""アクセント"">la</u>ni","<var>x<sub>1</sub></var> は <var>x<sub>2</sub></var> (数)を測定値として <var>x<sub>3</sub></var> (尺度 / 概念)について測定された量","<li>量</li>","<li>lai</li>","<li>測定済みの量は倉に</li>","<li><a href=""https://jbovlaste.lojban.org/dict/la'u?bg=1;langidarg=10"" title=""〜を量として: klani 法制詞, x1 ;"">la'u</a></li><li><a href=""https://jbovlaste.lojban.org/dict/namcu?bg=1;langidarg=10"" title=""x1 は数 / 量 / 値"">namcu</a></li>",,"D1::etc","[sound:klani.flac]"
"054f6e8c-9ad2-40df-a6aa-ee820a97c335","lafti","ˈlafti","gismu","<u class=""se_basna"" title=""アクセント"">la</u>fti","<var>x<sub>1</sub></var> (力)は <var>x<sub>2</sub></var> (対象本体)・ <var>x<sub>3</sub></var> (対象箇所)を <var>x<sub>4</sub></var> (重力)に対して持ち上げる / 拾う / すくう","<li>持ち上げる</li>","<li>laf</li>",,"<li><a href=""https://jbovlaste.lojban.org/dict/farlu?bg=1;langidarg=10"" title=""x1 は x2 に x3 から、 x4 (照合枠 / 重力井戸)において落ちる / 降る"">farlu</a></li><li><a href=""https://jbovlaste.lojban.org/dict/plipe?bg=1;langidarg=10"" title=""x1 (者 / 物)は x2 (終点)に x3 (起点)から x4 (高さ)ほど x5 (動力)によって跳躍 / ジャンプする"">plipe</a></li>",,"D1::etc","[sound:lafti.flac]"
"201d971f-88d8-4f30-a684-22fac3a99fe6","larcu","ˈlarʃu","gismu","<u class=""se_basna"" title=""アクセント"">la</u>rcu","<var>x<sub>1</sub></var> (創作物 / 創作過程)は <var>x<sub>2</sub></var> (芸術様式 / 芸術流派)の実践 / 応用; <var>x<sub>1</sub></var> は芸術的","<li>芸術</li>","<li>lar</li>","<li>ある種の芸術</li>","<li><a href=""https://jbovlaste.lojban.org/dict/finti?bg=1;langidarg=10"" title=""x1 は x2 を x3 (目的 / 機能)のために x4 (既存要素)から創る / 発明する / 著する; x1 は創作的"">finti</a></li><li><a href=""https://jbovlaste.lojban.org/dict/zbasu?bg=1;langidarg=10"" title=""x1 は x2 を x3 (素材)から造る / 作る / 工作する"">zbasu</a></li><li><a href=""https://jbovlaste.lojban.org/dict/stati?bg=1;langidarg=10"" title=""x1 には x2 (事 / 行為)の才能 / 素質がある"">stati</a></li>",,"D1::etc","[sound:larcu.flac]"
"65d73fa4-8a9d-4656-8631-a04df4d8f327","lazni","ˈlazni","gismu","<u class=""se_basna"" title=""アクセント"">la</u>zni","<var>x<sub>1</sub></var> (者)は <var>x<sub>2</sub></var> (動作 / 仕事 / 努力 / 事)に関して怠惰 / 怠ける; <var>x<sub>1</sub></var> は <var>x<sub>2</sub></var> を怠る","<li>怠惰</li>",,"<li>lazyに</li>","<li><a href=""https://jbovlaste.lojban.org/dict/nejni?bg=1;langidarg=10"" title=""x1 は x2 (種類)・ x3 (形態)のエネルギー"">nejni</a></li><li><a href=""https://jbovlaste.lojban.org/dict/vreta?bg=1;langidarg=10"" title=""x1 は x2 に寄り掛かる / もたれる / 横たわる"">vreta</a></li><li><a href=""https://jbovlaste.lojban.org/dict/gunka?bg=1;langidarg=10"" title=""x1 は x2 (動作 / 行動)を x3 (目的 / 目標)のために働く / 労働 / 勤務する; x1 は労働者"">gunka</a></li>",,"D1::etc","[sound:lazni.flac]"
"f730bd71-52e5-4052-9bab-2faf9b888ea1","lerfu","ˈlɛrfu","gismu","<u class=""se_basna"" title=""アクセント"">le</u>rfu","<var>x<sub>1</sub></var> は <var>x<sub>2</sub></var> (文字体系)において <var>x<sub>3</sub></var> を表す字(文字 / 数字)","<li>文字</li>","<li>ler</li><li>le'u</li>",,"<li><a href=""https://jbovlaste.lojban.org/dict/mifra?bg=1;langidarg=10"" title=""x1 は x2 (元の文字列)が x3 (暗号体系)によって符号化されたもの; x1 は暗号"">mifra</a></li><li><a href=""https://jbovlaste.lojban.org/dict/namcu?bg=1;langidarg=10"" title=""x1 は数 / 量 / 値"">namcu</a></li><li><a href=""https://jbovlaste.lojban.org/dict/sinxa?bg=1;langidarg=10"" title=""x1 は x2 (意味 / 指示対象)の、 x3 (者)にたいする記号 / 表象 / 象形 / 象徴 / サイン / シンボル"">sinxa</a></li><li><a href=""https://jbovlaste.lojban.org/dict/pandi?bg=1;langidarg=10"" title=""x1 (者)は x2 (表現)に x3 (記号 / 言葉)を打ち、 x4 (構文的 / 意味的効力)をもたらす; x3 は句読点"">pandi</a></li>",,"D1::etc","[sound:lerfu.flac]"
"db7d7e53-734d-40df-a554-ee54c86869bb","lidne","ˈlidnɛ","gismu","<u class=""se_basna"" title=""アクセント"">li</u>dne","<var>x<sub>1</sub></var> は <var>x<sub>2</sub></var> を、 <var>x<sub>3</sub></var> (序列)において先行する / 先立つ / 率先する; <var>x<sub>2</sub></var> は <var>x<sub>1</sub></var> に続く; <var>x<sub>1</sub></var> は前者; <var>x<sub>2</sub></var> は後者","<li>先行</li>","<li>li'e</li>",,"<li><a href=""https://jbovlaste.lojban.org/dict/li'e?bg=1;langidarg=10"" title=""〜が引率して / に先を越されて : lidne 法制詞, x1"">li'e</a></li><li><a href=""https://jbovlaste.lojban.org/dict/balvi?bg=1;langidarg=10"" title=""x1 は x2 よりも未来 / 後発; x1 は後者; x2 は前者"">balvi</a></li><li><a href=""https://jbovlaste.lojban.org/dict/ralju?bg=1;langidarg=10"" title=""x1 は x2 (集合)・ x3 (性質)において主要 / 大本"">ralju</a></li><li><a href=""https://jbovlaste.lojban.org/dict/rebla?bg=1;langidarg=10"" title=""x1 は x2 (本体)の尾 / しっぽ"">rebla</a></li><li><a href=""https://jbovlaste.lojban.org/dict/purci?bg=1;langidarg=10"" title=""x1 は x2 (時点)よりも以前 / 過去; x1 は先人"">purci</a></li><li><a href=""https://jbovlaste.lojban.org/dict/jersi?bg=1;langidarg=10"" title=""x1 は x2 を追う / 追跡する"">jersi</a></li><li><a href=""https://jbovlaste.lojban.org/dict/porsi?bg=1;langidarg=10"" title=""x1 (並んだ集合)は x2 (規則 / 基準)に従って x3 (不整理の集合)を序列 / 順番化したもの; x1 は列 / 連続体"">porsi</a></li><li><a href=""https://jbovlaste.lojban.org/dict/jatna?bg=1;langidarg=10"" title=""x1 は x2 (活動領域 / 権限範疇)における指揮者 / 指導者 / 首領 / 長 / リーダー / キャプテン"">jatna</a></li><li><a href=""https://jbovlaste.lojban.org/dict/farna?bg=1;langidarg=10"" title=""x1 は x2 (物 / 事)・ x3 (照合枠)の向き / 方向 / 方角; x3 から観て x2 は x1 のほうにある"">farna</a></li>",,"D1::etc","[sound:lidne.flac]"
"7aa347e0-a7f2-4cf5-8505-caba2f64a07b","lifri","ˈlifri","gismu","<u class=""se_basna"" title=""アクセント"">li</u>fri","<var>x<sub>1</sub></var> (者 / 事)は <var>x<sub>2</sub></var> (事)を経験する; <var>x<sub>2</sub></var> に <var>x<sub>1</sub></var> は見舞われる; <var>x<sub>2</sub></var> は経験的 / 実験上 / 実証可能","<li>経験</li>","<li>lif</li><li>fri</li>","<li>実験上古いふり経験する</li>","<li><a href=""https://jbovlaste.lojban.org/dict/ri'i?bg=1;langidarg=10"" title=""〜が経験して / 〜を被験者として : lifri 法制詞, x1"">ri'i</a></li><li><a href=""https://jbovlaste.lojban.org/dict/jmive?bg=1;langidarg=10"" title=""x1 は x2 (観点 / 基準)において生きている; x1 は生物 / 生体 / 有機体"">jmive</a></li><li><a href=""https://jbovlaste.lojban.org/dict/fasnu?bg=1;langidarg=10"" title=""x1 は事 / 出来事 / 事件 / 事象 / 現象; x1 は起こる / 生じる / 発生する"">fasnu</a></li><li><a href=""https://jbovlaste.lojban.org/dict/renvi?bg=1;langidarg=10"" title=""x1 は x2 (事)を x3 (時間 / 期間)にわたって耐え抜く / 辛抱する / 我慢する; x1 は長持ちする"">renvi</a></li>",,"D1::etc","[sound:lifri.flac]"
"5047258b-206c-40c1-93af-dd9c077a2fca","livla","ˈlivla","gismu","<u class=""se_basna"" title=""アクセント"">li</u>vla","<var>x<sub>1</sub></var> は <var>x<sub>2</sub></var> のための燃料","<li>燃料</li>","<li>lil</li>","<li>ranliau(燃料)</li><li>fuel</li>","<li><a href=""https://jbovlaste.lojban.org/dict/nejni?bg=1;langidarg=10"" title=""x1 は x2 (種類)・ x3 (形態)のエネルギー"">nejni</a></li><li><a href=""https://jbovlaste.lojban.org/dict/xaksu?bg=1;langidarg=10"" title=""x1 (事)は x2 (資源 / 材料)を費やす / 使い尽くす"">xaksu</a></li><li><a href=""https://jbovlaste.lojban.org/dict/jelca?bg=1;langidarg=10"" title=""x1 は x2 (温度)・ x3 (気体)において燃える; x1 には可燃性がある"">jelca</a></li>",,"D1::etc","[sound:livla.flac]"
"450f0ef4-aee8-4a2c-8b16-8d569537be28","manci","ˈmanʃi","gismu","<u class=""se_basna"" title=""アクセント"">ma</u>nci","<var>x<sub>1</sub></var> は <var>x<sub>2</sub></var> に畏敬の念を感じる / 驚嘆する; <var>x<sub>1</sub></var> は <var>x<sub>2</sub></var> を摩訶不思議に思う","<li>畏敬</li>","<li>mac</li>","<li>スーパーマン氏に畏敬</li>","<li><a href=""https://jbovlaste.lojban.org/dict/cinmo?bg=1;langidarg=10"" title=""x1 は x2 (感情)を x3 について覚える; x1 は感情的 / ムードに浸っている"">cinmo</a></li><li><a href=""https://jbovlaste.lojban.org/dict/makfa?bg=1;langidarg=10"" title=""x1 は x2 (観点)にとって x3 (者)が掛ける魔法 / 妖術 / 超自然的力"">makfa</a></li><li><a href=""https://jbovlaste.lojban.org/dict/kucli?bg=1;langidarg=10"" title=""x1 は x2 にたいして好奇心がある / 興味を覚える; x1 は詮索好き"">kucli</a></li><li><a href=""https://jbovlaste.lojban.org/dict/spaji?bg=1;langidarg=10"" title=""x1 (事)は x2 にとって驚き / 思いがけない / 不意"">spaji</a></li><li><a href=""https://jbovlaste.lojban.org/dict/cinri?bg=1;langidarg=10"" title=""x1 (事)は x2 の関心を惹く; x2 は x1 に関心がある"">cinri</a></li><li><a href=""https://jbovlaste.lojban.org/dict/banli?bg=1;langidarg=10"" title=""x1 は x2 (性質)に関して x3 (基準)で偉大 / 壮大 / 尊大"">banli</a></li><li><a href=""https://jbovlaste.lojban.org/dict/sisku?bg=1;langidarg=10"" title=""x1 は x2 (性質)を x3 (集合)の中に探し求める / 模索する"">sisku</a></li>",,"D1::etc","[sound:manci.flac]"
"63f6462e-ff94-4a4d-bf94-8716981fd5c3","midju","ˈmidʒu","gismu","<u class=""se_basna"" title=""アクセント"">mi</u>dju","<var>x<sub>1</sub></var> は <var>x<sub>2</sub></var> の中央 / 中心 / 中枢 / 真ん中","<li>中央</li>","<li>mij</li>","<li>ミドル中央</li>","<li><a href=""https://jbovlaste.lojban.org/dict/lanxe?bg=1;langidarg=10"" title=""x1 は x2 (量群)によってバランスがとれている / 平衡 / 均衡状態にある"">lanxe</a></li><li><a href=""https://jbovlaste.lojban.org/dict/jbini?bg=1;langidarg=10"" title=""x1 は x2 (集合)の間に在る、 x3 (性質)に関して; x1 は x2 の中間"">jbini</a></li><li><a href=""https://jbovlaste.lojban.org/dict/nutli?bg=1;langidarg=10"" title=""x1 は x2 (尺度 / 状態関係)において中性 / 中立; x1 を中間点として x2 が対立する"">nutli</a></li><li><a href=""https://jbovlaste.lojban.org/dict/snuji?bg=1;langidarg=10"" title=""x1 は x2 (中身)・ x3 (挟む物)のサンドイッチ"">snuji</a></li><li><a href=""https://jbovlaste.lojban.org/dict/milxe?bg=1;langidarg=10"" title=""x1 は x2 (性質)の点で温和 / 穏やか / まろやか / マイルド; x1 はあまり x2 ではない"">milxe</a></li><li><a href=""https://jbovlaste.lojban.org/dict/denmi?bg=1;langidarg=10"" title=""x1 は x2 (性質)に関して濃厚 / 高密度"">denmi</a></li><li><a href=""https://jbovlaste.lojban.org/dict/ralju?bg=1;langidarg=10"" title=""x1 は x2 (集合)・ x3 (性質)において主要 / 大本"">ralju</a></li>",,"D1::etc","[sound:midju.flac]"
"35f06ad8-0841-4184-801e-e3ae2e593f60","mintu","ˈmintu","gismu","<u class=""se_basna"" title=""アクセント"">mi</u>ntu","<var>x<sub>1</sub></var> は <var>x<sub>2</sub></var> と、 <var>x<sub>3</sub></var> (基準)において同種","<li>同種</li>","<li>mit</li><li>mi'u</li>","<li><みんなツール&gt;</li><li>同種のミントぅ</li>","<li><a href=""https://jbovlaste.lojban.org/dict/panra?bg=1;langidarg=10"" title=""x1 は x2 に、 x3 (性質)の相違を伴いながら、 x4 (基準)において対応する / 並立的である"">panra</a></li><li><a href=""https://jbovlaste.lojban.org/dict/satci?bg=1;langidarg=10"" title=""x1 は x2 (基準)に関して x3 (性質 / 数量)の点で精確"">satci</a></li><li><a href=""https://jbovlaste.lojban.org/dict/mapti?bg=1;langidarg=10"" title=""x1 は x2 にたいして x3 (性質)の点で相応しい / 和合性がある; x1 は x2 に適する / 合う"">mapti</a></li><li><a href=""https://jbovlaste.lojban.org/dict/simsa?bg=1;langidarg=10"" title=""x1 は x2 に、 x3 (性質)の点で似ている / 相似的; x1 は x2 のよう"">simsa</a></li><li><a href=""https://jbovlaste.lojban.org/dict/drata?bg=1;langidarg=10"" title=""x1 は x2 ではない何か、 x3 (基準)において; x1 は他のもの"">drata</a></li><li><a href=""https://jbovlaste.lojban.org/dict/dunli?bg=1;langidarg=10"" title=""x1 は x2 と x3 (性質)に関して同等"">dunli</a></li><li><a href=""https://jbovlaste.lojban.org/dict/du?bg=1;langidarg=10"" title=""同一 : 同一性を表す; x1 は x2 ・ x3 ・・・と同一"">du</a></li><li><a href=""https://jbovlaste.lojban.org/dict/simxu?bg=1;langidarg=10"" title=""x1 (集合)は x2 (事 / 性質)の点で相互的 / 共通し合っている"">simxu</a></li>",,"D1::etc","[sound:mintu.flac]"
"13f762ff-a2ac-4221-b4aa-af91858bf98e","mipri","ˈmipri","gismu","<u class=""se_basna"" title=""アクセント"">mi</u>pri","<var>x<sub>1</sub></var> は <var>x<sub>2</sub></var> を <var>x<sub>3</sub></var> から、 <var>x<sub>4</sub></var> (方法)によって匿う / 隠す / 秘密にする","<li>匿う</li>","<li>mip</li>",,"<li><a href=""https://jbovlaste.lojban.org/dict/stace?bg=1;langidarg=10"" title=""x1 は x2 にたいして、 x3 (事柄)に関して正直 / 誠実 / 率直"">stace</a></li><li><a href=""https://jbovlaste.lojban.org/dict/mifra?bg=1;langidarg=10"" title=""x1 は x2 (元の文字列)が x3 (暗号体系)によって符号化されたもの; x1 は暗号"">mifra</a></li><li><a href=""https://jbovlaste.lojban.org/dict/sivni?bg=1;langidarg=10"" title=""x1 (物 / 事)は x2 (者)にとって内密 / 私的 / プライベート"">sivni</a></li><li><a href=""https://jbovlaste.lojban.org/dict/djuno?bg=1;langidarg=10"" title=""x1 は x2 (命題)・ x3 (題目)を x4 (認識体系)で知る"">djuno</a></li><li><a href=""https://jbovlaste.lojban.org/dict/cirko?bg=1;langidarg=10"" title=""x1 は x2 (物 / 者)を x3 (所)で失う; x1 は x2 (性質)を x3 (状況)で失う"">cirko</a></li><li><a href=""https://jbovlaste.lojban.org/dict/jarco?bg=1;langidarg=10"" title=""x1 は x2 (性質)を x3 (者)に見せる / 表示 / 展示する"">jarco</a></li>",,"D1::etc","[sound:mipri.flac]"
"1aa6d501-b9ad-41ce-a696-d5fb3db08986","munje","ˈmunʒɛ","gismu","<u class=""se_basna"" title=""アクセント"">mu</u>nje","<var>x<sub>1</sub></var> は <var>x<sub>2</sub></var> (領域 / 分野)・ <var>x<sub>3</sub></var> (法則・原理)の世界","<li>世界</li>","<li>muj</li><li>mu'e</li>",,"<li><a href=""https://jbovlaste.lojban.org/dict/ciste?bg=1;langidarg=10"" title=""x1 (lu'o)は構造 x2 を持ち、 x3 (構成要素の集合)からなる、性質 x4 (ka)を示す体系 / システム"">ciste</a></li><li><a href=""https://jbovlaste.lojban.org/dict/plini?bg=1;langidarg=10"" title=""x1 は x2 を周る、 x3 (惑星特性)・ x4 (軌道特性)の惑星"">plini</a></li><li><a href=""https://jbovlaste.lojban.org/dict/kensa?bg=1;langidarg=10"" title=""x1 は x2 (天体 / 領域)の宇宙空間"">kensa</a></li><li><a href=""https://jbovlaste.lojban.org/dict/mulno?bg=1;langidarg=10"" title=""x1 (事)は完了している; x1 は x2 (性質)に関して、 x3 (観点)において包括的 / 総体的"">mulno</a></li>",,"D1::etc","[sound:munje.flac]"
"090f1297-7377-407c-806c-1ed92b90369b","nabmi","ˈnabmi","gismu","<u class=""se_basna"" title=""アクセント"">na</u>bmi","<var>x<sub>1</sub></var> (事)は <var>x<sub>2</sub></var> が遭遇した、 <var>x<sub>3</sub></var> (状況 / 課業)における問題; <var>x<sub>1</sub></var> は <var>x<sub>2</sub></var> に熟考を要する","<li>問題</li>","<li>nam</li>","<li>nayami 悩み</li><li>nanti(難題)</li><li>problem</li>","<li><a href=""https://jbovlaste.lojban.org/dict/preti?bg=1;langidarg=10"" title=""x1 (文字列)は x2 (題目)に関する、 x3 (者)から x4 (者)への質問 / 質疑"">preti</a></li><li><a href=""https://jbovlaste.lojban.org/dict/danfu?bg=1;langidarg=10"" title=""x1 は x2 (質問 / 問題)に対する解答 / 回答 / 返答"">danfu</a></li><li><a href=""https://jbovlaste.lojban.org/dict/ciksi?bg=1;langidarg=10"" title=""x1 (者)は x2 (事 / 状態 / 性質)を x3 (者)に x4 (命題, du'u)で説明 / 弁明 / 解説する"">ciksi</a></li><li><a href=""https://jbovlaste.lojban.org/dict/jijnu?bg=1;langidarg=10"" title=""x1 は x2 (命題)を x3 (題目)について直感する / 勘づく"">jijnu</a></li><li><a href=""https://jbovlaste.lojban.org/dict/jinvi?bg=1;langidarg=10"" title=""x1 は x2 (命題)・ x3 (題目)を、 x4 (根拠)により真であると考える; x1 は x2 だと思う"">jinvi</a></li><li><a href=""https://jbovlaste.lojban.org/dict/nandu?bg=1;langidarg=10"" title=""x1 は x2 にとって、 x3 (条件)のもと難しい / 難関"">nandu</a></li><li><a href=""https://jbovlaste.lojban.org/dict/pensi?bg=1;langidarg=10"" title=""x1 は x2 (概念)について思慮する / 考慮する / 熟考する / 思いを巡らす; x2 は考え深い"">pensi</a></li><li><a href=""https://jbovlaste.lojban.org/dict/sidbo?bg=1;langidarg=10"" title=""x1 (抽象)は x2 (物 / 事)の、 x3 (思考者)による概念 / 観念 / アイディア / コンセプト"">sidbo</a></li><li><a href=""https://jbovlaste.lojban.org/dict/spuda?bg=1;langidarg=10"" title=""x1 は x2 (者 / 物 / 事)に x3 (動作 / 発言)で返信する"">spuda</a></li>",,"D1::etc","[sound:nabmi.flac]"
"46cab4c7-25dc-41a2-90eb-f25b017e9c21","pemci","ˈpɛmʃi","gismu","<u class=""se_basna"" title=""アクセント"">pe</u>mci","<var>x<sub>1</sub></var> は <var>x<sub>2</sub></var> (特徴)・ <var>x<sub>3</sub></var> (作者)・ <var>x<sub>4</sub></var> (読者)の詩","<li>詩</li>","<li>pem</li>","<li>詩はペン無視</li>","<li><a href=""https://jbovlaste.lojban.org/dict/prosa?bg=1;langidarg=10"" title=""x1 は x2 (主題)・ x3 (作者)・ x4 (読者)の散文"">prosa</a></li><li><a href=""https://jbovlaste.lojban.org/dict/rimni?bg=1;langidarg=10"" title=""x1 は x2 (音声)・ x3 (言語 / 音韻論)・ x4 (性質)について韻を踏む"">rimni</a></li><li><a href=""https://jbovlaste.lojban.org/dict/rilti?bg=1;langidarg=10"" title=""x1 は x2 (形態)のリズム / 律動 / 調子 / 拍子"">rilti</a></li><li><a href=""https://jbovlaste.lojban.org/dict/finti?bg=1;langidarg=10"" title=""x1 は x2 を x3 (目的 / 機能)のために x4 (既存要素)から創る / 発明する / 著する; x1 は創作的"">finti</a></li><li><a href=""https://jbovlaste.lojban.org/dict/lisri?bg=1;langidarg=10"" title=""x1 は x2 (題目 / 筋書 / 教訓)の、 x3 (作者)から x4 (聴者)への物語 / 説話"">lisri</a></li><li><a href=""https://jbovlaste.lojban.org/dict/sanga?bg=1;langidarg=10"" title=""x1 は x2 (音楽)を x3 (聴衆)に歌う / 詠唱する"">sanga</a></li>",,"D1::etc","[sound:pemci.flac]"
"cf4095ab-1949-4bb7-a0aa-4b176892d392","pinsi","ˈpinsi","gismu","<u class=""se_basna"" title=""アクセント"">pi</u>nsi","<var>x<sub>1</sub></var> は <var>x<sub>2</sub></var> (素材)の鉛筆 / クレヨン","<li>鉛筆</li>","<li>pis</li>","<li>ペンスィル</li>","<li><a href=""https://jbovlaste.lojban.org/dict/ciska?bg=1;langidarg=10"" title=""x1 は x2 (文字列)を x3 (媒体)に x4 (道具)で書く"">ciska</a></li><li><a href=""https://jbovlaste.lojban.org/dict/penbi?bg=1;langidarg=10"" title=""x1 は x2 (インク)の、手順 x3 に従って使われるペン・筆"">penbi</a></li><li><a href=""https://jbovlaste.lojban.org/dict/burcu?bg=1;langidarg=10"" title=""x1 は x2 (用途)・ x3 (毛状物)のブラシ / はけ / モップ / 毛筆"">burcu</a></li><li><a href=""https://jbovlaste.lojban.org/dict/bakri?bg=1;langidarg=10"" title=""x1 は x2 (起源)・ x3 (形状)のチョーク"">bakri</a></li>",,"D1::etc","[sound:pinsi.flac]"
"59e86580-e5ef-4277-b2f1-1acb964701d5","platu","pˈlatu","gismu","p<u class=""se_basna"" title=""アクセント"">la</u>tu","<var>x<sub>1</sub></var> (者)は <var>x<sub>2</sub></var> (物 / 事)を <var>x<sub>3</sub></var> (事)のために計画 / 設計 / デザインする / 企てる","<li>計画</li>","<li>pla</li>",,"<li><a href=""https://jbovlaste.lojban.org/dict/cartu?bg=1;langidarg=10"" title=""x1 は x2 に関する、 x3 (特性)の図表 / 見取り図 / 図式 / 地図 / ダイヤグラム / グラフ / 予定表"">cartu</a></li>",,"D1::etc","[sound:platu.flac]"
"11c819af-8bb7-4866-9f0d-c464869e02d1","plipe","pˈlipɛ","gismu","p<u class=""se_basna"" title=""アクセント"">li</u>pe","<var>x<sub>1</sub></var> (者 / 物)は <var>x<sub>2</sub></var> (終点)に <var>x<sub>3</sub></var> (起点)から <var>x<sub>4</sub></var> (高さ)ほど <var>x<sub>5</sub></var> (動力)によって跳躍 / ジャンプする","<li>跳躍</li>","<li>pip</li><li>pi'e</li>",,"<li><a href=""https://jbovlaste.lojban.org/dict/bajra?bg=1;langidarg=10"" title=""x1 は x2 (表面)を x3 (肢)・ x4 (調子)で走る"">bajra</a></li><li><a href=""https://jbovlaste.lojban.org/dict/stapa?bg=1;langidarg=10"" title=""x1 は x2 を x3 で踏む"">stapa</a></li><li><a href=""https://jbovlaste.lojban.org/dict/cpare?bg=1;langidarg=10"" title=""x1 は x2 (対象)を x3 (方向)・ x4 (手段)で登る"">cpare</a></li><li><a href=""https://jbovlaste.lojban.org/dict/lafti?bg=1;langidarg=10"" title=""x1 (力)は x2 (対象本体)・ x3 (対象箇所)を x4 (重力)に対して持ち上げる / 拾う / すくう"">lafti</a></li>",,"D1::etc","[sound:plipe.flac]"
"e24f346a-28b3-4464-ba47-ac7eae3b83f3","ralju","ˈralʒu","gismu","<u class=""se_basna"" title=""アクセント"">ra</u>lju","<var>x<sub>1</sub></var> は <var>x<sub>2</sub></var> (集合)・ <var>x<sub>3</sub></var> (性質)において主要 / 大本","<li>主要</li>","<li>ral</li>",,"<li><a href=""https://jbovlaste.lojban.org/dict/vajni?bg=1;langidarg=10"" title=""x1 (物 / 事)は x2 (人 / 事)にとって、 x3 (性質 / 理由)に関して重要 / 大事"">vajni</a></li><li><a href=""https://jbovlaste.lojban.org/dict/te?bg=1;langidarg=10"" title=""x1-x3 転換 : selbri の左に付いてPSの x1 と x3 を転換する"">te</a> <a href=""https://jbovlaste.lojban.org/dict/bende?bg=1;langidarg=10"" title=""x1 は x2 (者達)・ x3 (引率者)からなる、 x4 (目的)のための仲間 / チーム / 乗組員 / バンド / 班"">bende</a></li><li><a href=""https://jbovlaste.lojban.org/dict/minde?bg=1;langidarg=10"" title=""x1 は x2 (者)に x3 (事)が起こるよう / を行うよう命令 / 指令 / 指図する"">minde</a></li><li><a href=""https://jbovlaste.lojban.org/dict/lidne?bg=1;langidarg=10"" title=""x1 は x2 を、 x3 (序列)において先行する / 先立つ / 率先する; x2 は x1 に続く; x1 は前者; x2 は後者"">lidne</a></li><li><a href=""https://jbovlaste.lojban.org/dict/jatna?bg=1;langidarg=10"" title=""x1 は x2 (活動領域 / 権限範疇)における指揮者 / 指導者 / 首領 / 長 / リーダー / キャプテン"">jatna</a></li><li><a href=""https://jbovlaste.lojban.org/dict/jitro?bg=1;langidarg=10"" title=""x1 は x2 を x3 (動作 / 事)に関して制御 / 指揮 / 引率する"">jitro</a></li><li><a href=""https://jbovlaste.lojban.org/dict/gidva?bg=1;langidarg=10"" title=""x1 (者 / 物 / 事)は x2 (者)を x3 (事)について案内する"">gidva</a></li><li><a href=""https://jbovlaste.lojban.org/dict/midju?bg=1;langidarg=10"" title=""x1 は x2 の中央 / 中心 / 中枢 / 真ん中"">midju</a></li>",,"D1::etc","[sound:ralju.flac]"
"67db07f9-2e8b-41f3-b198-5c746b1fde59","rapli","ˈrapli","gismu","<u class=""se_basna"" title=""アクセント"">ra</u>pli","<var>x<sub>1</sub></var> (動作)は <var>x<sub>2</sub></var> (回数)にわたって繰り返す / 循環 / 反復する","<li>繰り返す</li>","<li>rap</li>","<li>repeat</li><li>liu(屢)</li>","<li><a href=""https://jbovlaste.lojban.org/dict/roi?bg=1;langidarg=10"" title=""回テンス : 数量詞の後に付いて頻度回数を表す相制詞となる"">roi</a></li><li><a href=""https://jbovlaste.lojban.org/dict/cafne?bg=1;langidarg=10"" title=""x1 (事)は x2 (基準)において頻繁 / しょっちゅう / 頻発する / よくある"">cafne</a></li><li><a href=""https://jbovlaste.lojban.org/dict/krefu?bg=1;langidarg=10"" title=""x1 (事)は x2 (事)の x3 (数)度目の繰り返し / 再発; x2 は繰り返す"">krefu</a></li><li><a href=""https://jbovlaste.lojban.org/dict/fukpi?bg=1;langidarg=10"" title=""x1 は x2 (対象)の、 x3 (媒体 / 形態)への、 x4 (方法)による複製 / コピー / レプリカ / クローン"">fukpi</a></li><li><a href=""https://jbovlaste.lojban.org/dict/pilji?bg=1;langidarg=10"" title=""x1 は x2 ・ x3 を乗算したもの; x2 かける x3 は x1"">pilji</a></li><li><a href=""https://jbovlaste.lojban.org/dict/xruti?bg=1;langidarg=10"" title=""x1 (者)は x2 (対象)を x3 に x4 から戻す / 返す; x2 は x3 に戻る / 帰る"">xruti</a></li>",,"D1::etc","[sound:rapli.flac]"
"ab993ba0-b965-43c7-b2d4-0f4f1cb3243f","rectu","ˈrɛʃtu","gismu","<u class=""se_basna"" title=""アクセント"">re</u>ctu","<var>x<sub>1</sub></var> は <var>x<sub>2</sub></var> (生体)の肉","<li>肉</li>","<li>rec</li><li>re'u</li>",,"<li><a href=""https://jbovlaste.lojban.org/dict/sluji?bg=1;langidarg=10"" title=""x1 は x2 (機能対象)・ x3 (本体)の筋肉"">sluji</a></li>",,"D1::etc","[sound:rectu.flac]"
"f3ffbed1-e912-4346-b55d-4bf4f1905a89","sanga","ˈsanga","gismu","<u class=""se_basna"" title=""アクセント"">sa</u>nga","<var>x<sub>1</sub></var> は <var>x<sub>2</sub></var> (音楽)を <var>x<sub>3</sub></var> (聴衆)に歌う / 詠唱する","<li>歌う</li>","<li>sag</li><li>sa'a</li>","<li>Aさんが歌う</li>","<li><a href=""https://jbovlaste.lojban.org/dict/pemci?bg=1;langidarg=10"" title=""x1 は x2 (特徴)・ x3 (作者)・ x4 (読者)の詩"">pemci</a></li><li><a href=""https://jbovlaste.lojban.org/dict/rimni?bg=1;langidarg=10"" title=""x1 は x2 (音声)・ x3 (言語 / 音韻論)・ x4 (性質)について韻を踏む"">rimni</a></li><li><a href=""https://jbovlaste.lojban.org/dict/rilti?bg=1;langidarg=10"" title=""x1 は x2 (形態)のリズム / 律動 / 調子 / 拍子"">rilti</a></li><li><a href=""https://jbovlaste.lojban.org/dict/siclu?bg=1;langidarg=10"" title=""x1 は x2 (音)をさえずる"">siclu</a></li>",,"D1::etc","[sound:sanga.flac]"
"b8aa16e0-fc31-4fc5-ab02-177b50726a1d","sarcu","ˈsarʃu","gismu","<u class=""se_basna"" title=""アクセント"">sa</u>rcu","<var>x<sub>1</sub></var> (抽象)は <var>x<sub>2</sub></var> (状態 / 過程)のために <var>x<sub>3</sub></var> (条件)のもと必須 / 欠かせない","<li>必須</li>","<li>sa'u</li>",,"<li><a href=""https://jbovlaste.lojban.org/dict/sau?bg=1;langidarg=10"" title=""〜を必要として / 〜が必須で : sarcu 法制詞, x1"">sau</a></li><li><a href=""https://jbovlaste.lojban.org/dict/nitcu?bg=1;langidarg=10"" title=""x1 は x2 を x3 (目的 / 行動)のために要する; x2 が x1 には必要"">nitcu</a></li>","<div class=""mupli""><p lang=""jbo"">lo nu sipna cu sarcu lo pu'u banro kei lo ka remna</p><p lang=""ja"">ヒトであれば成長のためには睡眠が不可欠</p></div>","D1::etc","[sound:sarcu.flac]"
"27ca1dbd-056d-4a66-9de9-b5197002dbcd","sinma","ˈsinma","gismu","<u class=""se_basna"" title=""アクセント"">si</u>nma","<var>x<sub>1</sub></var> は <var>x<sub>2</sub></var> を尊重・尊敬する; <var>x<sub>2</sub></var> は尊い","<li>尊敬</li><li>尊い</li>","<li>si'a</li>","<li>スィンマセン、尊敬してます</li>","<li><a href=""https://jbovlaste.lojban.org/dict/banli?bg=1;langidarg=10"" title=""x1 は x2 (性質)に関して x3 (基準)で偉大 / 壮大 / 尊大"">banli</a></li><li><a href=""https://jbovlaste.lojban.org/dict/censa?bg=1;langidarg=10"" title=""x1 は x2 (者 / 文化 / 宗教 / グループ)にとって神聖 / 冒すことができない; x2 は x1 を神聖視する"">censa</a></li><li><a href=""https://jbovlaste.lojban.org/dict/misno?bg=1;langidarg=10"" title=""x1 (人 / 物 / 事)は x2 (群)の間で有名"">misno</a></li><li><a href=""https://jbovlaste.lojban.org/dict/nelci?bg=1;langidarg=10"" title=""x1 は x2 (物 / 事)を好む / 好き / 気に入っている"">nelci</a></li><li><a href=""https://jbovlaste.lojban.org/dict/prami?bg=1;langidarg=10"" title=""x1 は x2 を愛する / にたいして愛情が湧く"">prami</a></li><li><a href=""https://jbovlaste.lojban.org/dict/salci?bg=1;langidarg=10"" title=""x1 は x2 (事)を x3 (行動)で祝う / 礼拝する"">salci</a></li><li><a href=""https://jbovlaste.lojban.org/dict/jgira?bg=1;langidarg=10"" title=""x1 (者)は x2 (事)について誇る / 誇りがある; x1 はプライドが高い"">jgira</a></li>",,"D1::etc","[sound:sinma.flac]"
"32a08540-933c-4a4f-b633-764c842d49d5","skami","sˈkami","gismu","s<u class=""se_basna"" title=""アクセント"">ka</u>mi","<var>x<sub>1</sub></var> は <var>x<sub>2</sub></var> (目的 / 機能)のコンピュータ","<li>コンピュータ</li>","<li>sam</li>",,"<li><a href=""https://jbovlaste.lojban.org/dict/kanji?bg=1;langidarg=10"" title=""x1 は x2 (数量 / 事)を x3 (データ)から x4 (過程 / 手段)によって計算する / 算出する"">kanji</a></li><li><a href=""https://jbovlaste.lojban.org/dict/minji?bg=1;langidarg=10"" title=""x1 は x2 (機能 / 用途)の機械"">minji</a></li><li><a href=""https://jbovlaste.lojban.org/dict/pensi?bg=1;langidarg=10"" title=""x1 は x2 (概念)について思慮する / 考慮する / 熟考する / 思いを巡らす; x2 は考え深い"">pensi</a></li>",,"D1::etc","[sound:skami.flac]"
"91b77b6f-19dd-4e4e-9a51-0960588529dc","skicu","sˈkiʃu","gismu","s<u class=""se_basna"" title=""アクセント"">ki</u>cu","<var>x<sub>1</sub></var> (者)は <var>x<sub>2</sub></var> (物 / 事 / 状態)を <var>x<sub>3</sub></var> (者)に <var>x<sub>4</sub></var> (表現 / 文字列)によって描写 / 叙述する","<li>描写</li>","<li>ski</li>",,"<li><a href=""https://jbovlaste.lojban.org/dict/lisri?bg=1;langidarg=10"" title=""x1 は x2 (題目 / 筋書 / 教訓)の、 x3 (作者)から x4 (聴者)への物語 / 説話"">lisri</a></li><li><a href=""https://jbovlaste.lojban.org/dict/tavla?bg=1;langidarg=10"" title=""x1 (者)は x2 (者)に x3 (題目)について x4 (言語)で話す / 語る"">tavla</a></li>",,"D1::etc","[sound:skicu.flac]"
"16a3f23e-a8e5-40a7-babd-20eabb8f5a5f","sovda","ˈsovda","gismu","<u class=""se_basna"" title=""アクセント"">so</u>vda","<var>x<sub>1</sub></var> は <var>x<sub>2</sub></var> (生体)の卵 / 卵子 / 花粉 / 配偶子","<li>卵</li>","<li>sov</li><li>so'a</li>","<li>ソヴダ、卵を食べよう</li>","<li><a href=""https://jbovlaste.lojban.org/dict/ganti?bg=1;langidarg=10"" title=""x1 は x2 (本体)・ x3 (性別)の睾丸 / 精巣 / 卵巣 / 子房 / 陰嚢(いんのう)/ 生殖腺 / 性腺 / 雄ずい / 雄しべ / 雌ずい / 雌しべ"">ganti</a></li><li><a href=""https://jbovlaste.lojban.org/dict/gutra?bg=1;langidarg=10"" title=""x1 は x2 (本体)の子宮"">gutra</a></li><li><a href=""https://jbovlaste.lojban.org/dict/mamta?bg=1;langidarg=10"" title=""x1 は x2 の母親; x1 は母性的"">mamta</a></li><li><a href=""https://jbovlaste.lojban.org/dict/patfu?bg=1;langidarg=10"" title=""x1 は x2 の父親"">patfu</a></li><li><a href=""https://jbovlaste.lojban.org/dict/rorci?bg=1;langidarg=10"" title=""x1 は x2 (子)を x3 との間にもうける"">rorci</a></li><li><a href=""https://jbovlaste.lojban.org/dict/tsiju?bg=1;langidarg=10"" title=""x1 は x2 (有機体)の x3 (子)になる種 / 種子 / 胞子 / 芽胞 / 生殖細胞"">tsiju</a></li><li><a href=""https://jbovlaste.lojban.org/dict/lanbi?bg=1;langidarg=10"" title=""x1 は x2 (種類)のたんぱく質 / アルブミン"">lanbi</a></li><li><a href=""https://jbovlaste.lojban.org/dict/tarbi?bg=1;langidarg=10"" title=""x1 は x2 (母)・ x3 (父)による胎芽 / 胎児 / 胚芽 / 接合体"">tarbi</a></li><li><a href=""https://jbovlaste.lojban.org/dict/djine?bg=1;langidarg=10"" title=""x1 は x2 (内直径)・ x3 (外直径)の環 / 輪 / 円; x1 は環状 / 円環面状"">djine</a></li><li><a href=""https://jbovlaste.lojban.org/dict/konju?bg=1;langidarg=10"" title=""x1 は x2 を頂点とする錐 / 円錐"">konju</a></li><li><a href=""https://jbovlaste.lojban.org/dict/tarbi?bg=1;langidarg=10"" title=""x1 は x2 (母)・ x3 (父)による胎芽 / 胎児 / 胚芽 / 接合体"">tarbi</a></li>",,"D1::etc","[sound:sovda.flac]"
"6d9b4e43-dc69-4b87-83f9-9fe5b8055d46","spofu","sˈpofu","gismu","s<u class=""se_basna"" title=""アクセント"">po</u>fu","<var>x<sub>1</sub></var> は <var>x<sub>2</sub></var> (機能)に関して故障している / 使用不可能","<li>故障</li>","<li>pof</li><li>po'u</li>",,"<li><a href=""https://jbovlaste.lojban.org/dict/daspo?bg=1;langidarg=10"" title=""x1 (事)は x2 を破壊する / 破滅させる / 倒す; x1 は破壊的"">daspo</a></li><li><a href=""https://jbovlaste.lojban.org/dict/katna?bg=1;langidarg=10"" title=""x1 (用具 / 刃 / 力)は x2 を切って x3 (部分)にする"">katna</a></li><li><a href=""https://jbovlaste.lojban.org/dict/porpi?bg=1;langidarg=10"" title=""x1 は砕けて / 壊れて x2 (破片)になる"">porpi</a></li><li><a href=""https://jbovlaste.lojban.org/dict/se?bg=1;langidarg=10"" title=""x1-x2 転換 : selbri の左に付いてPSの x1 と x2 を転換する"">se</a> <a href=""https://jbovlaste.lojban.org/dict/xrani?bg=1;langidarg=10"" title=""x1 (事)は x2 (対象)に、 x3 (性質)に関して x4 (損傷 / ダメージ)を与える; x1 は x2 を傷つける / 傷める / 損害する"">xrani</a></li><li><a href=""https://jbovlaste.lojban.org/dict/cikre?bg=1;langidarg=10"" title=""x1 は x2 を x3 (使用)のために修理 / 修復 / 修繕する / 直す"">cikre</a></li>",,"D1::etc","[sound:spofu.flac]"
"d9777bc9-9ec9-4211-83c1-02f28be2674e","sruri","sˈruri","gismu","s<u class=""se_basna"" title=""アクセント"">ru</u>ri","<var>x<sub>1</sub></var> は <var>x<sub>2</sub></var> を <var>x<sub>3</sub></var> (方向 / 次元 / 面)に関して包囲する / 取り囲む","<li>包囲</li>","<li>rur</li><li>sru</li>","<li>包囲をするりと抜ける</li>","<li><a href=""https://jbovlaste.lojban.org/dict/karli?bg=1;langidarg=10"" title=""x1 は x2 を取り巻く、 x3 (素材)の襟 / ベルト部"">karli</a></li><li><a href=""https://jbovlaste.lojban.org/dict/senta?bg=1;langidarg=10"" title=""x1 は x2 (素材)・ x3 (構造)の層 / レイヤー"">senta</a></li><li><a href=""https://jbovlaste.lojban.org/dict/snuji?bg=1;langidarg=10"" title=""x1 は x2 (中身)・ x3 (挟む物)のサンドイッチ"">snuji</a></li><li><a href=""https://jbovlaste.lojban.org/dict/vanbi?bg=1;langidarg=10"" title=""x1 (個 / 群)は x2 の環境 / 周囲 / 文脈 / 雰囲気"">vanbi</a></li><li><a href=""https://jbovlaste.lojban.org/dict/se?bg=1;langidarg=10"" title=""x1-x2 転換 : selbri の左に付いてPSの x1 と x2 を転換する"">se</a> <a href=""https://jbovlaste.lojban.org/dict/nenri?bg=1;langidarg=10"" title=""x1 は x2 の中(にある); x1 は内部 / 内側; x2 は x1 を内蔵する"">nenri</a></li><li><a href=""https://jbovlaste.lojban.org/dict/se?bg=1;langidarg=10"" title=""x1-x2 転換 : selbri の左に付いてPSの x1 と x2 を転換する"">se</a> <a href=""https://jbovlaste.lojban.org/dict/jbini?bg=1;langidarg=10"" title=""x1 は x2 (集合)の間に在る、 x3 (性質)に関して; x1 は x2 の中間"">jbini</a></li><li><a href=""https://jbovlaste.lojban.org/dict/bartu?bg=1;langidarg=10"" title=""x1 は x2 の外 / 外部 / 外側"">bartu</a></li><li><a href=""https://jbovlaste.lojban.org/dict/djine?bg=1;langidarg=10"" title=""x1 は x2 (内直径)・ x3 (外直径)の環 / 輪 / 円; x1 は環状 / 円環面状"">djine</a></li>",,"D1::etc","[sound:sruri.flac]"
"659450aa-9a9c-4273-b979-99d4af945c5b","tatpi","ˈtatpi","gismu","<u class=""se_basna"" title=""アクセント"">ta</u>tpi","<var>x<sub>1</sub></var> は <var>x<sub>2</sub></var> (事)によって疲労 / 疲弊している / 疲れている","<li>疲弊</li>","<li>ta'i</li>",,"<li><a href=""https://jbovlaste.lojban.org/dict/cikna?bg=1;langidarg=10"" title=""x1 は目覚めている"">cikna</a></li><li><a href=""https://jbovlaste.lojban.org/dict/sipna?bg=1;langidarg=10"" title=""x1 は寝ている; x1 は眠る"">sipna</a></li><li><a href=""https://jbovlaste.lojban.org/dict/surla?bg=1;langidarg=10"" title=""x1 は x2 (動作)に関してくつろぐ / リラックスする"">surla</a></li>",,"D1::etc","[sound:tatpi.flac]"
"3a80a5ba-d927-4802-862b-b62c32c32a83","tcena","ˈtʃɛna","gismu","<u class=""se_basna"" title=""アクセント"">tce</u>na","<var>x<sub>1</sub></var> は <var>x<sub>2</sub></var> (範囲)にわたり <var>x<sub>3</sub></var> (次元)において <var>x<sub>4</sub></var> (通常の範囲)から伸びる / 拡張する","<li>伸びる</li>","<li>ten</li>","<li>cen(伸)</li><li>extend</li>","<li><a href=""https://jbovlaste.lojban.org/dict/kuspe?bg=1;langidarg=10"" title=""x1 は x2 (間隔 / 領域)にわたる; x2 は x1 の範囲 / 範疇"">kuspe</a></li><li><a href=""https://jbovlaste.lojban.org/dict/pruni?bg=1;langidarg=10"" title=""x1 は弾性がある / 柔らかい / 伸縮可能"">pruni</a></li><li><a href=""https://jbovlaste.lojban.org/dict/preja?bg=1;langidarg=10"" title=""x1 は x2 (拡張範囲)に x3 (初期範囲)から広がる"">preja</a></li><li><a href=""https://jbovlaste.lojban.org/dict/ranji?bg=1;langidarg=10"" title=""x1 (事 / 性質)は x2 (時間 / 期間)にわたって継続する / 続く"">ranji</a></li><li><a href=""https://jbovlaste.lojban.org/dict/trati?bg=1;langidarg=10"" title=""x1 は x2 (方向)に張っている"">trati</a></li>",,"D1::etc","[sound:tcena.flac]"
"1dc6c136-f698-4def-8900-a7debf593278","tcita","ˈtʃita","gismu","<u class=""se_basna"" title=""アクセント"">tci</u>ta","<var>x<sub>1</sub></var> は <var>x<sub>2</sub></var> の <var>x<sub>3</sub></var> (情報)を表す札 / タグ","<li>札</li>",,"<li>ciiru シール</li><li>tag タグ</li>","<li><a href=""https://jbovlaste.lojban.org/dict/sinxa?bg=1;langidarg=10"" title=""x1 は x2 (意味 / 指示対象)の、 x3 (者)にたいする記号 / 表象 / 象形 / 象徴 / サイン / シンボル"">sinxa</a></li><li><a href=""https://jbovlaste.lojban.org/dict/cmene?bg=1;langidarg=10"" title=""x1 (文字列)は x2 の、 x3 (者)による名称; x3 は x2 を x1 と呼ぶ; x2 は x1 と呼ばれている"">cmene</a></li><li><a href=""https://jbovlaste.lojban.org/dict/judri?bg=1;langidarg=10"" title=""x1 は x2 の、 x3 (体系)における住所 / 宛先"">judri</a></li>",,"D1::etc","[sound:tcita.flac]"
"565db913-f19b-48e5-ad0b-bb63d541a76e","vacri","ˈvaʃri","gismu","<u class=""se_basna"" title=""アクセント"">va</u>cri","<var>x<sub>1</sub></var> は <var>x<sub>2</sub></var> (領域 / 惑星)・ <var>x<sub>3</sub></var> (成分)の空気 / 大気","<li>空気</li>","<li>var</li>","<li>taiki 大気</li>","<li><a href=""https://jbovlaste.lojban.org/dict/gapci?bg=1;langidarg=10"" title=""x1 は x2 (成分)・ x3 (条件)の気体 / ガス"">gapci</a></li><li><a href=""https://jbovlaste.lojban.org/dict/kijno?bg=1;langidarg=10"" title=""x1 は酸素(O)"">kijno</a></li><li><a href=""https://jbovlaste.lojban.org/dict/trano?bg=1;langidarg=10"" title=""x1 は窒素(N)"">trano</a></li><li><a href=""https://jbovlaste.lojban.org/dict/tumla?bg=1;langidarg=10"" title=""x1 は x2 (位置)における陸 / 大地の広がり"">tumla</a></li><li><a href=""https://jbovlaste.lojban.org/dict/vasxu?bg=1;langidarg=10"" title=""x1 は x2 (気体)を吸う / 吐く"">vasxu</a></li><li><a href=""https://jbovlaste.lojban.org/dict/xamsi?bg=1;langidarg=10"" title=""x1 は x2 (領域 / 惑星)・ x3 (液体成分)の海 / 海洋"">xamsi</a></li>",,"D1::etc","[sound:vacri.flac]"
"33488885-0b46-4d4f-90ab-87d177178f4c","vajni","ˈvaʒni","gismu","<u class=""se_basna"" title=""アクセント"">va</u>jni","<var>x<sub>1</sub></var> (物 / 事)は <var>x<sub>2</sub></var> (人 / 事)にとって、 <var>x<sub>3</sub></var> (性質 / 理由)に関して重要 / 大事","<li>重要</li>","<li>vaj</li><li>vai</li>",,"<li><a href=""https://jbovlaste.lojban.org/dict/banli?bg=1;langidarg=10"" title=""x1 は x2 (性質)に関して x3 (基準)で偉大 / 壮大 / 尊大"">banli</a></li><li><a href=""https://jbovlaste.lojban.org/dict/ralju?bg=1;langidarg=10"" title=""x1 は x2 (集合)・ x3 (性質)において主要 / 大本"">ralju</a></li><li><a href=""https://jbovlaste.lojban.org/dict/vamji?bg=1;langidarg=10"" title=""x1 (数量 / 性質)は x2 (物 / 事)の、 x3 (観点)・ x4 (用途 / 査定)における価値; x2 は x3 にとって x1 の値打ちがある"">vamji</a></li><li><a href=""https://jbovlaste.lojban.org/dict/dirba?bg=1;langidarg=10"" title=""x1 は x2 (者)にとって貴重 / あいらしい / 大切"">dirba</a></li><li><a href=""https://jbovlaste.lojban.org/dict/kargu?bg=1;langidarg=10"" title=""x1 (物 / 性質 / 事)は x2 (者)・ x3 (基準)にとって高価 / 高額 / 高級"">kargu</a></li><li><a href=""https://jbovlaste.lojban.org/dict/pajni?bg=1;langidarg=10"" title=""x1 は x2 (抽象(事 / 性質 / 量 / 真理値))について判断する / 審判する / 仲裁する"">pajni</a></li>",,"D1::etc","[sound:vajni.flac]"
"7e36cabf-92a0-49db-a2a6-9c70cf0624f8","vasxu","ˈvasxu","gismu","<u class=""se_basna"" title=""アクセント"">va</u>sxu","<var>x<sub>1</sub></var> は <var>x<sub>2</sub></var> (気体)を吸う / 吐く","<li>呼吸</li>","<li>vax</li><li>va'u</li>",,"<li><a href=""https://jbovlaste.lojban.org/dict/fepri?bg=1;langidarg=10"" title=""x1 は x2 (本体)の肺 / 呼吸器官"">fepri</a></li><li><a href=""https://jbovlaste.lojban.org/dict/kijno?bg=1;langidarg=10"" title=""x1 は酸素(O)"">kijno</a></li><li><a href=""https://jbovlaste.lojban.org/dict/vacri?bg=1;langidarg=10"" title=""x1 は x2 (領域 / 惑星)・ x3 (成分)の空気 / 大気"">vacri</a></li>",,"D1::etc","[sound:vasxu.flac]"
"d26b702f-53d1-46de-ac4c-2c0bed87e953","vimcu","ˈvimʃu","gismu","<u class=""se_basna"" title=""アクセント"">vi</u>mcu","<var>x<sub>1</sub></var> は <var>x<sub>2</sub></var> を <var>x<sub>3</sub></var> から、 <var>x<sub>4</sub></var> だけ残して除去 / 控除する / 差し引く","<li>除去</li>","<li>vic</li><li>vi'u</li>","<li>ビームでシュッと消去</li>","<li><a href=""https://jbovlaste.lojban.org/dict/lebna?bg=1;langidarg=10"" title=""x1 は x2 (物 / 性質)を x3 (者)から取る / 得る / 奪う / 盗む / 取り除く / 没収 / 着服する"">lebna</a></li><li><a href=""https://jbovlaste.lojban.org/dict/muvdu?bg=1;langidarg=10"" title=""x1 (物)は x2 (終点)に x3 (始点)から x4 (経路)にわたって動く; x1 は動的"">muvdu</a></li><li><a href=""https://jbovlaste.lojban.org/dict/cpacu?bg=1;langidarg=10"" title=""x1 は x2 (対象)を x3 (起源)から入手する"">cpacu</a></li><li><a href=""https://jbovlaste.lojban.org/dict/canci?bg=1;langidarg=10"" title=""x1 は x2 (所 / 視界)から消える"">canci</a></li><li><a href=""https://jbovlaste.lojban.org/dict/cliva?bg=1;langidarg=10"" title=""x1 は x2 から x3 (経路)によって離れる / 発つ / 別れる / 去る; x1 は x2 を残す"">cliva</a></li><li><a href=""https://jbovlaste.lojban.org/dict/jdika?bg=1;langidarg=10"" title=""x1 は x2 (性質)に関して x3 (数量)ほど減る"">jdika</a></li>",,"D1::etc","[sound:vimcu.flac]"
"124b07fd-3094-420e-abda-147293de0c2b","vindu","ˈvindu","gismu","<u class=""se_basna"" title=""アクセント"">vi</u>ndu","<var>x<sub>1</sub></var> は <var>x<sub>2</sub></var> にとって毒 / 中毒性がある","<li>毒</li>","<li>vid</li>","<li>doku</li>","<li><a href=""https://jbovlaste.lojban.org/dict/since?bg=1;langidarg=10"" title=""x1 は x2 (種類)のヘビ亜目動物(コブラ / ボア / ニシキヘビ等)"">since</a></li>",,"D1::etc","[sound:vindu.flac]"
"f64bee1c-24d0-4719-9d6a-1e4611a71f13","xabju","ˈxabʒu","gismu","<u class=""se_basna"" title=""アクセント"">xa</u>bju","<var>x<sub>1</sub></var> は <var>x<sub>2</sub></var> (所)に住む / 暮らす / 棲息 / 生息する","<li>住む</li>","<li>xa'u</li>","<li>juu 住 </li><li>habit</li><li>ju(住)</li>","<li><a href=""https://jbovlaste.lojban.org/dict/ginka?bg=1;langidarg=10"" title=""x1 は x2 (居住者)・ x3 (所)の野営 / キャンプ / 仮設住居"">ginka</a></li><li><a href=""https://jbovlaste.lojban.org/dict/zdani?bg=1;langidarg=10"" title=""x1 は x2 の(ための)巣 / 家 / ねぐら / アジト"">zdani</a></li><li><a href=""https://jbovlaste.lojban.org/dict/zvati?bg=1;langidarg=10"" title=""x1 (物 / 事)が x2 (事 / 所)に居る / 在る"">zvati</a></li><li><a href=""https://jbovlaste.lojban.org/dict/stuzi?bg=1;langidarg=10"" title=""x1 は x2 (物 / 事)の本質的 / 恒久的な場所 / 現場"">stuzi</a></li><li><a href=""https://jbovlaste.lojban.org/dict/jmive?bg=1;langidarg=10"" title=""x1 は x2 (観点 / 基準)において生きている; x1 は生物 / 生体 / 有機体"">jmive</a></li><li><a href=""https://jbovlaste.lojban.org/dict/stali?bg=1;langidarg=10"" title=""x1 は x2 (場 / 性質 / 状態)に留まる"">stali</a></li><li><a href=""https://jbovlaste.lojban.org/dict/vitke?bg=1;langidarg=10"" title=""x1 は x2 (者)・ x3 (所 / 事)の客; x1 は x2 ・ x3 を訪れる"">vitke</a></li>","<div class=""mupli""><p lang=""jbo"">.ausai mi xabju lo stuzi be lo glajau jinto</p><p lang=""ja"">私はどうでも温泉所在地に草庵を結びたい</p></div>","D1::etc","[sound:xabju.flac]"
"dab98931-ba1b-41ef-9944-ffeeb694f99d","xagji","ˈxagʒi","gismu","<u class=""se_basna"" title=""アクセント"">xa</u>gji","<var>x<sub>1</sub></var> は <var>x<sub>2</sub></var> に飢える; <var>x<sub>1</sub></var> は腹をすかしている / おなかがへっている; <var>x<sub>1</sub></var> は <var>x<sub>2</sub></var> (燃料 / 栄養)の補充を必要としている","<li>飢える</li>",,"<li>各自飢えている</li>","<li><a href=""https://jbovlaste.lojban.org/dict/cidja?bg=1;langidarg=10"" title=""x1 は x2 (摂食者)のための食べ物 / 食糧 / 餌; x1 は x2 に栄養価を与える; x1 は食用"">cidja</a></li><li><a href=""https://jbovlaste.lojban.org/dict/citka?bg=1;langidarg=10"" title=""x1 は x2 を食べる"">citka</a></li><li><a href=""https://jbovlaste.lojban.org/dict/djica?bg=1;langidarg=10"" title=""x1 は x2 (事)を x3 (目的)のために欲する / 求める; x1 は x3 (目的)のために x2 (事)という欲求を満たしたい"">djica</a></li><li><a href=""https://jbovlaste.lojban.org/dict/nitcu?bg=1;langidarg=10"" title=""x1 は x2 を x3 (目的 / 行動)のために要する; x2 が x1 には必要"">nitcu</a></li><li><a href=""https://jbovlaste.lojban.org/dict/taske?bg=1;langidarg=10"" title=""x1 は(喉の)渇きを感じる; x1 は渇きで x2 を求める"">taske</a></li>",,"D1::etc","[sound:xagji.flac]"
"fba07872-ec6c-4159-bf61-f32bbd8ea8e5","xenru","ˈxɛnru","gismu","<u class=""se_basna"" title=""アクセント"">xe</u>nru","<var>x<sub>1</sub></var> は <var>x<sub>2</sub></var> (事)を後悔する; <var>x<sub>1</sub></var> は <var>x<sub>2</sub></var> を残念に思う","<li>悔やむ</li>","<li>xer</li><li>xe'u</li>",,"<li><a href=""https://jbovlaste.lojban.org/dict/u'u?bg=1;langidarg=10"" title=""後悔 ( u'u 後悔 - u'ucu'i 潔白 - u'unai 悪意)"">u'u</a></li><li><a href=""https://jbovlaste.lojban.org/dict/zungi?bg=1;langidarg=10"" title=""x1 は x2 (事)について良心の呵責 / 罪悪を感じる"">zungi</a></li>",,"D1::etc","[sound:xenru.flac]"
"e324f18f-f9fa-4971-a81c-53fb8e45e48d","zekri","ˈzɛkri","gismu","<u class=""se_basna"" title=""アクセント"">ze</u>kri","<var>x<sub>1</sub></var> (事)は <var>x<sub>2</sub></var> (観点)にとって犯罪","<li>犯罪</li>","<li>zer</li><li>zei</li>","<li>&lt;是はクリミナル&gt;</li><li>crime</li>","<li><a href=""https://jbovlaste.lojban.org/dict/flalu?bg=1;langidarg=10"" title=""x1 は x2 (事)を x3 (共同体)のために x4 (条件)で x5 (者)が制定した法律 / 条例; x2 は合法的"">flalu</a></li><li><a href=""https://jbovlaste.lojban.org/dict/sfasa?bg=1;langidarg=10"" title=""x1 (者)は x2 (者)を x3 (違反 / 侵害)のために x4 (罰)でこらしめる / 罰する / 折檻 / 懲戒する"">sfasa</a></li><li><a href=""https://jbovlaste.lojban.org/dict/zungi?bg=1;langidarg=10"" title=""x1 は x2 (事)について良心の呵責 / 罪悪を感じる"">zungi</a></li><li><a href=""https://jbovlaste.lojban.org/dict/palci?bg=1;langidarg=10"" title=""x1 は x2 (基準)において悪質 / 非道 / 堕落的"">palci</a></li><li><a href=""https://jbovlaste.lojban.org/dict/lijda?bg=1;langidarg=10"" title=""x1 は x2 (信者)・ x3 (信条 / 教条 / 教理 / 慣行 / ドグマ)の宗教 / ミュトス"">lijda</a></li><li><a href=""https://jbovlaste.lojban.org/dict/pajni?bg=1;langidarg=10"" title=""x1 は x2 (抽象(事 / 性質 / 量 / 真理値))について判断する / 審判する / 仲裁する"">pajni</a></li><li><a href=""https://jbovlaste.lojban.org/dict/javni?bg=1;langidarg=10"" title=""x1 は x2 (事)を x3 (体系)において規定する法則 / 規則 / ルール"">javni</a></li><li><a href=""https://jbovlaste.lojban.org/dict/tcaci?bg=1;langidarg=10"" title=""x1 は x2 の、 x3 (条件)における習慣 / 慣習 / 風習 / 慣行 / 習性 / 性癖 / 慣わし"">tcaci</a></li><li><a href=""https://jbovlaste.lojban.org/dict/marde?bg=1;langidarg=10"" title=""x1 は x2 (個人 / 群)の、 x3 (事)に関する倫理 / 道徳(律)/ モラル"">marde</a></li><li><a href=""https://jbovlaste.lojban.org/dict/pulji?bg=1;langidarg=10"" title=""x1 は x2 (法 / 治安)を守る警察(官)"">pulji</a></li><li><a href=""https://jbovlaste.lojban.org/dict/tinbe?bg=1;langidarg=10"" title=""x1 は x2 (命令 / 規則)に服従する / 従う; x1 は従順"">tinbe</a></li>",,"D1::etc","[sound:zekri.flac]"
