"0dfca0da-109f-4caf-b008-2b553f1b614d","zasti","ˈzasti","gismu","<u class=""se_basna"" title=""アクセント"">za</u>sti","<var class=""x1"" lang="""">x<sub>1</sub></var> は <var class=""x2"" lang="""">x<sub>2</sub></var> (観点)・ <var class=""x3"" lang="""">x<sub>3</sub></var> (認識体系)において実在する","","<li>存在する</li>","<li class=""cimei-lerfu"">zat</li><li class=""cimei-lerfu"">za'i</li><li class=""vomei-lerfu"">zast</li>","","<li><a class=""gismu"" href=""https://jbovlaste.lojban.org/dict/fatci"" title=""gismu: x1 (命題)は事実 / 現実""><u class=""se_basna"">fa</u>tci</a></li><li><a class=""gismu"" href=""https://jbovlaste.lojban.org/dict/xanri"" title=""gismu: x1 は x2 (者)による想像; x1 は架空 / 想像上のもの / 非現実""><u class=""se_basna"">xa</u>nri</a></li>","","C1::ペア・ワード","[sound:zasti.mp3]","<img alt=""老子の似顔絵イラスト"" src=""zasti.png"" title=""老子の似顔絵イラスト"" ondblclick=""location.href = &quot;https://www.irasutoya.com/2015/09/blog-post_53.html&quot;;"" />"
"def576b7-893f-41b4-ac13-0d0b16608741","xanri","ˈxanri","gismu","<u class=""se_basna"" title=""アクセント"">xa</u>nri","<var class=""x1"" lang="""">x<sub>1</sub></var> は <var class=""x2"" lang="""">x<sub>2</sub></var> (者)による想像; <var class=""x1"" lang="""">x<sub>1</sub></var> は架空 / 想像上のもの / 非現実","","<li>想像</li>","<li class=""cimei-lerfu"">xar</li><li class=""vomei-lerfu"">xanr</li>","<li>&lt;半分理解&gt;</li><li>想像を管理</li><li>xuan(幻)</li><li>unreal</li>","<li><a class=""cmavo"" href=""https://jbovlaste.lojban.org/dict/da'i"" title=""cmavo: 非現実 (da'i 非現実 - da'inai 現実)"">da'i</a></li><li><a class=""gismu"" href=""https://jbovlaste.lojban.org/dict/fatci"" title=""gismu: x1 (命題)は事実 / 現実""><u class=""se_basna"">fa</u>tci</a></li><li><a class=""gismu"" href=""https://jbovlaste.lojban.org/dict/senva"" title=""gismu: x1 は x2 (事)を夢見る; x2 は夢想 / 幻想""><u class=""se_basna"">se</u>nva</a></li><li><a class=""gismu"" href=""https://jbovlaste.lojban.org/dict/sucta"" title=""gismu: x1 (概念)は x2 (具体的なもの)を x3 (原理)によって抽象化 / 概念化 / 一般化したもの""><u class=""se_basna"">su</u>cta</a></li><li><a class=""gismu"" href=""https://jbovlaste.lojban.org/dict/zasti"" title=""gismu: x1 は x2 (観点)・ x3 (認識体系)において実在する""><u class=""se_basna"">za</u>sti</a></li><li><a class=""gismu"" href=""https://jbovlaste.lojban.org/dict/cfika"" title=""gismu: x1 は x2 (内容)・ x3 (著者)のフィクション作品""><u class=""se_basna"">cfi</u>ka</a></li><li><a class=""gismu"" href=""https://jbovlaste.lojban.org/dict/dacti"" title=""gismu: x1 は時空間内の存在 / 物体; x1 は物""><u class=""se_basna"">da</u>cti</a></li><li><a class=""gismu"" href=""https://jbovlaste.lojban.org/dict/menli"" title=""gismu: x1 は x2 (本体)の精神 / 心 / 悟性; x1 は心的""><u class=""se_basna"">me</u>nli</a></li><li><a class=""gismu"" href=""https://jbovlaste.lojban.org/dict/sidbo"" title=""gismu: x1 (抽象)は x2 (物 / 事)の、 x3 (思考者)による概念 / 観念 / アイディア / コンセプト""><u class=""se_basna"">si</u>dbo</a></li>","","C1::ペア・ワード","[sound:xanri.mp3]","<img alt=""天狗のイラスト（妖怪）"" src=""xanri.png"" title=""天狗のイラスト（妖怪）"" ondblclick=""location.href = &quot;https://www.irasutoya.com/2013/05/blog-post_16.html&quot;;"" />"
"b24d2a23-576a-4070-af6c-605aa5d953c9","bilma","ˈbilma","gismu","<u class=""se_basna"" title=""アクセント"">bi</u>lma","<var class=""x1"" lang="""">x<sub>1</sub></var> は <var class=""x2"" lang="""">x<sub>2</sub></var> (症状)の <var class=""x3"" lang="""">x<sub>3</sub></var> (病)を患っている","","<li>患う</li>","<li class=""cimei-lerfu"">bi'a</li><li class=""vomei-lerfu"">bilm</li>","<li>&lt;ビルでマスク&gt;</li><li>bin(病)</li><li>ill</li><li>mal</li>","<li><a class=""gismu"" href=""https://jbovlaste.lojban.org/dict/kanro"" title=""gismu: x1 は x2 (基準)において健康 / すこやか""><u class=""se_basna"">ka</u>nro</a></li><li><a class=""gismu"" href=""https://jbovlaste.lojban.org/dict/mikce"" title=""gismu: x1 は x2 (者)を x3 (病気 / 怪我)について x4 (治療手段)で応接する医者 / 看護士""><u class=""se_basna"">mi</u>kce</a></li><li><a class=""gismu"" href=""https://jbovlaste.lojban.org/dict/spita"" title=""gismu: x1 は x2 (患者)・ x3 (病 / 疾患)のための病院; x2 は x3 のために x1 に入院する""><u class=""se_basna"">spi</u>ta</a></li><li><a class=""gismu"" href=""https://jbovlaste.lojban.org/dict/senci"" title=""gismu: x1 はくしゃみする""><u class=""se_basna"">se</u>nci</a></li><li><a class=""gismu"" href=""https://jbovlaste.lojban.org/dict/kafke"" title=""gismu: x1 は x2 (気体)を x3 (開口部)から放つ; x1 は咳 / げっぷ / おならをする""><u class=""se_basna"">ka</u>fke</a></li><li><a class=""gismu"" href=""https://jbovlaste.lojban.org/dict/binra"" title=""gismu: x1 は x2 (者)を x3 (危険 / 損害)にたいして x4 (特典)で保証 / 保障 / 補償する""><u class=""se_basna"">bi</u>nra</a></li>","<div class=""mupli""><p lang=""jbo""><span class=""gismu"" ondblclick=""location.href = &quot;https://jbovlaste.lojban.org/dict/risna&quot;;"" title=""gismu: x1 は x2 (本体)の心臓""><u class=""se_basna"">ri</u>sna</span> <span class=""lujvo"" ondblclick=""location.href = &quot;https://jbovlaste.lojban.org/dict/terbi'a&quot;;"" title=""lujvo: te bilma"">te<u class=""se_basna"">rbi</u>'a</span></p><p lang=""ja"">心臓病</p></div><div class=""mupli""><p lang=""jbo""><span class=""gismu"" ondblclick=""location.href = &quot;https://jbovlaste.lojban.org/dict/sudga&quot;;"" title=""gismu: x1 は x2 (液体)を欠いて乾燥している / 乾いている""><u class=""se_basna"">su</u>dga</span> <span class=""lujvo"" ondblclick=""location.href = &quot;https://jbovlaste.lojban.org/dict/selbi'a&quot;;"" title=""lujvo: se bilma"">se<u class=""se_basna"">lbi</u>'a</span></p><p lang=""ja"">脱水症</p></div>","C1::ペア・ワード","[sound:bilma.mp3]","<img alt=""病気で熱を冷やしている人のイラスト"" src=""bilma.png"" title=""病気で熱を冷やしている人のイラスト"" ondblclick=""location.href = &quot;https://www.irasutoya.com/2014/02/blog-post_5079.html&quot;;"" />"
"1112bb70-0a85-44e9-a38e-cda3f5a204f1","kanro","ˈkanro","gismu","<u class=""se_basna"" title=""アクセント"">ka</u>nro","<var class=""x1"" lang="""">x<sub>1</sub></var> は <var class=""x2"" lang="""">x<sub>2</sub></var> (基準)において健康 / すこやか","","<li>健康</li>","<li class=""cimei-lerfu"">ka'o</li><li class=""vomei-lerfu"">kanr</li>","<li>kang(康)</li><li>sano 甘露</li>","<li><a class=""gismu"" href=""https://jbovlaste.lojban.org/dict/bilma"" title=""gismu: x1 は x2 (症状)の x3 (病)を患っている""><u class=""se_basna"">bi</u>lma</a></li><li><a class=""gismu"" href=""https://jbovlaste.lojban.org/dict/mikce"" title=""gismu: x1 は x2 (者)を x3 (病気 / 怪我)について x4 (治療手段)で応接する医者 / 看護士""><u class=""se_basna"">mi</u>kce</a></li>","","C1::ペア・ワード","[sound:kanro.mp3]","<img alt=""免疫力の強い人のイラスト"" src=""kanro.png"" title=""免疫力の強い人のイラスト"" ondblclick=""location.href = &quot;https://www.irasutoya.com/2014/10/blog-post_495.html&quot;;"" />"
"832f6d92-992f-4041-a7b9-bac33263e9a4","cilmo","ˈʃilmo","gismu","<u class=""se_basna"" title=""アクセント"">ci</u>lmo","<var class=""x1"" lang="""">x<sub>1</sub></var> は <var class=""x2"" lang="""">x<sub>2</sub></var> (液体)で湿っている / 濡れている / じめじめしている; <var class=""x1"" lang="""">x<sub>1</sub></var> はしけている","","<li>濡れる</li>","<li class=""cimei-lerfu"">cim</li><li class=""vomei-lerfu"">cilm</li>","<li>汁</li>","<li><a class=""gismu"" href=""https://jbovlaste.lojban.org/dict/litki"" title=""gismu: x1 は x2 (成分 / 物質)の、 x3 (条件)における液体 / 流動体""><u class=""se_basna"">li</u>tki</a></li><li><a class=""gismu"" href=""https://jbovlaste.lojban.org/dict/lunsa"" title=""gismu: x1 は x2 の表面 / 中で、 x3 (温度)・ x4 (圧力)の条件下で凝結 / 液化する""><u class=""se_basna"">lu</u>nsa</a></li><li><a class=""gismu"" href=""https://jbovlaste.lojban.org/dict/sudga"" title=""gismu: x1 は x2 (液体)を欠いて乾燥している / 乾いている""><u class=""se_basna"">su</u>dga</a></li>","","C1::ペア・ワード","[sound:cilmo.mp3]","<img alt=""ペットボトル加湿器のイラスト"" src=""cilmo.png"" title=""ペットボトル加湿器のイラスト"" ondblclick=""location.href = &quot;https://www.irasutoya.com/2017/05/blog-post_763.html&quot;;"" />"
"26172588-49ed-4aab-827c-5515428519b5","sudga","ˈsudga","gismu","<u class=""se_basna"" title=""アクセント"">su</u>dga","<var class=""x1"" lang="""">x<sub>1</sub></var> は <var class=""x2"" lang="""">x<sub>2</sub></var> (液体)を欠いて乾燥している / 乾いている","","<li>乾燥</li>","<li class=""cimei-lerfu"">sud</li><li class=""vomei-lerfu"">sudg</li>","","<li><a class=""gismu"" href=""https://jbovlaste.lojban.org/dict/cilmo"" title=""gismu: x1 は x2 (液体)で湿っている / 濡れている / じめじめしている; x1 はしけている""><u class=""se_basna"">ci</u>lmo</a></li><li><a class=""gismu"" href=""https://jbovlaste.lojban.org/dict/litki"" title=""gismu: x1 は x2 (成分 / 物質)の、 x3 (条件)における液体 / 流動体""><u class=""se_basna"">li</u>tki</a></li><li><a class=""gismu"" href=""https://jbovlaste.lojban.org/dict/runta"" title=""gismu: x1 は x2 (溶媒)の中で分解 / 分散し、 x3 (溶液)を成す、 x4 (条件)において; x1 はばらける""><u class=""se_basna"">ru</u>nta</a></li>","","C1::ペア・ワード","[sound:sudga.mp3]","<img alt=""干物乾燥機のイラスト（回転式）"" src=""sudga.png"" title=""干物乾燥機のイラスト（回転式）"" ondblclick=""location.href = &quot;https://www.irasutoya.com/2018/12/blog-post_30.html&quot;;"" />"
"b0740615-ed75-4fc9-b05d-740847c30bdc","darno","ˈdarno","gismu","<u class=""se_basna"" title=""アクセント"">da</u>rno","<var class=""x1"" lang="""">x<sub>1</sub></var> は <var class=""x2"" lang="""">x<sub>2</sub></var> から <var class=""x3"" lang="""">x<sub>3</sub></var> (性質)に関して遠い","","<li>遠い</li>","<li class=""cimei-lerfu"">dar</li><li class=""cimei-lerfu"">da'o</li><li class=""vomei-lerfu"">darn</li>","","<li><a class=""gismu"" href=""https://jbovlaste.lojban.org/dict/jibni"" title=""gismu: x1 は x2 に、 x3 (性質)に関して近い / 近似""><u class=""se_basna"">ji</u>bni</a></li>","","C1::ペア・ワード","[sound:darno.mp3]","<img alt=""遠くのスーパーマーケットのイラスト"" src=""darno.png"" title=""遠くのスーパーマーケットのイラスト"" ondblclick=""location.href = &quot;https://www.irasutoya.com/2019/10/blog-post_43.html&quot;;"" />"
"1fa437b5-b7a0-4e08-8d1c-7ac6f41b4db9","jibni","ˈʒibni","gismu","<u class=""se_basna"" title=""アクセント"">ji</u>bni","<var class=""x1"" lang="""">x<sub>1</sub></var> は <var class=""x2"" lang="""">x<sub>2</sub></var> に、 <var class=""x3"" lang="""">x<sub>3</sub></var> (性質)に関して近い / 近似","","<li>近い</li>","<li class=""cimei-lerfu"">jbi</li><li class=""vomei-lerfu"">jibn</li>","<li>ジブリに近い</li>","<li><a class=""gismu"" href=""https://jbovlaste.lojban.org/dict/darno"" title=""gismu: x1 は x2 から x3 (性質)に関して遠い""><u class=""se_basna"">da</u>rno</a></li><li><a class=""gismu"" href=""https://jbovlaste.lojban.org/dict/nenri"" title=""gismu: x1 は x2 の中(にある); x1 は内部 / 内側; x2 は x1 を内蔵する""><u class=""se_basna"">ne</u>nri</a></li><li><a class=""gismu"" href=""https://jbovlaste.lojban.org/dict/vanbi"" title=""gismu: x1 (個 / 群)は x2 の環境 / 周囲 / 文脈 / 雰囲気""><u class=""se_basna"">va</u>nbi</a></li><li><a class=""gismu"" href=""https://jbovlaste.lojban.org/dict/jbini"" title=""gismu: x1 は x2 (集合)の間に在る、 x3 (性質)に関して; x1 は x2 の中間""><u class=""se_basna"">jbi</u>ni</a></li><li><a class=""gismu"" href=""https://jbovlaste.lojban.org/dict/lamji"" title=""gismu: x1 は x2 に、 x3 (並列特性)・ x4 (並列方向)で隣接する / 隣り合う; x1 は x2 の隣""><u class=""se_basna"">la</u>mji</a></li><li><a class=""gismu"" href=""https://jbovlaste.lojban.org/dict/zvati"" title=""gismu: x1 (物 / 事)が x2 (事 / 所)に居る / 在る""><u class=""se_basna"">zva</u>ti</a></li><li><a class=""gismu"" href=""https://jbovlaste.lojban.org/dict/cpana"" title=""gismu: x1 は x2 (表面)の上に(置いて / 立って)在る、 x3 (観点)で""><u class=""se_basna"">cpa</u>na</a></li><li><a class=""gismu"" href=""https://jbovlaste.lojban.org/dict/bartu"" title=""gismu: x1 は x2 の外 / 外部 / 外側""><u class=""se_basna"">ba</u>rtu</a></li><li><a class=""gismu"" href=""https://jbovlaste.lojban.org/dict/diklo"" title=""gismu: x1 は x2 (局所)・ x3 (領域)について局所的 / ローカル; x1 は x2 に局在する""><u class=""se_basna"">di</u>klo</a></li><li><a class=""gismu"" href=""https://jbovlaste.lojban.org/dict/stuzi"" title=""gismu: x1 は x2 (物 / 事)の本質的 / 恒久的な場所 / 現場""><u class=""se_basna"">stu</u>zi</a></li>","","C1::ペア・ワード","[sound:jibni.mp3]","<img alt=""ヤマアラシのジレンマのイラスト"" src=""jibni.png"" title=""ヤマアラシのジレンマのイラスト"" ondblclick=""location.href = &quot;https://www.irasutoya.com/2018/07/blog-post_61.html&quot;;"" />"
"5e2408ba-91ee-4e57-b58c-2b37d41ca502","fliba","'fliba","gismu","<u class=""se_basna"" title=""アクセント"">fli</u>ba","<var class=""x1"" lang="""">x<sub>1</sub></var> は <var class=""x2"" lang="""">x<sub>2</sub></var> (事)に失敗する; <var class=""x1"" lang="""">x<sub>1</sub></var> は <var class=""x2"" lang="""">x<sub>2</sub></var> を怠る","<var class=""x2"" lang="""">x<sub>2</sub></var> は達成されなかった / 実現されなかった事。","<li>失敗</li>","<li class=""cimei-lerfu"">fli</li><li class=""vomei-lerfu"">flib</li>","","<li><a class=""gismu"" href=""https://jbovlaste.lojban.org/dict/cfila"" title=""gismu: x1 (性質)は x2 の、 x3 (問題 / 厄介 / 危険)をもたらす欠陥 / 欠点 / 弱点 / 不備 / 短所 / 落度 / 過失""><u class=""se_basna"">cfi</u>la</a></li><li><a class=""gismu"" href=""https://jbovlaste.lojban.org/dict/snada"" title=""gismu: x1 (者)は x2 (成果)を x3 (努力 / 試み)によって達成する / 成功させる""><u class=""se_basna"">sna</u>da</a></li><li><a class=""gismu"" href=""https://jbovlaste.lojban.org/dict/srera"" title=""gismu: x1 は x2 (事)に関して、 x3 (条件)・ x4 (基準)で誤る / 間違う""><u class=""se_basna"">sre</u>ra</a></li><li><a class=""gismu"" href=""https://jbovlaste.lojban.org/dict/troci"" title=""gismu: x1 は x2 (事 / 状態 / 性質)を x3 (手段 / 方法)で達成 / 獲得しようと努める / 努力する; x1 は x2 をやってみる""><u class=""se_basna"">tro</u>ci</a></li><li><a class=""gismu"" href=""https://jbovlaste.lojban.org/dict/sisti"" title=""gismu: x1 (者)は x2 (動作 / 過程 / 状態)をやめる / 中止 / 終了する""><u class=""se_basna"">si</u>sti</a></li><li><a class=""gismu"" href=""https://jbovlaste.lojban.org/dict/ranji"" title=""gismu: x1 (事 / 性質)は x2 (時間 / 期間)にわたって継続する / 続く""><u class=""se_basna"">ra</u>nji</a></li><li><a class=""gismu"" href=""https://jbovlaste.lojban.org/dict/denpa"" title=""gismu: x1 は x2 (事)を x3 (状態)ながら待つ、 x4 (事)の開始以前 / 再開以前に""><u class=""se_basna"">de</u>npa</a></li><li><a class=""gismu"" href=""https://jbovlaste.lojban.org/dict/bebna"" title=""gismu: x1 は x2 (性質)に関して愚か / ばかげている / 思慮が無い; x1 は阿呆 / 馬鹿""><u class=""se_basna"">be</u>bna</a></li><li><a class=""gismu"" href=""https://jbovlaste.lojban.org/dict/zunti"" title=""gismu: x1 (事)は x2 (事)に、 x3 (性質)に関して干渉する / わりこむ""><u class=""se_basna"">zu</u>nti</a></li>","","C1::ペア・ワード","[sound:fliba.mp3]","<img alt=""カップ焼きそばを作る人のイラスト（失敗）"" src=""fliba.png"" title=""カップ焼きそばを作る人のイラスト（失敗）"" ondblclick=""location.href = &quot;https://www.irasutoya.com/2018/01/blog-post_969.html&quot;;"" />"
"1132b8c5-e8e4-40fc-9937-95fa149d5cac","snada","'snada","gismu","<u class=""se_basna"" title=""アクセント"">sna</u>da","<var class=""x1"" lang="""">x<sub>1</sub></var> (者)は <var class=""x2"" lang="""">x<sub>2</sub></var> (成果)を <var class=""x3"" lang="""">x<sub>3</sub></var> (努力 / 試み)によって達成する / 成功させる","","<li>成功</li>","<li class=""cimei-lerfu"">sad</li><li class=""vomei-lerfu"">snad</li>","<li>成功砂だ</li>","<li><a class=""gismu"" href=""https://jbovlaste.lojban.org/dict/fliba"" title=""gismu: x1 は x2 (事)に失敗する; x1 は x2 を怠る""><u class=""se_basna"">fli</u>ba</a></li><li><a class=""gismu"" href=""https://jbovlaste.lojban.org/dict/troci"" title=""gismu: x1 は x2 (事 / 状態 / 性質)を x3 (手段 / 方法)で達成 / 獲得しようと努める / 努力する; x1 は x2 をやってみる""><u class=""se_basna"">tro</u>ci</a></li><li><a class=""gismu"" href=""https://jbovlaste.lojban.org/dict/jgira"" title=""gismu: x1 (者)は x2 (事)について誇る / 誇りがある; x1 はプライドが高い""><u class=""se_basna"">jgi</u>ra</a></li>","","C1::ペア・ワード","[sound:snada.mp3]","<img alt=""合格発表のイラスト「合格して喜ぶ学生」"" src=""snada.png"" title=""合格発表のイラスト「合格して喜ぶ学生」"" ondblclick=""location.href = &quot;https://www.irasutoya.com/2013/11/blog-post_27.html&quot;;"" />"
"e1d40dab-44cd-466d-9e03-2d9913294b32","citno","ˈʃitno","gismu","<u class=""se_basna"" title=""アクセント"">ci</u>tno","<var class=""x1"" lang="""">x<sub>1</sub></var> は <var class=""x2"" lang="""">x<sub>2</sub></var> (基準)において若い","時間的に浅いこと。","<li>若い</li>","<li class=""cimei-lerfu"">cit</li><li class=""cimei-lerfu"">ci'o</li><li class=""vomei-lerfu"">citn</li>","<li>&lt;嫉妬に呑まれる&gt;</li>","<li><a class=""gismu"" href=""https://jbovlaste.lojban.org/dict/cnino"" title=""gismu: x1 は x2 (者)にとって、 x3 (性質)・ x4 (基準)に関して新しい""><u class=""se_basna"">cni</u>no</a></li><li><a class=""gismu"" href=""https://jbovlaste.lojban.org/dict/slabu"" title=""gismu: x1 は x2 (者)にとって x3 (性質)の点で x4 (観点)から判断してなじみがある""><u class=""se_basna"">sla</u>bu</a></li><li><a class=""gismu"" href=""https://jbovlaste.lojban.org/dict/verba"" title=""gismu: x1 は x2 (年齢)の、 x3 (観点)での子供""><u class=""se_basna"">ve</u>rba</a></li>","","C1::ペア・ワード","[sound:citno.mp3]","<img alt=""おたまじゃくしのイラスト（カエルの成長）"" src=""citno.png"" title=""おたまじゃくしのイラスト（カエルの成長）"" ondblclick=""location.href = &quot;https://www.irasutoya.com/2015/02/blog-post_98.html&quot;;"" />"
"9f230dee-f2db-4d78-ade2-66dfc5359541","laldo","'laldo","experimental-gismu","<u class=""se_basna"" title=""アクセント"">la</u>ldo","<var class=""x1"" lang="""">x<sub>1</sub></var> は <var class=""x2"" lang="""">x<sub>2</sub></var> (基準)において古い / 高齢 / 年寄り","試験的 gismu。","<li>古い</li>","<li class=""vomei-lerfu"">lald</li>","","<li><a class=""gismu"" href=""https://jbovlaste.lojban.org/dict/citno"" title=""gismu: x1 は x2 (基準)において若い""><u class=""se_basna"">ci</u>tno</a></li><li><a class=""gismu"" href=""https://jbovlaste.lojban.org/dict/cnino"" title=""gismu: x1 は x2 (者)にとって、 x3 (性質)・ x4 (基準)に関して新しい""><u class=""se_basna"">cni</u>no</a></li><li><a class=""gismu"" href=""https://jbovlaste.lojban.org/dict/slabu"" title=""gismu: x1 は x2 (者)にとって x3 (性質)の点で x4 (観点)から判断してなじみがある""><u class=""se_basna"">sla</u>bu</a></li>","","C1::ペア・ワード","[sound:laldo.mp3]","<img alt=""空き家のイラスト"" src=""laldo.png"" title=""空き家のイラスト"" ondblclick=""location.href = &quot;https://www.irasutoya.com/2015/07/blog-post_0.html&quot;;"" />"
"2215d091-6dc6-4168-93e7-63c7b77d4913","ckiku","ʃˈkiku","gismu","<u class=""se_basna"" title=""アクセント"">cki</u>ku","<var class=""x1"" lang="""">x<sub>1</sub></var> は <var class=""x2"" lang="""">x<sub>2</sub></var> (錠)・ <var class=""x3"" lang="""">x<sub>3</sub></var> (特性)の鍵","「カードキー」も。","<li>鍵</li>","<li class=""cimei-lerfu"">kik</li><li class=""vomei-lerfu"">ckik</li>","","<li><a class=""gismu"" href=""https://jbovlaste.lojban.org/dict/stela"" title=""gismu: x1 は x2 を x3 (仕組)で封じる錠 / ロック""><u class=""se_basna"">ste</u>la</a></li>","","C1::ペア・ワード","[sound:ckiku.mp3]","<img alt=""束になった鍵のイラスト"" src=""ckiku.png"" title=""束になった鍵のイラスト"" ondblclick=""location.href = &quot;https://www.irasutoya.com/2013/05/blog-post_929.html&quot;;"" />"
"0d80b115-d1e7-4c73-bc34-6660b4c9a4c0","stela","sˈtɛla","gismu","<u class=""se_basna"" title=""アクセント"">ste</u>la","<var class=""x1"" lang="""">x<sub>1</sub></var> は <var class=""x2"" lang="""">x<sub>2</sub></var> を <var class=""x3"" lang="""">x<sub>3</sub></var> (仕組)で封じる錠 / ロック","","<li>錠</li>","<li class=""cimei-lerfu"">tel</li><li class=""vomei-lerfu"">stel</li>","","<li><a class=""gismu"" href=""https://jbovlaste.lojban.org/dict/ckiku"" title=""gismu: x1 は x2 (錠)・ x3 (特性)の鍵""><u class=""se_basna"">cki</u>ku</a></li>","","C1::ペア・ワード","[sound:stela.mp3]","<img alt=""ロックされた文書ファイルのイラスト"" src=""stela.png"" title=""ロックされた文書ファイルのイラスト"" ondblclick=""location.href = &quot;https://www.irasutoya.com/2016/03/blog-post_4.html&quot;;"" />"
"8299ef36-04a8-4e34-83d9-ee46acd08668","ganlo","ˈganlo","gismu","<u class=""se_basna"" title=""アクセント"">ga</u>nlo","<var class=""x1"" lang="""" title=""閉じているもの; 通過を妨げるもの"">x<sub>1</sub></var> は <var class=""x2"" lang="""" title=""到達されないもの; 閉鎖によって"">x<sub>2</sub></var> (到達されないもの / 所)にたいして <var class=""x3"" lang="""" title=""通れないもの; 閉鎖によって"">x<sub>3</sub></var> (通過を妨げられているもの)にとって閉まっている; <var class=""x1"" lang="""" title=""閉じているもの; 通過を妨げるもの"">x<sub>1</sub></var> は <var class=""x3"" lang="""" title=""通れないもの; 閉鎖によって"">x<sub>3</sub></var> が <var class=""x2"" lang="""" title=""到達されないもの; 閉鎖によって"">x<sub>2</sub></var> へ達することを妨げる","<var class=""x1"" lang="""" title=""閉じているもの; 通過を妨げるもの"">x<sub>1</sub></var> はドアなどのほか、半透膜も。","<li>閉鎖</li>","<li class=""cimei-lerfu"">ga'o</li><li class=""vomei-lerfu"">ganl</li>","","<li><a class=""gismu"" href=""https://jbovlaste.lojban.org/dict/kalri"" title=""gismu: x1 は x2 (通り抜けた先)へ x3 (通り抜けるもの)にとって開いている""><u class=""se_basna"">ka</u>lri</a></li><li><a class=""gismu"" href=""https://jbovlaste.lojban.org/dict/pagre"" title=""gismu: x1 は x2 (対象)を x3 (側)へ x4 (側)から通過する / 貫通する / 通り抜ける""><u class=""se_basna"">pa</u>gre</a></li><li><a class=""gismu"" href=""https://jbovlaste.lojban.org/dict/canko"" title=""gismu: x1 は x2 (壁 / 建物 / 構造)の窓 / 門 / 入口 / 出口 / 玄関""><u class=""se_basna"">ca</u>nko</a></li><li><a class=""gismu"" href=""https://jbovlaste.lojban.org/dict/vorme"" title=""gismu: x1 は x2 ・ x3 間の、 x4 (構造体)の扉 / 戸口 / 出入口 / 門戸 / ドア""><u class=""se_basna"">vo</u>rme</a></li><li><a class=""gismu"" href=""https://jbovlaste.lojban.org/dict/zunti"" title=""gismu: x1 (事)は x2 (事)に、 x3 (性質)に関して干渉する / わりこむ""><u class=""se_basna"">zu</u>nti</a></li>","","C1::ペア・ワード","[sound:ganlo.mp3]","<img alt=""「立入禁止」と「KEEP OUT」のテープのイラスト"" src=""ganlo.png"" title=""「立入禁止」と「KEEP OUT」のテープのイラスト"" ondblclick=""location.href = &quot;https://www.irasutoya.com/2020/06/keep-out.html&quot;;"" />"
"61c3d804-cdd4-4dd5-8dd4-47ed862b889e","kalri","ˈkalri","gismu","<u class=""se_basna"" title=""アクセント"">ka</u>lri","<var class=""x1"" lang="""" title=""開いているもの"">x<sub>1</sub></var> は <var class=""x2"" lang="""" title=""通過先; 開口部を通り抜けた先"">x<sub>2</sub></var> (通り抜けた先)へ <var class=""x3"" lang="""" title=""通過者; 開口部を通り抜けるもの"">x<sub>3</sub></var> (通り抜けるもの)にとって開いている","","<li>開く</li>","<li class=""cimei-lerfu"">kar</li><li class=""vomei-lerfu"">kalr</li>","","<li><a class=""gismu"" href=""https://jbovlaste.lojban.org/dict/ganlo"" title=""gismu: x1 は x2 (到達されないもの / 所)にたいして x3 (通過を妨げられているもの)にとって閉まっている; x1 は x3 が x2 へ達することを妨げる""><u class=""se_basna"">ga</u>nlo</a></li><li><a class=""gismu"" href=""https://jbovlaste.lojban.org/dict/pagre"" title=""gismu: x1 は x2 (対象)を x3 (側)へ x4 (側)から通過する / 貫通する / 通り抜ける""><u class=""se_basna"">pa</u>gre</a></li><li><a class=""gismu"" href=""https://jbovlaste.lojban.org/dict/canko"" title=""gismu: x1 は x2 (壁 / 建物 / 構造)の窓 / 門 / 入口 / 出口 / 玄関""><u class=""se_basna"">ca</u>nko</a></li><li><a class=""gismu"" href=""https://jbovlaste.lojban.org/dict/vorme"" title=""gismu: x1 は x2 ・ x3 間の、 x4 (構造体)の扉 / 戸口 / 出入口 / 門戸 / ドア""><u class=""se_basna"">vo</u>rme</a></li>","","C1::ペア・ワード","[sound:kalri.mp3]","<img alt=""ドアが開いたエレベーターのイラスト"" src=""kalri.png"" title=""ドアが開いたエレベーターのイラスト"" ondblclick=""location.href = &quot;https://www.irasutoya.com/2016/06/blog-post_358.html&quot;;"" />"
"f1161689-9009-4142-9c73-908917c16e20","cnino","ʃˈnino","gismu","<u class=""se_basna"" title=""アクセント"">cni</u>no","<var class=""x1"" lang="""">x<sub>1</sub></var> は <var class=""x2"" lang="""">x<sub>2</sub></var> (者)にとって、 <var class=""x3"" lang="""">x<sub>3</sub></var> (性質)・ <var class=""x4"" lang="""">x<sub>4</sub></var> (基準)に関して新しい","","<li>新しい</li>","<li class=""cimei-lerfu"">nin</li><li class=""cimei-lerfu"">ni'o</li><li class=""vomei-lerfu"">cnin</li>","","<li><a class=""gismu"" href=""https://jbovlaste.lojban.org/dict/nuzba"" title=""gismu: x1 は x2 (題目)・ x3 (情報源)の、 x4 (聴衆)へのニュース / 新報""><u class=""se_basna"">nu</u>zba</a></li><li><a class=""gismu"" href=""https://jbovlaste.lojban.org/dict/slabu"" title=""gismu: x1 は x2 (者)にとって x3 (性質)の点で x4 (観点)から判断してなじみがある""><u class=""se_basna"">sla</u>bu</a></li><li><a class=""gismu"" href=""https://jbovlaste.lojban.org/dict/citno"" title=""gismu: x1 は x2 (基準)において若い""><u class=""se_basna"">ci</u>tno</a></li><li><a class=""cmavo"" href=""https://jbovlaste.lojban.org/dict/se"" title=""cmavo: x1-x2 転換 : selbri の左に付いてPSの x1 と x2 を転換する"">se</a> <a class=""gismu"" href=""https://jbovlaste.lojban.org/dict/djuno"" title=""gismu: x1 は x2 (命題)・ x3 (題目)を x4 (認識体系)で知る""><u class=""se_basna"">dju</u>no</a></li>","","C1::ペア・ワード","[sound:cnino.mp3]","<img alt=""自動ロボット掃除機のイラスト"" src=""cnino.png"" title=""自動ロボット掃除機のイラスト"" ondblclick=""location.href = &quot;https://www.irasutoya.com/2014/01/blog-post_25.html&quot;;"" />"
"4a67e1d4-abb6-4c2c-88ea-6ca46878fe02","slabu","'slabu","gismu","<u class=""se_basna"" title=""アクセント"">sla</u>bu","<var class=""x1"" lang="""">x<sub>1</sub></var> は <var class=""x2"" lang="""">x<sub>2</sub></var> (者)にとって <var class=""x3"" lang="""">x<sub>3</sub></var> (性質)の点で <var class=""x4"" lang="""">x<sub>4</sub></var> (観点)から判断してなじみがある","","","<li class=""cimei-lerfu"">s<u class=""relkarsna"">au</u></li><li class=""vomei-lerfu"">slab</li>","","<li><a class=""lujvo"" href=""https://jbovlaste.lojban.org/dict/tolni'o"">to<u class=""se_basna"">lni</u>'o</a></li>","","C1::ペア・ワード","[sound:slabu.mp3]","<img alt=""掃除用具のイラスト「掃除機」"" src=""slabu.png"" title=""掃除用具のイラスト「掃除機」"" ondblclick=""location.href = &quot;https://www.irasutoya.com/2012/11/blog-post_4708.html&quot;;"" />"
"d1f24c9d-b932-4b04-ab20-e6796306258b","pluja","pˈluʒa","gismu","<u class=""se_basna"" title=""アクセント"">plu</u>ja","<var class=""x1"" lang="""">x<sub>1</sub></var> は <var class=""x2"" lang="""">x<sub>2</sub></var> (性質)が <var class=""x3"" lang="""">x<sub>3</sub></var> (基準)において複雑 / 煩雑","","<li>複雑</li>","<li class=""cimei-lerfu"">luj</li><li class=""vomei-lerfu"">pluj</li>","<li>複雑ぷるぷるじゃ</li>","<li><a class=""gismu"" href=""https://jbovlaste.lojban.org/dict/cfipu"" title=""gismu: x1 (事)は x2 (観者)にとって x3 (性質)の点で紛らわしい / 混乱をまねく""><u class=""se_basna"">cfi</u>pu</a></li><li><a class=""gismu"" href=""https://jbovlaste.lojban.org/dict/banli"" title=""gismu: x1 は x2 (性質)に関して x3 (基準)で偉大 / 壮大 / 尊大""><u class=""se_basna"">ba</u>nli</a></li><li><a class=""gismu"" href=""https://jbovlaste.lojban.org/dict/sampu"" title=""gismu: x1 は x2 (性質)に関して簡単 / 単純""><u class=""se_basna"">sa</u>mpu</a></li><li><a class=""gismu"" href=""https://jbovlaste.lojban.org/dict/jgena"" title=""gismu: x1 は x2 (物)の(間の)結び目 / もつれ / こぶ""><u class=""se_basna"">jge</u>na</a></li>","","C1::ペア・ワード","[sound:pluja.mp3]","<img alt=""ルービックキューブのイラスト（ランダム）"" src=""pluja.png"" title=""ルービックキューブのイラスト（ランダム）"" ondblclick=""location.href = &quot;https://www.irasutoya.com/2015/05/blog-post_892.html&quot;;"" />"
"298df830-e203-490d-88d7-29b38acf852c","sampu","ˈsampu","gismu","<u class=""se_basna"" title=""アクセント"">sa</u>mpu","<var class=""x1"" lang="""">x<sub>1</sub></var> は <var class=""x2"" lang="""">x<sub>2</sub></var> (性質)に関して簡単 / 単純","","<li>簡単</li>","<li class=""cimei-lerfu"">sap</li><li class=""vomei-lerfu"">samp</li>","<li>簡単サムプル</li>","<li><a class=""gismu"" href=""https://jbovlaste.lojban.org/dict/pluja"" title=""gismu: x1 は x2 (性質)が x3 (基準)において複雑 / 煩雑""><u class=""se_basna"">plu</u>ja</a></li><li><a class=""gismu"" href=""https://jbovlaste.lojban.org/dict/curve"" title=""gismu: x1 は x2 (性質)に関して純粋""><u class=""se_basna"">cu</u>rve</a></li><li><a class=""gismu"" href=""https://jbovlaste.lojban.org/dict/frili"" title=""gismu: x1 (事)は x2 (者)にとって x3 (条件)において簡単 / 容易; x2 は x1 をた易くこなす""><u class=""se_basna"">fri</u>li</a></li><li><a class=""gismu"" href=""https://jbovlaste.lojban.org/dict/manfo"" title=""gismu: x1 (物 / 事)は x2 (性質)の点で均一 / 一様 / 同形 / 相同; x1 にはむらが無い""><u class=""se_basna"">ma</u>nfo</a></li>","","C1::ペア・ワード","[sound:sampu.mp3]","<img alt=""知恵の輪のイラスト"" src=""sampu.png"" title=""知恵の輪のイラスト"" ondblclick=""location.href = &quot;https://www.irasutoya.com/2013/12/blog-post_6376.html&quot;;"" />"
"69513439-a5c3-4086-a1c0-067c56549727","kunti","ˈkunti","gismu","<u class=""se_basna"" title=""アクセント"">ku</u>nti","<var class=""x1"" lang="""">x<sub>1</sub></var> は <var class=""x2"" lang="""">x<sub>2</sub></var> (内容)が無い; <var class=""x1"" lang="""">x<sub>1</sub></var> は空っぽ","「席( <var class=""x1"" lang="""">x<sub>1</sub></var> )が空いている」も。","<li>空(から)</li>","<li class=""cimei-lerfu"">kut</li><li class=""vomei-lerfu"">kunt</li>","<li>kuu 空</li>","<li><a class=""gismu"" href=""https://jbovlaste.lojban.org/dict/culno"" title=""gismu: x1 は x2 で充溢 / 充満している""><u class=""se_basna"">cu</u>lno</a></li><li><a class=""gismu"" href=""https://jbovlaste.lojban.org/dict/tisna"" title=""gismu: x1 は x2 (内容)によって膨れる; x2 は x1 に注がれる""><u class=""se_basna"">ti</u>sna</a></li><li><a class=""gismu"" href=""https://jbovlaste.lojban.org/dict/claxu"" title=""gismu: x1 は x2 を欠く; x1 は x2 無し""><u class=""se_basna"">cla</u>xu</a></li><li><a class=""gismu"" href=""https://jbovlaste.lojban.org/dict/canlu"" title=""gismu: x1 は x2 (内容)が占める空間(三次元的広がり); x2 は x1 を占める""><u class=""se_basna"">ca</u>nlu</a></li><li><a class=""gismu"" href=""https://jbovlaste.lojban.org/dict/kevna"" title=""gismu: x1 は x2 の穴; x2 は x1 (箇所)において貫通している""><u class=""se_basna"">ke</u>vna</a></li><li><a class=""gismu"" href=""https://jbovlaste.lojban.org/dict/setca"" title=""gismu: x1 (者)は x2 を x3 に挿入する; x2 は x3 に挟まれている""><u class=""se_basna"">se</u>tca</a></li>","","C1::ペア・ワード","[sound:kunti.mp3]","<img alt=""空の弁当箱のイラスト"" src=""kunti.png"" title=""空の弁当箱のイラスト"" ondblclick=""location.href = &quot;https://www.irasutoya.com/2015/05/blog-post_884.html&quot;;"" />"
"ba5aa8b6-44d9-456d-8170-0d6c6d28a741","culno","ˈʃulno","gismu","<u class=""se_basna"" title=""アクセント"">cu</u>lno","<var class=""x1"" lang="""">x<sub>1</sub></var> は <var class=""x2"" lang="""">x<sub>2</sub></var> で充溢 / 充満している","「満タン」も。","<li>充満</li>","<li class=""cimei-lerfu"">clu</li><li class=""vomei-lerfu"">culn</li>","<li>cun(充)</li><li>full</li>","<li><a class=""gismu"" href=""https://jbovlaste.lojban.org/dict/tisna"" title=""gismu: x1 は x2 (内容)によって膨れる; x2 は x1 に注がれる""><u class=""se_basna"">ti</u>sna</a></li><li><a class=""gismu"" href=""https://jbovlaste.lojban.org/dict/kunti"" title=""gismu: x1 は x2 (内容)が無い; x1 は空っぽ""><u class=""se_basna"">ku</u>nti</a></li><li><a class=""gismu"" href=""https://jbovlaste.lojban.org/dict/mulno"" title=""gismu: x1 (事)は完了している; x1 は x2 (性質)に関して、 x3 (観点)において包括的 / 総体的""><u class=""se_basna"">mu</u>lno</a></li><li><a class=""gismu"" href=""https://jbovlaste.lojban.org/dict/setca"" title=""gismu: x1 (者)は x2 を x3 に挿入する; x2 は x3 に挟まれている""><u class=""se_basna"">se</u>tca</a></li><li><a class=""gismu"" href=""https://jbovlaste.lojban.org/dict/tisna"" title=""gismu: x1 は x2 (内容)によって膨れる; x2 は x1 に注がれる""><u class=""se_basna"">ti</u>sna</a></li>","","C1::ペア・ワード","[sound:culno.mp3]","<img alt=""ゴミ箱のイラスト（満杯）"" src=""culno.png"" title=""ゴミ箱のイラスト（満杯）"" ondblclick=""location.href = &quot;https://www.irasutoya.com/2016/11/blog-post_71.html&quot;;"" />"
"a5a2d052-2f2d-4854-be3e-3011d45c198a","xendo","ˈxɛndo","gismu","<u class=""se_basna"" title=""アクセント"">xe</u>ndo","<var class=""x1"" lang="""">x<sub>1</sub></var> (者)は <var class=""x2"" lang="""">x<sub>2</sub></var> にたいして <var class=""x3"" lang="""">x<sub>3</sub></var> (行為)で親切 / 優しい","","<li>親切</li>","<li class=""cimei-lerfu"">xed</li><li class=""cimei-lerfu"">xe'o</li><li class=""vomei-lerfu"">xend</li>","","<li><a class=""gismu"" href=""https://jbovlaste.lojban.org/dict/cinmo"" title=""gismu: x1 は x2 (感情)を x3 について覚える; x1 は感情的 / ムードに浸っている""><u class=""se_basna"">ci</u>nmo</a></li><li><a class=""gismu"" href=""https://jbovlaste.lojban.org/dict/kecti"" title=""gismu: x1 は x2 を x3 (事)について哀れむ / 慈しむ / かわいそうだと思う; x1 は慈悲的""><u class=""se_basna"">ke</u>cti</a></li><li><a class=""gismu"" href=""https://jbovlaste.lojban.org/dict/pendo"" title=""gismu: x1 (者)は x2 (者)の友人; x1 は x2 にたいして友好的""><u class=""se_basna"">pe</u>ndo</a></li><li><a class=""gismu"" href=""https://jbovlaste.lojban.org/dict/kusru"" title=""gismu: x1 (者)は x2 にたいして酷い / 意地悪 / 不親切""><u class=""se_basna"">ku</u>sru</a></li>","","C1::ペア・ワード","[sound:xendo.mp3]","<img alt=""お年寄りをおんぶする不良のイラスト"" src=""xendo.png"" title=""お年寄りをおんぶする不良のイラスト"" ondblclick=""location.href = &quot;https://www.irasutoya.com/2018/05/blog-post_473.html&quot;;"" />"
"77f84d87-bc55-4b65-ac33-c78e10405ae7","kusru","ˈkusru","gismu","<u class=""se_basna"" title=""アクセント"">ku</u>sru","<var class=""x1"" lang="""">x<sub>1</sub></var> (者)は <var class=""x2"" lang="""">x<sub>2</sub></var> にたいして酷い / 意地悪 / 不親切","","<li>酷い(むごい)</li>","<li class=""cimei-lerfu"">kus</li><li class=""vomei-lerfu"">kusr</li>","<li>酷くする</li>","<li><a class=""gismu"" href=""https://jbovlaste.lojban.org/dict/xendo"" title=""gismu: x1 (者)は x2 にたいして x3 (行為)で親切 / 優しい""><u class=""se_basna"">xe</u>ndo</a></li><li><a class=""gismu"" href=""https://jbovlaste.lojban.org/dict/jursa"" title=""gismu: x1 (事)は x2 (者)にたいして辛辣 / 厳しい / 容赦ない / 険しい""><u class=""se_basna"">ju</u>rsa</a></li>","","C1::ペア・ワード","[sound:kusru.mp3]","<img alt=""白雪姫のイラスト「白雪姫と魔女」"" src=""kusru.png"" title=""白雪姫のイラスト「白雪姫と魔女」"" ondblclick=""location.href = &quot;https://www.irasutoya.com/2013/04/blog-post_3084.html&quot;;"" />"
