"4da38148-b462-458e-be1e-06fbe2985c73","binxo","ˈbinxo","gismu","<u class=""se_basna"" title=""アクセント"">bi</u>nxo","<var>x<sub>1</sub></var> は <var>x<sub>2</sub></var> に <var>x<sub>3</sub></var> (条件)の下で成る / 変身する","<li>成る</li>","<li>bix</li><li>bi'o</li>","<li>&lt;ビンがホット&gt;</li><li>become</li><li>bian(変)</li>","<li><a href=""https://jbovlaste.lojban.org/dict/cenba?bg=1;langidarg=10"" title=""x1 は x2 (性質)に関して x3 (数量 / 度合)ほど x4 (環境条件)において変化 / 変質 / 変身する / 変わる"">cenba</a></li><li><a href=""https://jbovlaste.lojban.org/dict/galfi?bg=1;langidarg=10"" title=""x1 は x2 を x3 に改変する / 変える"">galfi</a></li><li><a href=""https://jbovlaste.lojban.org/dict/stika?bg=1;langidarg=10"" title=""x1 は x2 (性質 / 数量)を x3 (程度)ほど調整する"">stika</a></li><li><a href=""https://jbovlaste.lojban.org/dict/zasni?bg=1;langidarg=10"" title=""x1 は x2 (性質)に関して、 x3 (観点)にとって一時的 / 過渡的 / 可変"">zasni</a></li>","<div class=""mupli""><p lang=""jbo"">.ei binxo lo ka'e frili pilno be lo ka stace .e lo ka lazni</p><p lang=""ja"">正直と横着とが自由自在に使へるやうにならなければならない</p></div>","A1::etc","[sound:binxo.flac]"
"b1ba6b6f-8976-4e63-8a71-8bcfbe36878d","cmene","ʃˈmɛnɛ","gismu","c<u class=""se_basna"" title=""アクセント"">me</u>ne","<var>x<sub>1</sub></var> (文字列)は <var>x<sub>2</sub></var> の、 <var>x<sub>3</sub></var> (者)による名称; <var>x<sub>3</sub></var> は <var>x<sub>2</sub></var> を <var>x<sub>1</sub></var> と呼ぶ; <var>x<sub>2</sub></var> は <var>x<sub>1</sub></var> と呼ばれている","<li>名前</li>","<li>cme</li><li>me'e</li>","<li>名</li>","<li><a href=""https://jbovlaste.lojban.org/dict/me'e?bg=1;langidarg=10"" title=""〜という名の : cmene 法制詞, x1"">me'e</a></li><li><a href=""https://jbovlaste.lojban.org/dict/gismu?bg=1;langidarg=10"" title=""x1 (文字列)は x2 (意味関係)を x3 (項)について表す、 x4 (形態素)からなる語根"">gismu</a></li><li><a href=""https://jbovlaste.lojban.org/dict/tcita?bg=1;langidarg=10"" title=""x1 は x2 の x3 (情報)を表す札 / タグ"">tcita</a></li><li><a href=""https://jbovlaste.lojban.org/dict/valsi?bg=1;langidarg=10"" title=""x1 は x2 (意味 / 効力)を有する、 x3 (言語)の言葉 / 語彙"">valsi</a></li><li><a href=""https://jbovlaste.lojban.org/dict/judri?bg=1;langidarg=10"" title=""x1 は x2 の、 x3 (体系)における住所 / 宛先"">judri</a></li>",,"A1::etc","[sound:cmene.flac]"
"fc458abc-05c9-4172-a1b1-17d3c1a59045","dasni","ˈdasni","gismu","<u class=""se_basna"" title=""アクセント"">da</u>sni","<var>x<sub>1</sub></var> は <var>x<sub>2</sub></var> を <var>x<sub>3</sub></var> (着用様式)で着ている / 履いている / 被っている / 身に付けている","<li>着る; 着ている</li><li>着用</li>","<li>das</li>","<li>&lt;ダサいニット&gt;</li>","<li><a href=""https://jbovlaste.lojban.org/dict/taxfu?bg=1;langidarg=10"" title=""x1 は x2 (身体部分 / 性別 / 種族)・ x3 (目的 / 機能)の衣服 / 服飾"">taxfu</a></li>","<div class=""mupli""><p lang=""jbo"">{co'a} {dasni}</p><p lang=""ja"">着る</p></div><div class=""mupli""><p lang=""jbo"">{co'u} {dasni}</p><p lang=""ja"">脱ぐ</p></div>","A1::etc","[sound:dasni.flac]"
"0831f948-b5ad-4ba2-a954-542194cab3f7","djacu","ˈdʒaʃu","gismu","<u class=""se_basna"" title=""アクセント"">dja</u>cu","<var>x<sub>1</sub></var> は水; <var>x<sub>1</sub></var> は水溶性 / 含水の","<li>水</li>","<li>jac</li><li>jau</li>",,"<li><a href=""https://jbovlaste.lojban.org/dict/lalxu?bg=1;langidarg=10"" title=""x1 は x2 (所)の湖 / 池 / 水たまり"">lalxu</a></li><li><a href=""https://jbovlaste.lojban.org/dict/rirxe?bg=1;langidarg=10"" title=""x1 は x2 (土地)の x3 (流域)が x4 (河口)に流れる河川"">rirxe</a></li><li><a href=""https://jbovlaste.lojban.org/dict/xamsi?bg=1;langidarg=10"" title=""x1 は x2 (領域 / 惑星)・ x3 (液体成分)の海 / 海洋"">xamsi</a></li><li><a href=""https://jbovlaste.lojban.org/dict/limna?bg=1;langidarg=10"" title=""x1 は x2 (液体)中を泳ぐ / 水泳する"">limna</a></li><li><a href=""https://jbovlaste.lojban.org/dict/litki?bg=1;langidarg=10"" title=""x1 は x2 (成分 / 物質)の、 x3 (条件)における液体 / 流動体"">litki</a></li><li><a href=""https://jbovlaste.lojban.org/dict/lumci?bg=1;langidarg=10"" title=""x1 は x2 の汚れ x3 を洗浄剤 / 用具 x4 で洗う"">lumci</a></li><li><a href=""https://jbovlaste.lojban.org/dict/bumru?bg=1;langidarg=10"" title=""x1 は x2 (液体成分)の霧 / 水蒸気 / もや; x1 は霧っぽい / もやもやしている / かすんでいる"">bumru</a></li><li><a href=""https://jbovlaste.lojban.org/dict/jinto?bg=1;langidarg=10"" title=""x1 は x2 (液体)・ x3 (所)の井戸 /(石油 / 天然ガスの)井 / 泉 / 鉱泉 / 温泉"">jinto</a></li>",,"A1::etc","[sound:djacu.flac]"
"51e95eac-4f95-412c-ba1e-24fa930487ab","djuno","ˈdʒuno","gismu","<u class=""se_basna"" title=""アクセント"">dju</u>no","<var>x<sub>1</sub></var> は <var>x<sub>2</sub></var> (命題)・ <var>x<sub>3</sub></var> (題目)を <var>x<sub>4</sub></var> (認識体系)で知る","<li>知る</li>","<li>jun</li><li>ju'o</li>",,"<li><a href=""https://jbovlaste.lojban.org/dict/se?bg=1;langidarg=10"" title=""x1-x2 転換 : selbri の左に付いてPSの x1 と x2 を転換する"">se</a> <a href=""https://jbovlaste.lojban.org/dict/slabu?bg=1;langidarg=10"" title=""x1 は x2 (者)にとって x3 (性質)の点で x4 (観点)から判断してなじみがある"">slabu</a></li><li><a href=""https://jbovlaste.lojban.org/dict/na'e?bg=1;langidarg=10"" title=""段階否定(〜以外の / 〜ではなく) : 段階詞;"">na'e</a> <a href=""https://jbovlaste.lojban.org/dict/cnino?bg=1;langidarg=10"" title=""x1 は x2 (者)にとって、 x3 (性質)・ x4 (基準)に関して新しい"">cnino</a></li><li><a href=""https://jbovlaste.lojban.org/dict/na'e?bg=1;langidarg=10"" title=""段階否定(〜以外の / 〜ではなく) : 段階詞;"">na'e</a> <a href=""https://jbovlaste.lojban.org/dict/fange?bg=1;langidarg=10"" title=""x1 は x2 にたいして x3 (性質)の点で異質 / 外来 / 別世界的 / 風変わり"">fange</a></li><li><a href=""https://jbovlaste.lojban.org/dict/du'o?bg=1;langidarg=10"" title=""〜によると : djuno 法制詞, x1"">du'o</a></li><li><a href=""https://jbovlaste.lojban.org/dict/cilre?bg=1;langidarg=10"" title=""x1 は x2 (命題)・ x3 (題目)を x4 (情報源)から x5 (方法)によって習う"">cilre</a></li><li><a href=""https://jbovlaste.lojban.org/dict/certu?bg=1;langidarg=10"" title=""x1 は x2 (事 / 行為)の、 x3 (基準)における玄人 / 達人 / プロ / ベテラン"">certu</a></li><li><a href=""https://jbovlaste.lojban.org/dict/facki?bg=1;langidarg=10"" title=""x1 は x2 (命題)を x3 (題目)について発見する; x1 は x3 (物)を見つける / 探し当てる"">facki</a></li><li><a href=""https://jbovlaste.lojban.org/dict/jijnu?bg=1;langidarg=10"" title=""x1 は x2 (命題)を x3 (題目)について直感する / 勘づく"">jijnu</a></li><li><a href=""https://jbovlaste.lojban.org/dict/jimpe?bg=1;langidarg=10"" title=""x1 は x2 (命題)を x3 (題目)について理解する; x1 は x3 がわかる"">jimpe</a></li><li><a href=""https://jbovlaste.lojban.org/dict/senpi?bg=1;langidarg=10"" title=""x1 は x2 (命題)の真実性を疑う; x2 は信憑性に欠ける"">senpi</a></li><li><a href=""https://jbovlaste.lojban.org/dict/smadi?bg=1;langidarg=10"" title=""x1 は x2 (命題)を、 x3 (題目)について推測する"">smadi</a></li><li><a href=""https://jbovlaste.lojban.org/dict/kakne?bg=1;langidarg=10"" title=""x1 は x2 (事)が x3 (条件)においてできる; x1 は有能"">kakne</a></li><li><a href=""https://jbovlaste.lojban.org/dict/birti?bg=1;langidarg=10"" title=""x1 は x2 (命題)が真であると確信している"">birti</a></li><li><a href=""https://jbovlaste.lojban.org/dict/mipri?bg=1;langidarg=10"" title=""x1 は x2 を x3 から、 x4 (方法)によって匿う / 隠す / 秘密にする"">mipri</a></li><li><a href=""https://jbovlaste.lojban.org/dict/morji?bg=1;langidarg=10"" title=""x1 は x2 (命題)を x3 (題目)について思い出す / 回想する"">morji</a></li><li><a href=""https://jbovlaste.lojban.org/dict/saske?bg=1;langidarg=10"" title=""x1 (事実群)は x2 (題目)・ x3 (方法論)の科学的知識"">saske</a></li><li><a href=""https://jbovlaste.lojban.org/dict/viska?bg=1;langidarg=10"" title=""x1 は x2 を x3 (状態条件)のもと視覚する; x1 には x2 が見える; x1 には視覚能力 / 光学的感知能力がある"">viska</a></li>",,"A1::etc","[sound:djuno.flac]"
"2518f62f-066b-4765-8f31-49210c83fd60","dunda","ˈdunda","gismu","<u class=""se_basna"" title=""アクセント"">du</u>nda","<var>x<sub>1</sub></var> は <var>x<sub>2</sub></var> を <var>x<sub>3</sub></var> (者)に与える / 贈る / 授ける","<li>与える</li>","<li>dud</li><li>du'a</li>",,,,"A1::etc","[sound:dunda.flac]"
"8871645a-400c-487d-b651-aa8e2db9a941","fagri","ˈfagri","gismu","<u class=""se_basna"" title=""アクセント"">fa</u>gri","<var>x<sub>1</sub></var> は <var>x<sub>2</sub></var> (燃料)・ <var>x<sub>3</sub></var> (酸化料)による火 / 炎","<li>火</li>","<li>fag</li>",,"<li><a href=""https://jbovlaste.lojban.org/dict/jelca?bg=1;langidarg=10"" title=""x1 は x2 (温度)・ x3 (気体)において燃える; x1 には可燃性がある"">jelca</a></li><li><a href=""https://jbovlaste.lojban.org/dict/sacki?bg=1;langidarg=10"" title=""x1 は x2 (素材 / 仕組)による発火装置"">sacki</a></li>","<div class=""mupli""><p lang=""jbo"">o'i fagri snuti</p><p lang=""ja"">火の用心</p></div>","A1::etc","[sound:fagri.flac]"
"b97a0227-5df2-42c8-aac0-e2a6da804364","ganse","ˈgansɛ","gismu","<u class=""se_basna"" title=""アクセント"">ga</u>nse","<var>x<sub>1</sub></var> (者)は <var>x<sub>2</sub></var> (性質)を <var>x<sub>3</sub></var> (手段)によって、 <var>x<sub>4</sub></var> (環境条件)のもと感知 / 感得する / 感じ取る; <var>x<sub>1</sub></var> は <var>x<sub>2</sub></var> にたいして敏感 / センシティヴ","<li>感知</li>","<li>gas</li><li>ga'e</li>",,"<li><a href=""https://jbovlaste.lojban.org/dict/pencu?bg=1;langidarg=10"" title=""x1 は x2 (対象本体)・ x3 (対象箇所)を x4 で触る"">pencu</a></li><li><a href=""https://jbovlaste.lojban.org/dict/sanji?bg=1;langidarg=10"" title=""x1 は x2 (物 / 事)について意識がある; x1 は x2 を意識 / 認識している"">sanji</a></li><li><a href=""https://jbovlaste.lojban.org/dict/viska?bg=1;langidarg=10"" title=""x1 は x2 を x3 (状態条件)のもと視覚する; x1 には x2 が見える; x1 には視覚能力 / 光学的感知能力がある"">viska</a></li><li><a href=""https://jbovlaste.lojban.org/dict/sumne?bg=1;langidarg=10"" title=""x1 は x2 を嗅ぐ / 匂う"">sumne</a></li><li><a href=""https://jbovlaste.lojban.org/dict/tirna?bg=1;langidarg=10"" title=""x1 は x2 (対象音声)を x3 (環境音声)にたいして聞く; x2 が x1 に聞こえる; x1 には聴覚がある; x2 は可聴音"">tirna</a></li><li><a href=""https://jbovlaste.lojban.org/dict/zgana?bg=1;langidarg=10"" title=""x1 は x2 (対象)を x3 (方法)・ x4 (条件)で観察 / 観賞 / 鑑賞する"">zgana</a></li><li><a href=""https://jbovlaste.lojban.org/dict/canci?bg=1;langidarg=10"" title=""x1 は x2 (所 / 視界)から消える"">canci</a></li><li><a href=""https://jbovlaste.lojban.org/dict/simlu?bg=1;langidarg=10"" title=""x1 は x2 (性質)であるよう x3 (者)に x4 (状態条件)の下で見受けられる; x1 は x2 らしい気が x3 にする"">simlu</a></li>",,"A1::etc","[sound:ganse.flac]"
"ed748d08-d181-427a-9eb7-c4907332863d","gunma","ˈgunma","gismu","<u class=""se_basna"" title=""アクセント"">gu</u>nma","<var>x<sub>1</sub></var> は <var>x<sub>2</sub></var> (要素)からなる群 / 団","<li>群</li>","<li>gum</li>","<li>群</li><li>gun(共)</li><li>mass</li>","<li><a href=""https://jbovlaste.lojban.org/dict/bende?bg=1;langidarg=10"" title=""x1 は x2 (者達)・ x3 (引率者)からなる、 x4 (目的)のための仲間 / チーム / 乗組員 / バンド / 班"">bende</a></li><li><a href=""https://jbovlaste.lojban.org/dict/girzu?bg=1;langidarg=10"" title=""x1 は x2 (共通性質)・ x3 (集合)・ x4 (関係)の組 / チーム"">girzu</a></li><li><a href=""https://jbovlaste.lojban.org/dict/pagbu?bg=1;langidarg=10"" title=""x1 は x2 (本体)の部分 / 部品 / 要素; x2 は部分的に x1"">pagbu</a></li><li><a href=""https://jbovlaste.lojban.org/dict/loi?bg=1;langidarg=10"" title=""そうである群 : 冠詞(客観系); selbri を冠する"">loi</a></li><li><a href=""https://jbovlaste.lojban.org/dict/lei?bg=1;langidarg=10"" title=""形容された群 : 冠詞(主観系); selbri を冠する"">lei</a></li><li><a href=""https://jbovlaste.lojban.org/dict/lai?bg=1;langidarg=10"" title=""名付けられた群 : 冠詞(渾名系); selbri あるいは cmevla を冠する;"">lai</a></li><li><a href=""https://jbovlaste.lojban.org/dict/ciste?bg=1;langidarg=10"" title=""x1 (lu'o)は構造 x2 を持ち、 x3 (構成要素の集合)からなる、性質 x4 (ka)を示す体系 / システム"">ciste</a></li><li><a href=""https://jbovlaste.lojban.org/dict/cmima?bg=1;langidarg=10"" title=""x1 は x2 (集合)の成員 / メンバー; x1 は x2 に属する"">cmima</a></li><li><a href=""https://jbovlaste.lojban.org/dict/kansa?bg=1;langidarg=10"" title=""x1 は x2 に、 x3 (事)において伴う / 付き添う; x1 と x2 は一緒"">kansa</a></li><li><a href=""https://jbovlaste.lojban.org/dict/tinci?bg=1;langidarg=10"" title=""x1 はスズ(Sn)"">tinci</a></li>",,"A1::etc","[sound:gunma.flac]"
"33a14553-87a0-4a4a-822e-f9f1e19fadce","jbena","ʒˈbɛna","gismu","j<u class=""se_basna"" title=""アクセント"">be</u>na","<var>x<sub>1</sub></var> は <var>x<sub>2</sub></var> (産主)による <var>x<sub>3</sub></var> (日時)・ <var>x<sub>4</sub></var> (所)の生まれである; <var>x<sub>2</sub></var> は <var>x<sub>1</sub></var> の産みの親","<li>生まれ</li><li>出生</li>","<li>jbe</li>",,"<li><a href=""https://jbovlaste.lojban.org/dict/fange?bg=1;langidarg=10"" title=""x1 は x2 にたいして x3 (性質)の点で異質 / 外来 / 別世界的 / 風変わり"">fange</a></li><li><a href=""https://jbovlaste.lojban.org/dict/gutra?bg=1;langidarg=10"" title=""x1 は x2 (本体)の子宮"">gutra</a></li><li><a href=""https://jbovlaste.lojban.org/dict/rorci?bg=1;langidarg=10"" title=""x1 は x2 (子)を x3 との間にもうける"">rorci</a></li><li><a href=""https://jbovlaste.lojban.org/dict/mamta?bg=1;langidarg=10"" title=""x1 は x2 の母親; x1 は母性的"">mamta</a></li><li><a href=""https://jbovlaste.lojban.org/dict/salci?bg=1;langidarg=10"" title=""x1 は x2 (事)を x3 (行動)で祝う / 礼拝する"">salci</a></li><li><a href=""https://jbovlaste.lojban.org/dict/citsi?bg=1;langidarg=10"" title=""x1 は x2 (性質 / 周期特性)・ x3 (年)の季節"">citsi</a></li>",,"A1::etc","[sound:jbena.flac]"
"6728382c-491d-4350-a2b6-ee94d09bf6b8","kakne","ˈkaknɛ","gismu","<u class=""se_basna"" title=""アクセント"">ka</u>kne","<var>x<sub>1</sub></var> は <var>x<sub>2</sub></var> (事)が <var>x<sub>3</sub></var> (条件)においてできる; <var>x<sub>1</sub></var> は有能","<li>できる</li>","<li>ka'e</li>","<li>できるから書くね</li>","<li><a href=""https://jbovlaste.lojban.org/dict/stati?bg=1;langidarg=10"" title=""x1 には x2 (事 / 行為)の才能 / 素質がある"">stati</a></li><li><a href=""https://jbovlaste.lojban.org/dict/certu?bg=1;langidarg=10"" title=""x1 は x2 (事 / 行為)の、 x3 (基準)における玄人 / 達人 / プロ / ベテラン"">certu</a></li><li><a href=""https://jbovlaste.lojban.org/dict/gasnu?bg=1;langidarg=10"" title=""x1 (者)は x2 (事)をする"">gasnu</a></li><li><a href=""https://jbovlaste.lojban.org/dict/ka'e?bg=1;langidarg=10"" title=""できる、あり得る : 間制詞(モダリティ); 内在的可能性;"">ka'e</a></li><li><a href=""https://jbovlaste.lojban.org/dict/nu'o?bg=1;langidarg=10"" title=""可能だが未実現 : 間制詞(モダリティ); 潜在的に可能だが未だ実現していない"">nu'o</a></li><li><a href=""https://jbovlaste.lojban.org/dict/pu'i?bg=1;langidarg=10"" title=""可能かつ実現 : 間制詞(モダリティ); 可能性が実現されたことを表す"">pu'i</a></li><li><a href=""https://jbovlaste.lojban.org/dict/djuno?bg=1;langidarg=10"" title=""x1 は x2 (命題)・ x3 (題目)を x4 (認識体系)で知る"">djuno</a></li><li><a href=""https://jbovlaste.lojban.org/dict/zifre?bg=1;langidarg=10"" title=""x1 は自由である、 x2 (事 / 状態)になることにおいて、 x3 という条件で"">zifre</a></li>",,"A1::etc","[sound:kakne.flac]"
"7ae60bc1-2bd9-449c-83ae-8afb026b25e4","kelci","ˈkɛlʃi","gismu","<u class=""se_basna"" title=""アクセント"">ke</u>lci","<var>x<sub>1</sub></var> は <var>x<sub>2</sub></var> (道具 / 方法)で遊ぶ","<li>遊ぶ</li>","<li>kel</li><li>kei</li>","<li>遊びで蹴るし</li>","<li><a href=""https://jbovlaste.lojban.org/dict/jivna?bg=1;langidarg=10"" title=""x1 は x2 と x3 (事)に関して x4 (利益)を競う / 競合する / 試合する"">jivna</a></li><li><a href=""https://jbovlaste.lojban.org/dict/jinga?bg=1;langidarg=10"" title=""x1 は x2 (利益)を x3 (競合相手 / 敗者)から x4 (試合)において勝ち取る; x1 は x3 に勝利する; x3 は x1に敗北する"">jinga</a></li><li><a href=""https://jbovlaste.lojban.org/dict/zdile?bg=1;langidarg=10"" title=""x1 (事)は x2 にとって x3 (性質)についておもしろい / 愉しい; x2 は x1 を楽しむ"">zdile</a></li>",,"A1::etc","[sound:kelci.flac]"
"7abc14f4-d90e-4ff2-9a1c-116080474965","klama","kˈlama","gismu","k<u class=""se_basna"" title=""アクセント"">la</u>ma","<var>x<sub>1</sub></var> は <var>x<sub>2</sub></var> (終点)に <var>x<sub>3</sub></var> (起点)から <var>x<sub>4</sub></var> (経路)を <var>x<sub>5</sub></var> (方法)で行く / 来る","<li>行く</li><li>往来</li><li>来る</li><li>行来</li>","<li>kla</li>","<li>来る</li>","<li><a href=""https://jbovlaste.lojban.org/dict/cadzu?bg=1;langidarg=10"" title=""x1 は x2 (表面)を x3 (肢)で歩く"">cadzu</a></li><li><a href=""https://jbovlaste.lojban.org/dict/bajra?bg=1;langidarg=10"" title=""x1 は x2 (表面)を x3 (肢)・ x4 (調子)で走る"">bajra</a></li><li><a href=""https://jbovlaste.lojban.org/dict/marce?bg=1;langidarg=10"" title=""x1 は x2 を x3 (媒体)・ x4 (原動力)で運ぶ輸送機関 / 乗物"">marce</a></li><li><a href=""https://jbovlaste.lojban.org/dict/vofli?bg=1;langidarg=10"" title=""x1 は x2 (原動力)で飛ぶ / 飛行する"">vofli</a></li><li><a href=""https://jbovlaste.lojban.org/dict/litru?bg=1;langidarg=10"" title=""x1 は x2 (経路)を x3 (方法)で旅する; x1 は旅人"">litru</a></li><li><a href=""https://jbovlaste.lojban.org/dict/muvdu?bg=1;langidarg=10"" title=""x1 (物)は x2 (終点)に x3 (始点)から x4 (経路)にわたって動く; x1 は動的"">muvdu</a></li><li><a href=""https://jbovlaste.lojban.org/dict/cpare?bg=1;langidarg=10"" title=""x1 は x2 (対象)を x3 (方向)・ x4 (手段)で登る"">cpare</a></li><li><a href=""https://jbovlaste.lojban.org/dict/ka'a?bg=1;langidarg=10"" title=""〜が行って / 来て : klama 法制詞, x1"">ka'a</a></li><li><a href=""https://jbovlaste.lojban.org/dict/pluta?bg=1;langidarg=10"" title=""x1 は x2 (終点)・ x3 (起点)・ x4 (途中の点の集合)の経路 / 道筋"">pluta</a></li><li><a href=""https://jbovlaste.lojban.org/dict/bevri?bg=1;langidarg=10"" title=""x1 は x2 (荷)を x3 (終点)に x4 (始点)から x5 (道筋)を通って運ぶ"">bevri</a></li><li><a href=""https://jbovlaste.lojban.org/dict/farlu?bg=1;langidarg=10"" title=""x1 は x2 に x3 から、 x4 (照合枠 / 重力井戸)において落ちる / 降る"">farlu</a></li><li><a href=""https://jbovlaste.lojban.org/dict/limna?bg=1;langidarg=10"" title=""x1 は x2 (液体)中を泳ぐ / 水泳する"">limna</a></li><li><a href=""https://jbovlaste.lojban.org/dict/vitke?bg=1;langidarg=10"" title=""x1 は x2 (者)・ x3 (所 / 事)の客; x1 は x2 ・ x3 を訪れる"">vitke</a></li>",,"A1::etc","[sound:klama.flac]"
"d88b4abc-adb5-4dc0-9b24-d89db561927e","kufra","ˈkufra","gismu","<u class=""se_basna"" title=""アクセント"">ku</u>fra","<var>x<sub>1</sub></var> は <var>x<sub>2</sub></var> (環境性質)について快適 / 心地良さを感じる","<li>快適</li>","<li>kuf</li>",,"<li><a href=""https://jbovlaste.lojban.org/dict/cinmo?bg=1;langidarg=10"" title=""x1 は x2 (感情)を x3 について覚える; x1 は感情的 / ムードに浸っている"">cinmo</a></li>",,"A1::etc","[sound:kufra.flac]"
"e4b4e587-2fbb-4563-a05e-79687376992f","lamji","ˈlamʒi","gismu","<u class=""se_basna"" title=""アクセント"">la</u>mji","<var>x<sub>1</sub></var> は <var>x<sub>2</sub></var> に、 <var>x<sub>3</sub></var> (並列特性)・ <var>x<sub>4</sub></var> (並列方向)で隣接する / 隣り合う; <var>x<sub>1</sub></var> は <var>x<sub>2</sub></var> の隣","<li>隣接</li>","<li>lam</li><li>la'i</li>",,"<li><a href=""https://jbovlaste.lojban.org/dict/zvati?bg=1;langidarg=10"" title=""x1 (物 / 事)が x2 (事 / 所)に居る / 在る"">zvati</a></li><li><a href=""https://jbovlaste.lojban.org/dict/cpana?bg=1;langidarg=10"" title=""x1 は x2 (表面)の上に(置いて / 立って)在る、 x3 (観点)で"">cpana</a></li><li><a href=""https://jbovlaste.lojban.org/dict/jibni?bg=1;langidarg=10"" title=""x1 は x2 に、 x3 (性質)に関して近い / 近似"">jibni</a></li><li><a href=""https://jbovlaste.lojban.org/dict/diklo?bg=1;langidarg=10"" title=""x1 は x2 (局所)・ x3 (領域)について局所的 / ローカル; x1 は x2 に局在する"">diklo</a></li><li><a href=""https://jbovlaste.lojban.org/dict/stuzi?bg=1;langidarg=10"" title=""x1 は x2 (物 / 事)の本質的 / 恒久的な場所 / 現場"">stuzi</a></li><li><a href=""https://jbovlaste.lojban.org/dict/bartu?bg=1;langidarg=10"" title=""x1 は x2 の外 / 外部 / 外側"">bartu</a></li><li><a href=""https://jbovlaste.lojban.org/dict/jbini?bg=1;langidarg=10"" title=""x1 は x2 (集合)の間に在る、 x3 (性質)に関して; x1 は x2 の中間"">jbini</a></li>",,"A1::etc","[sound:lamji.flac]"
"342b10bc-5a75-4dde-87b5-c19403d0ab5f","manku","ˈmanku","gismu","<u class=""se_basna"" title=""アクセント"">ma</u>nku","<var>x<sub>1</sub></var> は暗い / 闇","<li>暗い</li>","<li>man</li>",,"<li><a href=""https://jbovlaste.lojban.org/dict/blabi?bg=1;langidarg=10"" title=""x1 は白色"">blabi</a></li><li><a href=""https://jbovlaste.lojban.org/dict/gusni?bg=1;langidarg=10"" title=""x1 (エネルギー)は x2 (対象)を x3 (光源)に基づいて照らす光; x3 は x2 を x1 で照らす"">gusni</a></li><li><a href=""https://jbovlaste.lojban.org/dict/ctino?bg=1;langidarg=10"" title=""x1 は x2 (物)・ x3 (光)の陰 / 影"">ctino</a></li><li><a href=""https://jbovlaste.lojban.org/dict/kandi?bg=1;langidarg=10"" title=""x1 は x2 (性質)に関して x3 (観点)にとって淡い / 薄い"">kandi</a></li><li><a href=""https://jbovlaste.lojban.org/dict/xekri?bg=1;langidarg=10"" title=""x1 は黒色"">xekri</a></li><li><a href=""https://jbovlaste.lojban.org/dict/ctino?bg=1;langidarg=10"" title=""x1 は x2 (物)・ x3 (光)の陰 / 影"">ctino</a></li>",,"A1::etc","[sound:manku.flac]"
"c882f96a-f655-4f93-9e14-2bc6ba1e2e2c","melbi","ˈmɛlbi","gismu","<u class=""se_basna"" title=""アクセント"">me</u>lbi","<var>x<sub>1</sub></var> は <var>x<sub>2</sub></var> (審美者)にとって <var>x<sub>3</sub></var> (性質)・ <var>x<sub>4</sub></var> (審美基準)において美しい / 綺麗 / 麗しい / ハンサム / かわいい","<li>ハンサムな</li><li>美しい</li><li>みめよい</li><li>かわいい</li><li>優雅な</li>","<li>mel</li><li>mle</li>",,"<li><a href=""https://jbovlaste.lojban.org/dict/pluka?bg=1;langidarg=10"" title=""x1 (事)は x2 にとって、 x3 (条件)のもと快い / 心地良い"">pluka</a></li><li><a href=""https://jbovlaste.lojban.org/dict/xamgu?bg=1;langidarg=10"" title=""x1 は x2 にとって、 x3 (基準)で良い / 好ましい"">xamgu</a></li>",,"A1::etc","[sound:melbi.flac]"
"1d59ec76-7a70-4ba6-a855-bfccac53d99f","minji","ˈminʒi","gismu","<u class=""se_basna"" title=""アクセント"">mi</u>nji","<var>x<sub>1</sub></var> は <var>x<sub>2</sub></var> (機能 / 用途)の機械","<li>機械</li>","<li>mi'i</li>","<li>&lt;みんな自動の機械&gt;</li><li>machine</li><li>ミンチ</li>","<li><a href=""https://jbovlaste.lojban.org/dict/cabra?bg=1;langidarg=10"" title=""x1 は x2 (機能)・ x3 (操縦者)の装置 / デバイス"">cabra</a></li><li><a href=""https://jbovlaste.lojban.org/dict/matra?bg=1;langidarg=10"" title=""x1 は x2 に出力する / を動かすモーター / エンジン / 原動機 / 発動機"">matra</a></li><li><a href=""https://jbovlaste.lojban.org/dict/tutci?bg=1;langidarg=10"" title=""x1 は x2 (目的)のための道具 / 用具 / 器具"">tutci</a></li><li><a href=""https://jbovlaste.lojban.org/dict/zukte?bg=1;langidarg=10"" title=""x1 は x2 (行動内容)を x3 (目的 / 目標)のために行為 / 実行する"">zukte</a></li><li><a href=""https://jbovlaste.lojban.org/dict/pilno?bg=1;langidarg=10"" title=""x1 は x2 (道具 / 機械 / 者)を x3 (目的)のために使う / 用いる"">pilno</a></li><li><a href=""https://jbovlaste.lojban.org/dict/skami?bg=1;langidarg=10"" title=""x1 は x2 (目的 / 機能)のコンピュータ"">skami</a></li>",,"A1::etc","[sound:minji.flac]"
"359cecfc-2e9e-4f37-a249-76a157099d10","mutce","ˈmutʃɛ","gismu","<u class=""se_basna"" title=""アクセント"">mu</u>tce","<var>x<sub>1</sub></var> は <var>x<sub>2</sub></var> (性質)に関して、 <var>x<sub>3</sub></var> (極性)に対して凄い; <var>x<sub>1</sub></var> はとても <var>x<sub>2</sub></var>","<li>凄い</li><li>とても</li>","<li>tce</li>","<li>むちぇむちぇ(めちゃめちゃ)凄い</li><li>mucho</li>","<li><a href=""https://jbovlaste.lojban.org/dict/milxe?bg=1;langidarg=10"" title=""x1 は x2 (性質)の点で温和 / 穏やか / まろやか / マイルド; x1 はあまり x2 ではない"">milxe</a></li><li><a href=""https://jbovlaste.lojban.org/dict/traji?bg=1;langidarg=10"" title=""x1 は x2 (性質)・ x3 (極性)・ x4 (集合 / 範囲)に関して極致(最上 / 最下)"">traji</a></li><li><a href=""https://jbovlaste.lojban.org/dict/banli?bg=1;langidarg=10"" title=""x1 は x2 (性質)に関して x3 (基準)で偉大 / 壮大 / 尊大"">banli</a></li><li><a href=""https://jbovlaste.lojban.org/dict/carmi?bg=1;langidarg=10"" title=""x1 は x2 (性質)に関して x3 (観点)で激しい / 強烈 / 激烈 / 猛烈 / 熱烈"">carmi</a></li><li><a href=""https://jbovlaste.lojban.org/dict/nutli?bg=1;langidarg=10"" title=""x1 は x2 (尺度 / 状態関係)において中性 / 中立; x1 を中間点として x2 が対立する"">nutli</a></li><li><a href=""https://jbovlaste.lojban.org/dict/traji?bg=1;langidarg=10"" title=""x1 は x2 (性質)・ x3 (極性)・ x4 (集合 / 範囲)に関して極致(最上 / 最下)"">traji</a></li>",,"A1::etc","[sound:mutce.flac]"
"aa462fa6-248c-4fb6-88a7-847b56fbd904","namcu","ˈnamʃu","gismu","<u class=""se_basna"" title=""アクセント"">na</u>mcu","<var>x<sub>1</sub></var> は数 / 量 / 値","<li>数</li>","<li>nac</li><li>na'u</li>","<li>number</li><li>cu(数)</li>","<li><a href=""https://jbovlaste.lojban.org/dict/lerfu?bg=1;langidarg=10"" title=""x1 は x2 (文字体系)において x3 を表す字(文字 / 数字)"">lerfu</a></li><li><a href=""https://jbovlaste.lojban.org/dict/mekso?bg=1;langidarg=10"" title=""x1 は x2 (原理)の数式 / 数学的表現"">mekso</a></li><li><a href=""https://jbovlaste.lojban.org/dict/klani?bg=1;langidarg=10"" title=""x1 は x2 (数)を測定値として x3 (尺度 / 概念)について測定された量"">klani</a></li>",,"A1::etc","[sound:namcu.flac]"
"ec08aae0-026c-4bf7-8ca3-941d0dddc221","nelci","ˈnɛlʃi","gismu","<u class=""se_basna"" title=""アクセント"">ne</u>lci","<var>x<sub>1</sub></var> は <var>x<sub>2</sub></var> (物 / 事)を好む / 好き / 気に入っている","<li>好む</li>","<li>nel</li><li>nei</li>",,"<li><a href=""https://jbovlaste.lojban.org/dict/cinmo?bg=1;langidarg=10"" title=""x1 は x2 (感情)を x3 について覚える; x1 は感情的 / ムードに浸っている"">cinmo</a></li><li><a href=""https://jbovlaste.lojban.org/dict/djica?bg=1;langidarg=10"" title=""x1 は x2 (事)を x3 (目的)のために欲する / 求める; x1 は x3 (目的)のために x2 (事)という欲求を満たしたい"">djica</a></li><li><a href=""https://jbovlaste.lojban.org/dict/pluka?bg=1;langidarg=10"" title=""x1 (事)は x2 にとって、 x3 (条件)のもと快い / 心地良い"">pluka</a></li><li><a href=""https://jbovlaste.lojban.org/dict/prami?bg=1;langidarg=10"" title=""x1 は x2 を愛する / にたいして愛情が湧く"">prami</a></li><li><a href=""https://jbovlaste.lojban.org/dict/rigni?bg=1;langidarg=10"" title=""x1 は x2 (者)にとって x3 (条件)において不快 / 不愉快 / いまいましい / 吐き気をもよおさせる; x2 は x1 に愛想を尽かす / 嫌悪感を覚える"">rigni</a></li><li><a href=""https://jbovlaste.lojban.org/dict/sinma?bg=1;langidarg=10"" title=""x1 は x2 を尊重・尊敬する; x2 は尊い"">sinma</a></li><li><a href=""https://jbovlaste.lojban.org/dict/trina?bg=1;langidarg=10"" title=""x1 は x2 を x3 (性質)で誘惑する; x1 は x2 にとって魅力的"">trina</a></li><li><a href=""https://jbovlaste.lojban.org/dict/xebni?bg=1;langidarg=10"" title=""x1 は x2 (物 / 者 / 事)を憎む; x1 は x2 にたいする怨恨を抱いている; x2 は憎らしい"">xebni</a></li><li><a href=""https://jbovlaste.lojban.org/dict/cuxna?bg=1;langidarg=10"" title=""x1 は x2 (選択肢)を x3 (集合)から選ぶ"">cuxna</a></li><li><a href=""https://jbovlaste.lojban.org/dict/pendo?bg=1;langidarg=10"" title=""x1 (者)は x2 (者)の友人; x1 は x2 にたいして友好的"">pendo</a></li>",,"A1::etc","[sound:nelci.flac]"
"aec6edd5-d129-42d7-9544-64a0bdc636a0","pendo","ˈpɛndo","gismu","<u class=""se_basna"" title=""アクセント"">pe</u>ndo","<var>x<sub>1</sub></var> (者)は <var>x<sub>2</sub></var> (者)の友人; <var>x<sub>1</sub></var> は <var>x<sub>2</sub></var> にたいして友好的","<li>友人</li>","<li>ped</li><li>pe'o</li>","<li>友人ペンどこ</li><li>朋(pen)友</li>","<li><a href=""https://jbovlaste.lojban.org/dict/bradi?bg=1;langidarg=10"" title=""x1 は x2 の、 x3 (抗争)における敵 / 敵対者 / 対抗者 / 相手 / 試合相手"">bradi</a></li><li><a href=""https://jbovlaste.lojban.org/dict/xendo?bg=1;langidarg=10"" title=""x1 (者)は x2 にたいして x3 (行為)で親切 / 優しい"">xendo</a></li><li><a href=""https://jbovlaste.lojban.org/dict/nelci?bg=1;langidarg=10"" title=""x1 は x2 (物 / 事)を好む / 好き / 気に入っている"">nelci</a></li><li><a href=""https://jbovlaste.lojban.org/dict/prami?bg=1;langidarg=10"" title=""x1 は x2 を愛する / にたいして愛情が湧く"">prami</a></li><li><a href=""https://jbovlaste.lojban.org/dict/bradi?bg=1;langidarg=10"" title=""x1 は x2 の、 x3 (抗争)における敵 / 敵対者 / 対抗者 / 相手 / 試合相手"">bradi</a></li>",,"A1::etc","[sound:pendo.flac]"
"38352075-2170-4729-825c-13679c7bbbb8","pilno","ˈpilno","gismu","<u class=""se_basna"" title=""アクセント"">pi</u>lno","<var>x<sub>1</sub></var> は <var>x<sub>2</sub></var> (道具 / 機械 / 者)を <var>x<sub>3</sub></var> (目的)のために使う / 用いる","<li>使う</li>","<li>pli</li>","<li>ピルの使い方</li>","<li><a href=""https://jbovlaste.lojban.org/dict/tutci?bg=1;langidarg=10"" title=""x1 は x2 (目的)のための道具 / 用具 / 器具"">tutci</a></li><li><a href=""https://jbovlaste.lojban.org/dict/cabra?bg=1;langidarg=10"" title=""x1 は x2 (機能)・ x3 (操縦者)の装置 / デバイス"">cabra</a></li><li><a href=""https://jbovlaste.lojban.org/dict/minji?bg=1;langidarg=10"" title=""x1 は x2 (機能 / 用途)の機械"">minji</a></li><li><a href=""https://jbovlaste.lojban.org/dict/gasnu?bg=1;langidarg=10"" title=""x1 (者)は x2 (事)をする"">gasnu</a></li><li><a href=""https://jbovlaste.lojban.org/dict/zukte?bg=1;langidarg=10"" title=""x1 は x2 (行動内容)を x3 (目的 / 目標)のために行為 / 実行する"">zukte</a></li><li><a href=""https://jbovlaste.lojban.org/dict/pi'o?bg=1;langidarg=10"" title=""〜が使って / 〜を使用者として : pilno 法制詞, x1"">pi'o</a></li><li><a href=""https://jbovlaste.lojban.org/dict/sazri?bg=1;langidarg=10"" title=""x1 は x2 を x3 (目的)のために操作する"">sazri</a></li><li><a href=""https://jbovlaste.lojban.org/dict/jibri?bg=1;langidarg=10"" title=""x1 は x2 (者)の職 / 仕事; x2 は x1 に就職している"">jibri</a></li>",,"A1::etc","[sound:pilno.flac]"
"c7bd3279-9dde-4e5b-80ca-31b185b2a94e","remna","ˈrɛmna","gismu","<u class=""se_basna"" title=""アクセント"">re</u>mna","<var>x<sub>1</sub></var> は生物学的ヒト / ホモサピエンス","<li>ヒト</li>","<li>rem</li><li>re'a</li>",,"<li><a href=""https://jbovlaste.lojban.org/dict/nanmu?bg=1;langidarg=10"" title=""x1 は男(の人)"">nanmu</a></li><li><a href=""https://jbovlaste.lojban.org/dict/ninmu?bg=1;langidarg=10"" title=""x1 は女(の人)"">ninmu</a></li><li><a href=""https://jbovlaste.lojban.org/dict/prenu?bg=1;langidarg=10"" title=""x1 は(心理学上の)人; x1 は人格を有する"">prenu</a></li>",,"A1::etc","[sound:remna.flac]"
"3c467dcf-319b-4381-a421-3d77017bba3a","sisti","ˈsisti","gismu","<u class=""se_basna"" title=""アクセント"">si</u>sti","<var>x<sub>1</sub></var> (者)は <var>x<sub>2</sub></var> (動作 / 過程 / 状態)をやめる / 中止 / 終了する","<li>終了</li>","<li>sti</li>",,"<li><a href=""https://jbovlaste.lojban.org/dict/fanmo?bg=1;langidarg=10"" title=""x1 は x2 (物 / 過程)の終わり"">fanmo</a></li><li><a href=""https://jbovlaste.lojban.org/dict/mulno?bg=1;langidarg=10"" title=""x1 (事)は完了している; x1 は x2 (性質)に関して、 x3 (観点)において包括的 / 総体的"">mulno</a></li><li><a href=""https://jbovlaste.lojban.org/dict/cfari?bg=1;langidarg=10"" title=""x1 (事 / 状態)は始まる / 開始する"">cfari</a></li><li><a href=""https://jbovlaste.lojban.org/dict/denpa?bg=1;langidarg=10"" title=""x1 は x2 (事)を x3 (状態)ながら待つ、 x4 (事)の開始以前 / 再開以前に"">denpa</a></li><li><a href=""https://jbovlaste.lojban.org/dict/fliba?bg=1;langidarg=10"" title=""x1 は x2 (事)に失敗する; x1 は x2 を怠る"">fliba</a></li>",,"A1::etc","[sound:sisti.flac]"
"b39ae3a5-98a2-4936-a55a-2de02809222b","stali","sˈtali","gismu","s<u class=""se_basna"" title=""アクセント"">ta</u>li","<var>x<sub>1</sub></var> は <var>x<sub>2</sub></var> (場 / 性質 / 状態)に留まる","<li>留まる</li>","<li>sta</li>",,"<li><a href=""https://jbovlaste.lojban.org/dict/vitno?bg=1;langidarg=10"" title=""x1 は x2 (性質)において x3 の観点で永続的 / 恒久 / 不滅"">vitno</a></li><li><a href=""https://jbovlaste.lojban.org/dict/zasni?bg=1;langidarg=10"" title=""x1 は x2 (性質)に関して、 x3 (観点)にとって一時的 / 過渡的 / 可変"">zasni</a></li><li><a href=""https://jbovlaste.lojban.org/dict/ralte?bg=1;langidarg=10"" title=""x1 は x2 を保持 / 維持する"">ralte</a></li><li><a href=""https://jbovlaste.lojban.org/dict/stodi?bg=1;langidarg=10"" title=""x1 は x2 (性質)の面で x3 (刺激 / 状況)にたいして不変 / 一定"">stodi</a></li><li><a href=""https://jbovlaste.lojban.org/dict/xabju?bg=1;langidarg=10"" title=""x1 は x2 (所)に住む / 暮らす / 棲息 / 生息する"">xabju</a></li><li><a href=""https://jbovlaste.lojban.org/dict/stuzi?bg=1;langidarg=10"" title=""x1 は x2 (物 / 事)の本質的 / 恒久的な場所 / 現場"">stuzi</a></li><li><a href=""https://jbovlaste.lojban.org/dict/renvi?bg=1;langidarg=10"" title=""x1 は x2 (事)を x3 (時間 / 期間)にわたって耐え抜く / 辛抱する / 我慢する; x1 は長持ちする"">renvi</a></li>",,"A1::etc","[sound:stali.flac]"
"0118bc54-ed98-493c-85c2-a93132311ed7","tavla","ˈtavla","gismu","<u class=""se_basna"" title=""アクセント"">ta</u>vla","<var>x<sub>1</sub></var> (者)は <var>x<sub>2</sub></var> (者)に <var>x<sub>3</sub></var> (題目)について <var>x<sub>4</sub></var> (言語)で話す / 語る","<li>語る</li>","<li>tav</li><li>ta'a</li>",,"<li><a href=""https://jbovlaste.lojban.org/dict/bacru?bg=1;langidarg=10"" title=""x1 は x2 (声 / 音)を発する"">bacru</a></li><li><a href=""https://jbovlaste.lojban.org/dict/cusku?bg=1;langidarg=10"" title=""x1 (者)は x2 (内容)を x3 (聴衆)に x4 (媒体)で表す / 言う / 表現する"">cusku</a></li><li><a href=""https://jbovlaste.lojban.org/dict/casnu?bg=1;langidarg=10"" title=""x1 (群)は x2 (題目)について話し合う / 検討 / 討議 / 論議 / 談議 / 談合する"">casnu</a></li><li><a href=""https://jbovlaste.lojban.org/dict/darlu?bg=1;langidarg=10"" title=""x1 は x2 (観点)を x3 (観点)に対して論理的・倫理的な根拠から擁護 / 主張する"">darlu</a></li><li><a href=""https://jbovlaste.lojban.org/dict/skicu?bg=1;langidarg=10"" title=""x1 (者)は x2 (物 / 事 / 状態)を x3 (者)に x4 (表現 / 文字列)によって描写 / 叙述する"">skicu</a></li><li><a href=""https://jbovlaste.lojban.org/dict/ciksi?bg=1;langidarg=10"" title=""x1 (者)は x2 (事 / 状態 / 性質)を x3 (者)に x4 (命題, du'u)で説明 / 弁明 / 解説する"">ciksi</a></li><li><a href=""https://jbovlaste.lojban.org/dict/bangu?bg=1;langidarg=10"" title=""x1 は x2 (使用者)が x3 (概念 / 命題 / 文字列)を表すのに用いる言語; x2 は x1 語を話す"">bangu</a></li>",,"A1::etc","[sound:tavla.flac]"
