"a2ba56cc-08e7-4459-a28f-dd53f2e8ca52","badri","ˈbadri","gismu","<u class=""se_basna"" title=""アクセント"">ba</u>dri","<var>x<sub>1</sub></var> は <var>x<sub>2</sub></var> (事)について悲しい / 落胆している; <var>x<sub>2</sub></var> は <var>x<sub>1</sub></var> を悲しませる","<li>悲しい</li>","<li>dri</li>",,"<li><a href=""https://jbovlaste.lojban.org/dict/klaku?bg=1;langidarg=10"" title=""x1 は x2 (涙)・ x3 (理由)で泣く"">klaku</a></li><li><a href=""https://jbovlaste.lojban.org/dict/gleki?bg=1;langidarg=10"" title=""x1 は x2 (事)に関して嬉しい / 幸せ / 幸福 / 上機嫌"">gleki</a></li><li><a href=""https://jbovlaste.lojban.org/dict/betri?bg=1;langidarg=10"" title=""x1 は x2 にとって悲劇 / 災難 / 惨事"">betri</a></li><li><a href=""https://jbovlaste.lojban.org/dict/cinmo?bg=1;langidarg=10"" title=""x1 は x2 (感情)を x3 について覚える; x1 は感情的 / ムードに浸っている"">cinmo</a></li><li><a href=""https://jbovlaste.lojban.org/dict/junri?bg=1;langidarg=10"" title=""x1 (者)は x2 (事)に関してまじめ / 真剣 / 厳か / 熱心 / 本気"">junri</a></li>","<div class=""mupli""><p lang=""jbo"">lo nu le va prenu pu morsi binxo cu se badri</p><p lang=""ja"">その人の死んだことが悲しい</p></div>","A1::ペア・ワード","[sound:badri.flac]"
"1f7f99f6-6186-4687-bdcc-9086c796d38f","gleki","gˈlɛki","gismu","g<u class=""se_basna"" title=""アクセント"">le</u>ki","<var>x<sub>1</sub></var> は <var>x<sub>2</sub></var> (事)に関して嬉しい / 幸せ / 幸福 / 上機嫌","<li>嬉しい</li>","<li>gek</li><li>gei</li>","<li>嬉</li>","<li><a href=""https://jbovlaste.lojban.org/dict/badri?bg=1;langidarg=10"" title=""x1 は x2 (事)について悲しい / 落胆している; x2 は x1 を悲しませる"">badri</a></li><li><a href=""https://jbovlaste.lojban.org/dict/cinmo?bg=1;langidarg=10"" title=""x1 は x2 (感情)を x3 について覚える; x1 は感情的 / ムードに浸っている"">cinmo</a></li>",,"A1::ペア・ワード","[sound:gleki.flac]"
"de9256a2-44db-4797-8b4c-40e17444b40a","catke","ˈʃatkɛ","gismu","<u class=""se_basna"" title=""アクセント"">ca</u>tke","<var>x<sub>1</sub></var> は <var>x<sub>2</sub></var> (対象本体)・ <var>x<sub>3</sub></var> (対象箇所)を押す","<li>押す</li>","<li>ca'e</li>","<li>&lt;シャトー見学&gt;</li><li>shove</li><li>tuei(推)</li>","<li><a href=""https://jbovlaste.lojban.org/dict/danre?bg=1;langidarg=10"" title=""x1 (力)は x2 を圧する; x1 は圧力"">danre</a></li><li><a href=""https://jbovlaste.lojban.org/dict/lacpu?bg=1;langidarg=10"" title=""x1 は x2 (対象本体)・ x3 (対象箇所)を引く / 引っ張る"">lacpu</a></li>",,"A1::ペア・ワード","[sound:catke.flac]"
"66850527-9e5f-4932-a6ed-267cc6b841ae","lacpu","ˈlaʃpu","gismu","<u class=""se_basna"" title=""アクセント"">la</u>cpu","<var>x<sub>1</sub></var> は <var>x<sub>2</sub></var> (対象本体)・ <var>x<sub>3</sub></var> (対象箇所)を引く / 引っ張る","<li>引く</li>","<li>lap</li><li>cpu</li>",,"<li><a href=""https://jbovlaste.lojban.org/dict/catke?bg=1;langidarg=10"" title=""x1 は x2 (対象本体)・ x3 (対象箇所)を押す"">catke</a></li><li><a href=""https://jbovlaste.lojban.org/dict/sakci?bg=1;langidarg=10"" title=""x1 は x2 (低圧下のもの)を x3 (高圧下のもの)で吸う / 吸引する"">sakci</a></li><li><a href=""https://jbovlaste.lojban.org/dict/cokcu?bg=1;langidarg=10"" title=""x1 は x2 (対象)を x3 (起源)から x4 に吸収する; x1 は吸収性がある"">cokcu</a></li>",,"A1::ペア・ワード","[sound:lacpu.flac]"
"4f7b0860-d0c9-4581-84d6-b0db47385ae8","barda","ˈbarda","gismu","<u class=""se_basna"" title=""アクセント"">ba</u>rda","<var>x<sub>1</sub></var> は <var>x<sub>2</sub></var> (性質)に関して、 <var>x<sub>3</sub></var> (比較対象)の中で大きい","<li>大きい</li>","<li>bra</li>","<li>&lt;バー大規模&gt;</li>","<li><a href=""https://jbovlaste.lojban.org/dict/banli?bg=1;langidarg=10"" title=""x1 は x2 (性質)に関して x3 (基準)で偉大 / 壮大 / 尊大"">banli</a></li><li><a href=""https://jbovlaste.lojban.org/dict/clani?bg=1;langidarg=10"" title=""x1 は x2 (次元 / 方向)・ x3 (照合枠)において長い"">clani</a></li><li><a href=""https://jbovlaste.lojban.org/dict/ganra?bg=1;langidarg=10"" title=""x1 は x2 (次元)・ x3 (基準)において広い / 幅がある / ワイド"">ganra</a></li><li><a href=""https://jbovlaste.lojban.org/dict/condi?bg=1;langidarg=10"" title=""x1 は x2 (性質 / 方向)に関して x3 (照合枠)・ x4 (標準)において深い"">condi</a></li><li><a href=""https://jbovlaste.lojban.org/dict/plana?bg=1;langidarg=10"" title=""x1 は x2 (基準)において太っている / 肥満 / でぶ"">plana</a></li><li><a href=""https://jbovlaste.lojban.org/dict/cmalu?bg=1;langidarg=10"" title=""x1 は x2 (性質)に関して、 x3 (比較対象)の中で小さい"">cmalu</a></li><li><a href=""https://jbovlaste.lojban.org/dict/rotsu?bg=1;langidarg=10"" title=""x1 は x2 (次元 / 方向)・ x3 (基準)において太い / 厚い"">rotsu</a></li><li><a href=""https://jbovlaste.lojban.org/dict/banro?bg=1;langidarg=10"" title=""x1 は x2 (結果)に x3 (始原)から育つ / 育成する / 成長する"">banro</a></li><li><a href=""https://jbovlaste.lojban.org/dict/xanto?bg=1;langidarg=10"" title=""x1 は x2 (種類)のゾウ科動物"">xanto</a></li>","<div class=""mupli""><p lang=""jbo"">lo'i ratcu cu barda</p><p lang=""ja"">鼠の集合は大きい、鼠はたくさんいる</p></div><div class=""mupli""><p lang=""jbo"">le barda naje cmalu ba'ambyta'e cu se dunda pe'u</p><p lang=""ja"">大きいつづらではなく、小さいつづらをください</p></div>","A1::ペア・ワード","[sound:barda.flac]"
"720bc602-ba13-408b-9103-80d574fe1242","cmalu","ʃˈmalu","gismu","c<u class=""se_basna"" title=""アクセント"">ma</u>lu","<var>x<sub>1</sub></var> は <var>x<sub>2</sub></var> (性質)に関して、 <var>x<sub>3</sub></var> (比較対象)の中で小さい","<li>小さい</li>","<li>cma</li>","<li>ciau(小)</li><li>cmall</li><li>絞まる</li>","<li><a href=""https://jbovlaste.lojban.org/dict/caxno?bg=1;langidarg=10"" title=""x1 は x2 (方向 / 性質)に関して x3 (照合枠)・ x4 (基準)で浅い / 浅はか / 薄い"">caxno</a></li><li><a href=""https://jbovlaste.lojban.org/dict/cinla?bg=1;langidarg=10"" title=""x1 は x2 (次元 / 方向)・ x3 (照合枠)において細い / 薄い"">cinla</a></li><li><a href=""https://jbovlaste.lojban.org/dict/jarki?bg=1;langidarg=10"" title=""x1 は x2 (次元)・ x3 (基準)において狭い"">jarki</a></li><li><a href=""https://jbovlaste.lojban.org/dict/tordu?bg=1;langidarg=10"" title=""x1 は x2 (方向)・ x3 (尺度)に関して短い"">tordu</a></li><li><a href=""https://jbovlaste.lojban.org/dict/barda?bg=1;langidarg=10"" title=""x1 は x2 (性質)に関して、 x3 (比較対象)の中で大きい"">barda</a></li>","<div class=""mupli""><p lang=""jbo"">le barda naje cmalu ba'ambyta'e cu se dunda pe'u</p><p lang=""ja"">大きいつづらではなく、小さいつづらをください</p></div>","A1::ペア・ワード","[sound:cmalu.flac]"
"34a70461-71c3-4474-8390-c3459f4eb6f2","bartu","ˈbartu","gismu","<u class=""se_basna"" title=""アクセント"">ba</u>rtu","<var>x<sub>1</sub></var> は <var>x<sub>2</sub></var> の外 / 外部 / 外側","<li>外部</li>","<li>bar</li>","<li>&lt;バルト海&gt;</li><li>biau(表)</li><li>out</li>","<li><a href=""https://jbovlaste.lojban.org/dict/jibni?bg=1;langidarg=10"" title=""x1 は x2 に、 x3 (性質)に関して近い / 近似"">jibni</a></li><li><a href=""https://jbovlaste.lojban.org/dict/nenri?bg=1;langidarg=10"" title=""x1 は x2 の中(にある); x1 は内部 / 内側; x2 は x1 を内蔵する"">nenri</a></li><li><a href=""https://jbovlaste.lojban.org/dict/sruri?bg=1;langidarg=10"" title=""x1 は x2 を x3 (方向 / 次元 / 面)に関して包囲する / 取り囲む"">sruri</a></li><li><a href=""https://jbovlaste.lojban.org/dict/lamji?bg=1;langidarg=10"" title=""x1 は x2 に、 x3 (並列特性)・ x4 (並列方向)で隣接する / 隣り合う; x1 は x2 の隣"">lamji</a></li><li><a href=""https://jbovlaste.lojban.org/dict/korbi?bg=1;langidarg=10"" title=""x1 は x2 の、 x3 に接する端 / へり / 縁 / 境界"">korbi</a></li><li><a href=""https://jbovlaste.lojban.org/dict/calku?bg=1;langidarg=10"" title=""x1 は x2 を覆う、 x3 (成分)の殻"">calku</a></li><li><a href=""https://jbovlaste.lojban.org/dict/vasru?bg=1;langidarg=10"" title=""x1 は x2 を内に含む / 包む; x1 は x2 の容器"">vasru</a></li>","<div class=""mupli""><p lang=""jbo"">lo bartu be lo zdani cu lenku</p><p lang=""ja"">家の外は寒い(= lenku ne'inai lo zdani)</p></div>","A1::ペア・ワード","[sound:bartu.flac]"
"38241aea-bfee-4f91-9a54-93b31affb0ad","nenri","ˈnɛnri","gismu","<u class=""se_basna"" title=""アクセント"">ne</u>nri","<var>x<sub>1</sub></var> は <var>x<sub>2</sub></var> の中(にある); <var>x<sub>1</sub></var> は内部 / 内側; <var>x<sub>2</sub></var> は <var>x<sub>1</sub></var> を内蔵する","<li>内部</li><li>中</li>","<li>ner</li><li>ne'i</li>","<li>内部念入り</li>","<li><a href=""https://jbovlaste.lojban.org/dict/se?bg=1;langidarg=10"" title=""x1-x2 転換 : selbri の左に付いてPSの x1 と x2 を転換する"">se</a> <a href=""https://jbovlaste.lojban.org/dict/vasru?bg=1;langidarg=10"" title=""x1 は x2 を内に含む / 包む; x1 は x2 の容器"">vasru</a></li><li><a href=""https://jbovlaste.lojban.org/dict/jbini?bg=1;langidarg=10"" title=""x1 は x2 (集合)の間に在る、 x3 (性質)に関して; x1 は x2 の中間"">jbini</a></li><li><a href=""https://jbovlaste.lojban.org/dict/zvati?bg=1;langidarg=10"" title=""x1 (物 / 事)が x2 (事 / 所)に居る / 在る"">zvati</a></li><li><a href=""https://jbovlaste.lojban.org/dict/cpana?bg=1;langidarg=10"" title=""x1 は x2 (表面)の上に(置いて / 立って)在る、 x3 (観点)で"">cpana</a></li><li><a href=""https://jbovlaste.lojban.org/dict/sruri?bg=1;langidarg=10"" title=""x1 は x2 を x3 (方向 / 次元 / 面)に関して包囲する / 取り囲む"">sruri</a></li><li><a href=""https://jbovlaste.lojban.org/dict/senta?bg=1;langidarg=10"" title=""x1 は x2 (素材)・ x3 (構造)の層 / レイヤー"">senta</a></li><li><a href=""https://jbovlaste.lojban.org/dict/snuji?bg=1;langidarg=10"" title=""x1 は x2 (中身)・ x3 (挟む物)のサンドイッチ"">snuji</a></li><li><a href=""https://jbovlaste.lojban.org/dict/bartu?bg=1;langidarg=10"" title=""x1 は x2 の外 / 外部 / 外側"">bartu</a></li><li><a href=""https://jbovlaste.lojban.org/dict/diklo?bg=1;langidarg=10"" title=""x1 は x2 (局所)・ x3 (領域)について局所的 / ローカル; x1 は x2 に局在する"">diklo</a></li><li><a href=""https://jbovlaste.lojban.org/dict/jibni?bg=1;langidarg=10"" title=""x1 は x2 に、 x3 (性質)に関して近い / 近似"">jibni</a></li><li><a href=""https://jbovlaste.lojban.org/dict/jinru?bg=1;langidarg=10"" title=""x1 は x2 に漬かる / 浸かる / 沈む / 潜る"">jinru</a></li><li><a href=""https://jbovlaste.lojban.org/dict/setca?bg=1;langidarg=10"" title=""x1 (者)は x2 を x3 に挿入する; x2 は x3 に挟まれている"">setca</a></li>",,"A1::ペア・ワード","[sound:nenri.flac]"
"def095e0-58e5-4d90-acf2-3e4d6cb49797","cikna","ˈʃikna","gismu","<u class=""se_basna"" title=""アクセント"">ci</u>kna","<var>x<sub>1</sub></var> は目覚めている","<li>目覚め</li>","<li>cik</li>","<li>敷くな</li>","<li><a href=""https://jbovlaste.lojban.org/dict/sanji?bg=1;langidarg=10"" title=""x1 は x2 (物 / 事)について意識がある; x1 は x2 を意識 / 認識している"">sanji</a></li><li><a href=""https://jbovlaste.lojban.org/dict/sipna?bg=1;langidarg=10"" title=""x1 は寝ている; x1 は眠る"">sipna</a></li><li><a href=""https://jbovlaste.lojban.org/dict/tatpi?bg=1;langidarg=10"" title=""x1 は x2 (事)によって疲労 / 疲弊している / 疲れている"">tatpi</a></li>",,"A1::ペア・ワード","[sound:cikna.flac]"
"5028a58c-eb84-45da-b06a-50b8638d9f16","sipna","ˈsipna","gismu","<u class=""se_basna"" title=""アクセント"">si</u>pna","<var>x<sub>1</sub></var> は寝ている; <var>x<sub>1</sub></var> は眠る","<li>睡眠</li>","<li>sip</li>","<li>&lt;スィップなめて睡眠&gt;</li><li>睡スリープな</li>","<li><a href=""https://jbovlaste.lojban.org/dict/senva?bg=1;langidarg=10"" title=""x1 は x2 (事)を夢見る; x2 は夢想 / 幻想"">senva</a></li><li><a href=""https://jbovlaste.lojban.org/dict/tatpi?bg=1;langidarg=10"" title=""x1 は x2 (事)によって疲労 / 疲弊している / 疲れている"">tatpi</a></li><li><a href=""https://jbovlaste.lojban.org/dict/cikna?bg=1;langidarg=10"" title=""x1 は目覚めている"">cikna</a></li><li><a href=""https://jbovlaste.lojban.org/dict/sanji?bg=1;langidarg=10"" title=""x1 は x2 (物 / 事)について意識がある; x1 は x2 を意識 / 認識している"">sanji</a></li>",,"A1::ペア・ワード","[sound:sipna.flac]"
"d0253350-2a9f-4a5e-b51a-b5ba4b91a1e2","cilre","ˈʃilrɛ","gismu","<u class=""se_basna"" title=""アクセント"">ci</u>lre","<var>x<sub>1</sub></var> は <var>x<sub>2</sub></var> (命題)・ <var>x<sub>3</sub></var> (題目)を <var>x<sub>4</sub></var> (情報源)から <var>x<sub>5</sub></var> (方法)によって習う","<li>習う</li>","<li>cli</li>","<li>知る練習</li><li>ciue(学)</li><li>learn</li>","<li><a href=""https://jbovlaste.lojban.org/dict/ctuca?bg=1;langidarg=10"" title=""x1 は x2 (生徒 / 門下生)に x3 (命題)・ x4 (題目)を x5 (方法)で教える"">ctuca</a></li><li><a href=""https://jbovlaste.lojban.org/dict/tadni?bg=1;langidarg=10"" title=""x1 は x2 を学ぶ / 研究する; x1 は学生 / 研究家 / 学者"">tadni</a></li><li><a href=""https://jbovlaste.lojban.org/dict/djuno?bg=1;langidarg=10"" title=""x1 は x2 (命題)・ x3 (題目)を x4 (認識体系)で知る"">djuno</a></li><li><a href=""https://jbovlaste.lojban.org/dict/ckule?bg=1;langidarg=10"" title=""x1 は x2 (所)で x3 (科目)を x4 (聴衆)に教える、 x5 (者)によって営まれている教育機関 / 学習施設"">ckule</a></li>",,"A1::ペア・ワード","[sound:cilre.flac]"
"6015bd67-d1e1-4a72-a418-42ba7166f385","ctuca","ʃˈtuʃa","gismu","c<u class=""se_basna"" title=""アクセント"">tu</u>ca","<var>x<sub>1</sub></var> は <var>x<sub>2</sub></var> (生徒 / 門下生)に <var>x<sub>3</sub></var> (命題)・ <var>x<sub>4</sub></var> (題目)を <var>x<sub>5</sub></var> (方法)で教える","<li>教える</li>","<li>ctu</li>",,"<li><a href=""https://jbovlaste.lojban.org/dict/ckule?bg=1;langidarg=10"" title=""x1 は x2 (所)で x3 (科目)を x4 (聴衆)に教える、 x5 (者)によって営まれている教育機関 / 学習施設"">ckule</a></li><li><a href=""https://jbovlaste.lojban.org/dict/cilre?bg=1;langidarg=10"" title=""x1 は x2 (命題)・ x3 (題目)を x4 (情報源)から x5 (方法)によって習う"">cilre</a></li><li><a href=""https://jbovlaste.lojban.org/dict/tadni?bg=1;langidarg=10"" title=""x1 は x2 を学ぶ / 研究する; x1 は学生 / 研究家 / 学者"">tadni</a></li>",,"A1::ペア・ワード","[sound:ctuca.flac]"
"4f9a1868-3d37-46fc-aed6-f333eaa48d6c","cirko","ˈʃirko","gismu","<u class=""se_basna"" title=""アクセント"">ci</u>rko","<var>x<sub>1</sub></var> は <var>x<sub>2</sub></var> (物 / 者)を <var>x<sub>3</sub></var> (所)で失う; <var>x<sub>1</sub></var> は <var>x<sub>2</sub></var> (性質)を <var>x<sub>3</sub></var> (状況)で失う","<li>失う</li>","<li>cri</li>","<li>汁粉を失う</li>","<li><a href=""https://jbovlaste.lojban.org/dict/facki?bg=1;langidarg=10"" title=""x1 は x2 (命題)を x3 (題目)について発見する; x1 は x3 (物)を見つける / 探し当てる"">facki</a></li><li><a href=""https://jbovlaste.lojban.org/dict/ralte?bg=1;langidarg=10"" title=""x1 は x2 を保持 / 維持する"">ralte</a></li><li><a href=""https://jbovlaste.lojban.org/dict/sisku?bg=1;langidarg=10"" title=""x1 は x2 (性質)を x3 (集合)の中に探し求める / 模索する"">sisku</a></li><li><a href=""https://jbovlaste.lojban.org/dict/claxu?bg=1;langidarg=10"" title=""x1 は x2 を欠く; x1 は x2 無し"">claxu</a></li><li><a href=""https://jbovlaste.lojban.org/dict/jinga?bg=1;langidarg=10"" title=""x1 は x2 (利益)を x3 (競合相手 / 敗者)から x4 (試合)において勝ち取る; x1 は x3 に勝利する; x3 は x1に敗北する"">jinga</a></li><li><a href=""https://jbovlaste.lojban.org/dict/pleji?bg=1;langidarg=10"" title=""x1 は x2 (金 / 報酬)を x3 (者)に x4 (対価 / 商品 / サービス)のために支払う"">pleji</a></li><li><a href=""https://jbovlaste.lojban.org/dict/canja?bg=1;langidarg=10"" title=""x1 は x2 (差し出す対象)を x3 (受け取る対象)と、 x4 と交換する; x1 ・ x4 は貿易業者 / 投機家 / 相場師 / 物々交換する者"">canja</a></li><li><a href=""https://jbovlaste.lojban.org/dict/sfasa?bg=1;langidarg=10"" title=""x1 (者)は x2 (者)を x3 (違反 / 侵害)のために x4 (罰)でこらしめる / 罰する / 折檻 / 懲戒する"">sfasa</a></li><li><a href=""https://jbovlaste.lojban.org/dict/dapma?bg=1;langidarg=10"" title=""x1 は x2 を x3 (運命)に呪いつける"">dapma</a></li><li><a href=""https://jbovlaste.lojban.org/dict/binra?bg=1;langidarg=10"" title=""x1 は x2 (者)を x3 (危険 / 損害)にたいして x4 (特典)で保証 / 保障 / 補償する"">binra</a></li><li><a href=""https://jbovlaste.lojban.org/dict/mipri?bg=1;langidarg=10"" title=""x1 は x2 を x3 から、 x4 (方法)によって匿う / 隠す / 秘密にする"">mipri</a></li>",,"A1::ペア・ワード","[sound:cirko.flac]"
"a8767645-179c-41f4-8bb3-4f4983eef2c3","cpacu","ʃˈpaʃu","gismu","c<u class=""se_basna"" title=""アクセント"">pa</u>cu","<var>x<sub>1</sub></var> は <var>x<sub>2</sub></var> (対象)を <var>x<sub>3</sub></var> (起源)から入手する","<li>入手</li>","<li>cpa</li>",,"<li><a href=""https://jbovlaste.lojban.org/dict/punji?bg=1;langidarg=10"" title=""x1 は x2 を x3 (所)に置く / 設置する"">punji</a></li><li><a href=""https://jbovlaste.lojban.org/dict/lebna?bg=1;langidarg=10"" title=""x1 は x2 (物 / 性質)を x3 (者)から取る / 得る / 奪う / 盗む / 取り除く / 没収 / 着服する"">lebna</a></li><li><a href=""https://jbovlaste.lojban.org/dict/vimcu?bg=1;langidarg=10"" title=""x1 は x2 を x3 から、 x4 だけ残して除去 / 控除する / 差し引く"">vimcu</a></li>",,"A1::ペア・ワード","[sound:cpacu.flac]"
"810bc68a-41f7-4494-a95f-1b7de0593212","lenku","ˈlɛnku","gismu","<u class=""se_basna"" title=""アクセント"">le</u>nku","<var>x<sub>1</sub></var> は <var>x<sub>2</sub></var> (基準)において冷たい / 涼しい","<li>冷たい</li>","<li>lek</li>","<li>lei 冷</li>","<li><a href=""https://jbovlaste.lojban.org/dict/glare?bg=1;langidarg=10"" title=""x1 は x2 (基準)において熱い / 暖かい / 温い"">glare</a></li><li><a href=""https://jbovlaste.lojban.org/dict/bisli?bg=1;langidarg=10"" title=""x1 は x2 (成分)の氷 / 氷結物"">bisli</a></li>",,"A1::ペア・ワード","[sound:lenku.flac]"
"1e6c65f0-94bf-43d4-a09b-ecd3f3680111","glare","gˈlarɛ","gismu","g<u class=""se_basna"" title=""アクセント"">la</u>re","<var>x<sub>1</sub></var> は <var>x<sub>2</sub></var> (基準)において熱い / 暖かい / 温い","<li>熱い</li>","<li>gla</li>","<li>ギラギラ烈日</li><li>warm</li><li>caluroso</li><li>re(熱)</li>","<li><a href=""https://jbovlaste.lojban.org/dict/lenku?bg=1;langidarg=10"" title=""x1 は x2 (基準)において冷たい / 涼しい"">lenku</a></li>",,"A1::ペア・ワード","[sound:glare.flac]"
"c3be84c3-f9f8-4a3a-856a-d58c7793c06e","verba","ˈvɛrba","gismu","<u class=""se_basna"" title=""アクセント"">ve</u>rba","<var>x<sub>1</sub></var> は <var>x<sub>2</sub></var> (年齢)の、 <var>x<sub>3</sub></var> (観点)での子供","<li>こども</li>","<li>ver</li><li>ve'a</li>",,"<li><a href=""https://jbovlaste.lojban.org/dict/cifnu?bg=1;langidarg=10"" title=""x1 は x2 (生物種)の幼児 / 赤ちゃん"">cifnu</a></li><li><a href=""https://jbovlaste.lojban.org/dict/panzi?bg=1;langidarg=10"" title=""x1 は x2 (親)の生物学的子孫"">panzi</a></li><li><a href=""https://jbovlaste.lojban.org/dict/citno?bg=1;langidarg=10"" title=""x1 は x2 (基準)において若い"">citno</a></li><li><a href=""https://jbovlaste.lojban.org/dict/nanla?bg=1;langidarg=10"" title=""x1 は x2 (年齢)・ x3 (基準)の少年 / 未成熟の男"">nanla</a></li><li><a href=""https://jbovlaste.lojban.org/dict/nixli?bg=1;langidarg=10"" title=""x1 は x2 (年齢)・ x3 (基準)の少女 / 未成熟の女"">nixli</a></li><li><a href=""https://jbovlaste.lojban.org/dict/se?bg=1;langidarg=10"" title=""x1-x2 転換 : selbri の左に付いてPSの x1 と x2 を転換する"">se</a> <a href=""https://jbovlaste.lojban.org/dict/rirni?bg=1;langidarg=10"" title=""x1 は x2 の育ての親 / 保護者 / 保育者 / 養育者; x1 は x2 を育てる"">rirni</a></li><li><a href=""https://jbovlaste.lojban.org/dict/bersa?bg=1;langidarg=10"" title=""x1 は x2 (親)の息子"">bersa</a></li><li><a href=""https://jbovlaste.lojban.org/dict/makcu?bg=1;langidarg=10"" title=""x1 は x2 (性質)に関して成熟している; x1 は成人 / おとな"">makcu</a></li>",,"A1::ペア・ワード","[sound:verba.flac]"
"55e0b50a-bad2-454d-991a-471941fbac11","makcu","ˈmakʃu","gismu","<u class=""se_basna"" title=""アクセント"">ma</u>kcu","<var>x<sub>1</sub></var> は <var>x<sub>2</sub></var> (性質)に関して成熟している; <var>x<sub>1</sub></var> は成人 / おとな","<li>成熟</li>","<li>ma'u</li>",,"<li><a href=""https://jbovlaste.lojban.org/dict/cifnu?bg=1;langidarg=10"" title=""x1 は x2 (生物種)の幼児 / 赤ちゃん"">cifnu</a></li><li><a href=""https://jbovlaste.lojban.org/dict/ninmu?bg=1;langidarg=10"" title=""x1 は女(の人)"">ninmu</a></li><li><a href=""https://jbovlaste.lojban.org/dict/verba?bg=1;langidarg=10"" title=""x1 は x2 (年齢)の、 x3 (観点)での子供"">verba</a></li><li><a href=""https://jbovlaste.lojban.org/dict/banro?bg=1;langidarg=10"" title=""x1 は x2 (結果)に x3 (始原)から育つ / 育成する / 成長する"">banro</a></li><li><a href=""https://jbovlaste.lojban.org/dict/farvi?bg=1;langidarg=10"" title=""x1 は x2 に x3 から x4 (過程)を通じて発達 / 発展 / 進化する"">farvi</a></li><li><a href=""https://jbovlaste.lojban.org/dict/nanmu?bg=1;langidarg=10"" title=""x1 は男(の人)"">nanmu</a></li>","<div class=""mupli""><p lang=""jbo"">lo cmana rutrkaki po le cmana malsi zo'u za'o makcu</p><p lang=""ja"">山寺の山柿のうれたまゝ</p></div>","A1::ペア・ワード","[sound:makcu.flac]"
"d1302342-13fe-4fca-a4be-e6ae624f46c0","mamta","ˈmamta","gismu","<u class=""se_basna"" title=""アクセント"">ma</u>mta","<var>x<sub>1</sub></var> は <var>x<sub>2</sub></var> の母親; <var>x<sub>1</sub></var> は母性的","<li>母</li>","<li>mam</li>","<li>マム</li>","<li><a href=""https://jbovlaste.lojban.org/dict/patfu?bg=1;langidarg=10"" title=""x1 は x2 の父親"">patfu</a></li><li><a href=""https://jbovlaste.lojban.org/dict/sovda?bg=1;langidarg=10"" title=""x1 は x2 (生体)の卵 / 卵子 / 花粉 / 配偶子"">sovda</a></li><li><a href=""https://jbovlaste.lojban.org/dict/rirni?bg=1;langidarg=10"" title=""x1 は x2 の育ての親 / 保護者 / 保育者 / 養育者; x1 は x2 を育てる"">rirni</a></li><li><a href=""https://jbovlaste.lojban.org/dict/rorci?bg=1;langidarg=10"" title=""x1 は x2 (子)を x3 との間にもうける"">rorci</a></li><li><a href=""https://jbovlaste.lojban.org/dict/tarbi?bg=1;langidarg=10"" title=""x1 は x2 (母)・ x3 (父)による胎芽 / 胎児 / 胚芽 / 接合体"">tarbi</a></li><li><a href=""https://jbovlaste.lojban.org/dict/famti?bg=1;langidarg=10"" title=""x1 (者)は x2 (者)・ x3 (血縁関係)のおじ / おば"">famti</a></li><li><a href=""https://jbovlaste.lojban.org/dict/bersa?bg=1;langidarg=10"" title=""x1 は x2 (親)の息子"">bersa</a></li><li><a href=""https://jbovlaste.lojban.org/dict/jbena?bg=1;langidarg=10"" title=""x1 は x2 (産主)による x3 (日時)・ x4 (所)の生まれである; x2 は x1 の産みの親"">jbena</a></li>",,"A1::ペア・ワード","[sound:mamta.flac]"
"e2f84a46-dfcc-4684-a43d-30130146bd0d","patfu","ˈpatfu","gismu","<u class=""se_basna"" title=""アクセント"">pa</u>tfu","<var>x<sub>1</sub></var> は <var>x<sub>2</sub></var> の父親","<li>父親</li>","<li>paf</li><li>pa'u</li>","<li>パパと父(ふ)</li>","<li><a href=""https://jbovlaste.lojban.org/dict/mamta?bg=1;langidarg=10"" title=""x1 は x2 の母親; x1 は母性的"">mamta</a></li><li><a href=""https://jbovlaste.lojban.org/dict/rirni?bg=1;langidarg=10"" title=""x1 は x2 の育ての親 / 保護者 / 保育者 / 養育者; x1 は x2 を育てる"">rirni</a></li><li><a href=""https://jbovlaste.lojban.org/dict/rorci?bg=1;langidarg=10"" title=""x1 は x2 (子)を x3 との間にもうける"">rorci</a></li><li><a href=""https://jbovlaste.lojban.org/dict/tarbi?bg=1;langidarg=10"" title=""x1 は x2 (母)・ x3 (父)による胎芽 / 胎児 / 胚芽 / 接合体"">tarbi</a></li><li><a href=""https://jbovlaste.lojban.org/dict/dzena?bg=1;langidarg=10"" title=""x1 (者)は x2 (者)・ x3 (関係)の先祖 / 先人; x1 は先駆者"">dzena</a></li><li><a href=""https://jbovlaste.lojban.org/dict/famti?bg=1;langidarg=10"" title=""x1 (者)は x2 (者)・ x3 (血縁関係)のおじ / おば"">famti</a></li><li><a href=""https://jbovlaste.lojban.org/dict/panzi?bg=1;langidarg=10"" title=""x1 は x2 (親)の生物学的子孫"">panzi</a></li><li><a href=""https://jbovlaste.lojban.org/dict/bersa?bg=1;langidarg=10"" title=""x1 は x2 (親)の息子"">bersa</a></li><li><a href=""https://jbovlaste.lojban.org/dict/sovda?bg=1;langidarg=10"" title=""x1 は x2 (生体)の卵 / 卵子 / 花粉 / 配偶子"">sovda</a></li>",,"A1::ペア・ワード","[sound:patfu.flac]"
"a860e2a7-8fb7-48c9-b493-d8218f3a16f6","nanmu","ˈnanmu","gismu","<u class=""se_basna"" title=""アクセント"">na</u>nmu","<var>x<sub>1</sub></var> は男(の人)","<li>男</li>","<li>nau</li>","<li>nan(男)</li>","<li><a href=""https://jbovlaste.lojban.org/dict/ninmu?bg=1;langidarg=10"" title=""x1 は女(の人)"">ninmu</a></li><li><a href=""https://jbovlaste.lojban.org/dict/remna?bg=1;langidarg=10"" title=""x1 は生物学的ヒト / ホモサピエンス"">remna</a></li><li><a href=""https://jbovlaste.lojban.org/dict/prenu?bg=1;langidarg=10"" title=""x1 は(心理学上の)人; x1 は人格を有する"">prenu</a></li><li><a href=""https://jbovlaste.lojban.org/dict/makcu?bg=1;langidarg=10"" title=""x1 は x2 (性質)に関して成熟している; x1 は成人 / おとな"">makcu</a></li><li><a href=""https://jbovlaste.lojban.org/dict/nanla?bg=1;langidarg=10"" title=""x1 は x2 (年齢)・ x3 (基準)の少年 / 未成熟の男"">nanla</a></li><li><a href=""https://jbovlaste.lojban.org/dict/bersa?bg=1;langidarg=10"" title=""x1 は x2 (親)の息子"">bersa</a></li>",,"A1::ペア・ワード","[sound:nanmu.flac]"
"dd8840cc-38b1-4ad2-9504-96203f3cc84a","ninmu","ˈninmu","gismu","<u class=""se_basna"" title=""アクセント"">ni</u>nmu","<var>x<sub>1</sub></var> は女(の人)","<li>女</li>","<li>nim</li><li>ni'u</li>","<li>女の任務</li>","<li><a href=""https://jbovlaste.lojban.org/dict/nanmu?bg=1;langidarg=10"" title=""x1 は男(の人)"">nanmu</a></li><li><a href=""https://jbovlaste.lojban.org/dict/remna?bg=1;langidarg=10"" title=""x1 は生物学的ヒト / ホモサピエンス"">remna</a></li><li><a href=""https://jbovlaste.lojban.org/dict/prenu?bg=1;langidarg=10"" title=""x1 は(心理学上の)人; x1 は人格を有する"">prenu</a></li><li><a href=""https://jbovlaste.lojban.org/dict/makcu?bg=1;langidarg=10"" title=""x1 は x2 (性質)に関して成熟している; x1 は成人 / おとな"">makcu</a></li><li><a href=""https://jbovlaste.lojban.org/dict/nixli?bg=1;langidarg=10"" title=""x1 は x2 (年齢)・ x3 (基準)の少女 / 未成熟の女"">nixli</a></li>",,"A1::ペア・ワード","[sound:ninmu.flac]"
"6f16d308-a274-42f6-a114-03e602e80380","nixli","ˈnixli","gismu","<u class=""se_basna"" title=""アクセント"">ni</u>xli","<var>x<sub>1</sub></var> は <var>x<sub>2</sub></var> (年齢)・ <var>x<sub>3</sub></var> (基準)の少女 / 未成熟の女","<li>少女</li>","<li>nix</li><li>xli</li>","<li>少女の肉類</li>","<li><a href=""https://jbovlaste.lojban.org/dict/nanla?bg=1;langidarg=10"" title=""x1 は x2 (年齢)・ x3 (基準)の少年 / 未成熟の男"">nanla</a></li><li><a href=""https://jbovlaste.lojban.org/dict/verba?bg=1;langidarg=10"" title=""x1 は x2 (年齢)の、 x3 (観点)での子供"">verba</a></li><li><a href=""https://jbovlaste.lojban.org/dict/ninmu?bg=1;langidarg=10"" title=""x1 は女(の人)"">ninmu</a></li>",,"A1::ペア・ワード","[sound:nixli.flac]"
"969abc3a-a32d-4ca6-a3f1-06da79f8965c","nanla","ˈnanla","gismu","<u class=""se_basna"" title=""アクセント"">na</u>nla","<var>x<sub>1</sub></var> は <var>x<sub>2</sub></var> (年齢)・ <var>x<sub>3</sub></var> (基準)の少年 / 未成熟の男","<li>少年</li>",,"<li>少年何ら変わりなし</li><li>nan(男)</li><li>lad</li>","<li><a href=""https://jbovlaste.lojban.org/dict/nixli?bg=1;langidarg=10"" title=""x1 は x2 (年齢)・ x3 (基準)の少女 / 未成熟の女"">nixli</a></li><li><a href=""https://jbovlaste.lojban.org/dict/verba?bg=1;langidarg=10"" title=""x1 は x2 (年齢)の、 x3 (観点)での子供"">verba</a></li><li><a href=""https://jbovlaste.lojban.org/dict/nanmu?bg=1;langidarg=10"" title=""x1 は男(の人)"">nanmu</a></li><li><a href=""https://jbovlaste.lojban.org/dict/bersa?bg=1;langidarg=10"" title=""x1 は x2 (親)の息子"">bersa</a></li>",,"A1::ペア・ワード","[sound:nanla.flac]"
"83bf3960-99b8-49de-a0ba-2ce4d6c0f88c","nakni","ˈnakni","gismu","<u class=""se_basna"" title=""アクセント"">na</u>kni","<var>x<sub>1</sub></var> は <var>x<sub>2</sub></var> (生物種)の、 <var>x<sub>3</sub></var> (体現性質)に基づく男性 / 雄; <var>x<sub>1</sub></var> は男性的","<li>男性</li>","<li>nak</li>","<li>泣くになけない男性</li><li>nan(男)</li><li>masculine</li>","<li><a href=""https://jbovlaste.lojban.org/dict/fetsi?bg=1;langidarg=10"" title=""x1 は x2 (生物種)の、 x3 (体現性質)に基づく女性 / 雌; x1 は女性的"">fetsi</a></li><li><a href=""https://jbovlaste.lojban.org/dict/bersa?bg=1;langidarg=10"" title=""x1 は x2 (親)の息子"">bersa</a></li>",,"A1::ペア・ワード","[sound:nakni.flac]"
"68eedfa3-e8cd-492d-8548-735201a9d9e1","fetsi","ˈfɛtsi","gismu","<u class=""se_basna"" title=""アクセント"">fe</u>tsi","<var>x<sub>1</sub></var> は <var>x<sub>2</sub></var> (生物種)の、 <var>x<sub>3</sub></var> (体現性質)に基づく女性 / 雌; <var>x<sub>1</sub></var> は女性的","<li>女性</li>","<li>fet</li><li>fe'i</li>",,"<li><a href=""https://jbovlaste.lojban.org/dict/nakni?bg=1;langidarg=10"" title=""x1 は x2 (生物種)の、 x3 (体現性質)に基づく男性 / 雄; x1 は男性的"">nakni</a></li>",,"A1::ペア・ワード","[sound:fetsi.flac]"
"aa488687-275e-4aa7-a8ec-f2c5fc7b74d1","fanmo","ˈfanmo","gismu","<u class=""se_basna"" title=""アクセント"">fa</u>nmo","<var>x<sub>1</sub></var> は <var>x<sub>2</sub></var> (物 / 過程)の終わり","<li>終わり</li>","<li>fam</li><li>fa'o</li>","<li>&lt;ファン燃え尽きて&gt;</li>","<li><a href=""https://jbovlaste.lojban.org/dict/krasi?bg=1;langidarg=10"" title=""x1 (所 / 事)は x2 (物 / 者 / 事)の起源 / 根源 / 発祥地"">krasi</a></li><li><a href=""https://jbovlaste.lojban.org/dict/cfari?bg=1;langidarg=10"" title=""x1 (事 / 状態)は始まる / 開始する"">cfari</a></li><li><a href=""https://jbovlaste.lojban.org/dict/mulno?bg=1;langidarg=10"" title=""x1 (事)は完了している; x1 は x2 (性質)に関して、 x3 (観点)において包括的 / 総体的"">mulno</a></li><li><a href=""https://jbovlaste.lojban.org/dict/sisti?bg=1;langidarg=10"" title=""x1 (者)は x2 (動作 / 過程 / 状態)をやめる / 中止 / 終了する"">sisti</a></li><li><a href=""https://jbovlaste.lojban.org/dict/denpa?bg=1;langidarg=10"" title=""x1 は x2 (事)を x3 (状態)ながら待つ、 x4 (事)の開始以前 / 再開以前に"">denpa</a></li><li><a href=""https://jbovlaste.lojban.org/dict/jipno?bg=1;langidarg=10"" title=""x1 は x2 (本体)の先端 / 先っぽ"">jipno</a></li><li><a href=""https://jbovlaste.lojban.org/dict/kojna?bg=1;langidarg=10"" title=""x1 は x2 の角 / 隅"">kojna</a></li><li><a href=""https://jbovlaste.lojban.org/dict/traji?bg=1;langidarg=10"" title=""x1 は x2 (性質)・ x3 (極性)・ x4 (集合 / 範囲)に関して極致(最上 / 最下)"">traji</a></li><li><a href=""https://jbovlaste.lojban.org/dict/krasi?bg=1;langidarg=10"" title=""x1 (所 / 事)は x2 (物 / 者 / 事)の起源 / 根源 / 発祥地"">krasi</a></li>",,"A1::ペア・ワード","[sound:fanmo.flac]"
"36ff75c5-58fe-450b-a9a0-8a6a7c8e5202","krasi","kˈrasi","gismu","k<u class=""se_basna"" title=""アクセント"">ra</u>si","<var>x<sub>1</sub></var> (所 / 事)は <var>x<sub>2</sub></var> (物 / 者 / 事)の起源 / 根源 / 発祥地","<li>起源</li>","<li>kra</li>","<li>暮らすぃの起源</li>","<li><a href=""https://jbovlaste.lojban.org/dict/fanmo?bg=1;langidarg=10"" title=""x1 は x2 (物 / 過程)の終わり"">fanmo</a></li><li><a href=""https://jbovlaste.lojban.org/dict/ra'i?bg=1;langidarg=10"" title=""〜を起源として : krasi 法制詞, x1"">ra'i</a></li><li><a href=""https://jbovlaste.lojban.org/dict/sabji?bg=1;langidarg=10"" title=""x1 は x2 (物)を x3 (者)に供給 / 提供する供給源"">sabji</a></li><li><a href=""https://jbovlaste.lojban.org/dict/cfari?bg=1;langidarg=10"" title=""x1 (事 / 状態)は始まる / 開始する"">cfari</a></li><li><a href=""https://jbovlaste.lojban.org/dict/jipno?bg=1;langidarg=10"" title=""x1 は x2 (本体)の先端 / 先っぽ"">jipno</a></li><li><a href=""https://jbovlaste.lojban.org/dict/traji?bg=1;langidarg=10"" title=""x1 は x2 (性質)・ x3 (極性)・ x4 (集合 / 範囲)に関して極致(最上 / 最下)"">traji</a></li><li><a href=""https://jbovlaste.lojban.org/dict/kojna?bg=1;langidarg=10"" title=""x1 は x2 の角 / 隅"">kojna</a></li><li><a href=""https://jbovlaste.lojban.org/dict/genja?bg=1;langidarg=10"" title=""x1 は x2 (植物 / 種類)の根 / 地下茎"">genja</a></li><li><a href=""https://jbovlaste.lojban.org/dict/jicmu?bg=1;langidarg=10"" title=""x1 は x2 の基礎 / 基盤 / 根本 / 原理"">jicmu</a></li><li><a href=""https://jbovlaste.lojban.org/dict/sitna?bg=1;langidarg=10"" title=""x1 は x2 を x3 (情報 / 発言)のために引用 / 参照する"">sitna</a></li><li><a href=""https://jbovlaste.lojban.org/dict/jinto?bg=1;langidarg=10"" title=""x1 は x2 (液体)・ x3 (所)の井戸 /(石油 / 天然ガスの)井 / 泉 / 鉱泉 / 温泉"">jinto</a></li>",,"A1::ペア・ワード","[sound:krasi.flac]"
"238434d8-2f6d-44b0-bcd4-ed1b1eb469ab","stizu","sˈtizu","gismu","s<u class=""se_basna"" title=""アクセント"">ti</u>zu","<var>x<sub>1</sub></var> は椅子 / 腰掛 / ベンチ","<li>椅子</li>","<li>tiz</li>",,"<li><a href=""https://jbovlaste.lojban.org/dict/nilce?bg=1;langidarg=10"" title=""x1 は x2 (場所)に備え付く家具 / 調度品 / 備品 / 設置物"">nilce</a></li><li><a href=""https://jbovlaste.lojban.org/dict/zutse?bg=1;langidarg=10"" title=""x1 は x2 (表面)に座る / 着席する"">zutse</a></li><li><a href=""https://jbovlaste.lojban.org/dict/jubme?bg=1;langidarg=10"" title=""x1 は x2 (素材)・ x3 (脚 / 柱 / 台座)の机 / テーブル / 台"">jubme</a></li><li><a href=""https://jbovlaste.lojban.org/dict/ckana?bg=1;langidarg=10"" title=""x1 は x2 (素材)の、 x3 (者 / 物 / 事)を支えるための寝台 / ベッド"">ckana</a></li>",,"A1::ペア・ワード","[sound:stizu.flac]"
"66e60c56-661c-40e6-be39-d593ac504bab","jubme","ˈʒubmɛ","gismu","<u class=""se_basna"" title=""アクセント"">ju</u>bme","<var>x<sub>1</sub></var> は <var>x<sub>2</sub></var> (素材)・ <var>x<sub>3</sub></var> (脚 / 柱 / 台座)の机 / テーブル / 台","<li>机</li>","<li>jub</li><li>jbu</li>",,"<li><a href=""https://jbovlaste.lojban.org/dict/ckana?bg=1;langidarg=10"" title=""x1 は x2 (素材)の、 x3 (者 / 物 / 事)を支えるための寝台 / ベッド"">ckana</a></li><li><a href=""https://jbovlaste.lojban.org/dict/jamfu?bg=1;langidarg=10"" title=""x1 は x2 (本体)の足"">jamfu</a></li><li><a href=""https://jbovlaste.lojban.org/dict/nilce?bg=1;langidarg=10"" title=""x1 は x2 (場所)に備え付く家具 / 調度品 / 備品 / 設置物"">nilce</a></li><li><a href=""https://jbovlaste.lojban.org/dict/zbepi?bg=1;langidarg=10"" title=""x1 は x2 (対象 / 事象)を支える、材質 / 性質 x3 の土台 / 基礎 / スタンド / 台座"">zbepi</a></li><li><a href=""https://jbovlaste.lojban.org/dict/tsina?bg=1;langidarg=10"" title=""x1 は x2 (所)・ x3 (支持対象)・ x4 (素材)の壇 / ステージ"">tsina</a></li><li><a href=""https://jbovlaste.lojban.org/dict/stizu?bg=1;langidarg=10"" title=""x1 は椅子 / 腰掛 / ベンチ"">stizu</a></li>",,"A1::ペア・ワード","[sound:jubme.flac]"
"b48a84a0-67d7-421e-aee0-9a8cdb433e03","linto","ˈlinto","gismu","<u class=""se_basna"" title=""アクセント"">li</u>nto","<var>x<sub>1</sub></var> は <var>x<sub>2</sub></var> (基準)において軽い / 軽量","<li>軽い</li>","<li>li'o</li>","<li>軽いかりんとう</li>","<li><a href=""https://jbovlaste.lojban.org/dict/junta?bg=1;langidarg=10"" title=""x1 は x2 (物体)の、 x3 (環境)における重量 / 重さ"">junta</a></li><li><a href=""https://jbovlaste.lojban.org/dict/tilju?bg=1;langidarg=10"" title=""x1 は x2 (基準 / 観点)において重い"">tilju</a></li><li><a href=""https://jbovlaste.lojban.org/dict/se?bg=1;langidarg=10"" title=""x1-x2 転換 : selbri の左に付いてPSの x1 と x2 を転換する"">se</a> <a href=""https://jbovlaste.lojban.org/dict/xalbo?bg=1;langidarg=10"" title=""x1 は x2 (事)に関して軽率 / 無思慮 / 浮ついている / 不真面目"">xalbo</a></li><li><a href=""https://jbovlaste.lojban.org/dict/kandi?bg=1;langidarg=10"" title=""x1 は x2 (性質)に関して x3 (観点)にとって淡い / 薄い"">kandi</a></li>",,"A1::ペア・ワード","[sound:linto.flac]"
"c1385d89-29ab-46ea-9f3c-b1934cbfffcb","tilju","ˈtilʒu","gismu","<u class=""se_basna"" title=""アクセント"">ti</u>lju","<var>x<sub>1</sub></var> は <var>x<sub>2</sub></var> (基準 / 観点)において重い","<li>重い</li>","<li>tij</li>","<li>juu 重</li>","<li><a href=""https://jbovlaste.lojban.org/dict/linto?bg=1;langidarg=10"" title=""x1 は x2 (基準)において軽い / 軽量"">linto</a></li><li><a href=""https://jbovlaste.lojban.org/dict/carmi?bg=1;langidarg=10"" title=""x1 は x2 (性質)に関して x3 (観点)で激しい / 強烈 / 激烈 / 猛烈 / 熱烈"">carmi</a></li><li><a href=""https://jbovlaste.lojban.org/dict/se?bg=1;langidarg=10"" title=""x1-x2 転換 : selbri の左に付いてPSの x1 と x2 を転換する"">se</a> <a href=""https://jbovlaste.lojban.org/dict/junri?bg=1;langidarg=10"" title=""x1 (者)は x2 (事)に関してまじめ / 真剣 / 厳か / 熱心 / 本気"">junri</a></li><li><a href=""https://jbovlaste.lojban.org/dict/bunda?bg=1;langidarg=10"" title=""x1 は x2 (数)・ x3 (単位系)・ x4 (下位単位)の非メートル法 / 土着の質量 / 貫 / パウンド"">bunda</a></li><li><a href=""https://jbovlaste.lojban.org/dict/junta?bg=1;langidarg=10"" title=""x1 は x2 (物体)の、 x3 (環境)における重量 / 重さ"">junta</a></li>","<div class=""mupli""><p lang=""jbo"">lo bakni ke tilju selbei zo'u viska je badri</p><p lang=""ja"">牛の重荷は見てかなしい</p></div>","A1::ペア・ワード","[sound:tilju.flac]"
"3c992f23-05c8-436a-9bfb-fbf5408ccbef","viska","ˈviska","gismu","<u class=""se_basna"" title=""アクセント"">vi</u>ska","<var>x<sub>1</sub></var> は <var>x<sub>2</sub></var> を <var>x<sub>3</sub></var> (状態条件)のもと視覚する; <var>x<sub>1</sub></var> には <var>x<sub>2</sub></var> が見える; <var>x<sub>1</sub></var> には視覚能力 / 光学的感知能力がある","<li>視覚</li>","<li>vis</li><li>vi'a</li>","<li>ヴィジョン視覚</li>","<li><a href=""https://jbovlaste.lojban.org/dict/catlu?bg=1;langidarg=10"" title=""x1 は x2 を見る / 見つめる / 見入る"">catlu</a></li><li><a href=""https://jbovlaste.lojban.org/dict/jvinu?bg=1;langidarg=10"" title=""x1 は x2 (物 / 所)・ x3 (観点)の景観 / 景色 / 光景"">jvinu</a></li><li><a href=""https://jbovlaste.lojban.org/dict/zgana?bg=1;langidarg=10"" title=""x1 は x2 (対象)を x3 (方法)・ x4 (条件)で観察 / 観賞 / 鑑賞する"">zgana</a></li><li><a href=""https://jbovlaste.lojban.org/dict/ganse?bg=1;langidarg=10"" title=""x1 (者)は x2 (性質)を x3 (手段)によって、 x4 (環境条件)のもと感知 / 感得する / 感じ取る; x1 は x2 にたいして敏感 / センシティヴ"">ganse</a></li><li><a href=""https://jbovlaste.lojban.org/dict/kanla?bg=1;langidarg=10"" title=""x1 は x2 (本体)の目 / 眼 / 視覚器官; x1 は視覚者"">kanla</a></li><li><a href=""https://jbovlaste.lojban.org/dict/minra?bg=1;langidarg=10"" title=""x1 は x2 (物 / 放射)を x3 (観察者 / 基点)にたいして x4 として反映する; x2 は x1 に反射する; x1 は鏡"">minra</a></li><li><a href=""https://jbovlaste.lojban.org/dict/simlu?bg=1;langidarg=10"" title=""x1 は x2 (性質)であるよう x3 (者)に x4 (状態条件)の下で見受けられる; x1 は x2 らしい気が x3 にする"">simlu</a></li><li><a href=""https://jbovlaste.lojban.org/dict/djuno?bg=1;langidarg=10"" title=""x1 は x2 (命題)・ x3 (題目)を x4 (認識体系)で知る"">djuno</a></li><li><a href=""https://jbovlaste.lojban.org/dict/jimpe?bg=1;langidarg=10"" title=""x1 は x2 (命題)を x3 (題目)について理解する; x1 は x3 がわかる"">jimpe</a></li>",,"A1::ペア・ワード","[sound:viska.flac]"
"77be8508-08f6-47d7-acf8-c7d46b1ce44b","tirna","ˈtirna","gismu","<u class=""se_basna"" title=""アクセント"">ti</u>rna","<var>x<sub>1</sub></var> は <var>x<sub>2</sub></var> (対象音声)を <var>x<sub>3</sub></var> (環境音声)にたいして聞く; <var>x<sub>2</sub></var> が <var>x<sub>1</sub></var> に聞こえる; <var>x<sub>1</sub></var> には聴覚がある; <var>x<sub>2</sub></var> は可聴音","<li>聞く</li>","<li>tin</li>","<li>聞いているな</li>","<li><a href=""https://jbovlaste.lojban.org/dict/kerlo?bg=1;langidarg=10"" title=""x1 は x2 (本体)の耳 / 聴覚器官; x1 は聴覚者"">kerlo</a></li><li><a href=""https://jbovlaste.lojban.org/dict/sance?bg=1;langidarg=10"" title=""x1 は x2 が発する音; x2 は音がする"">sance</a></li><li><a href=""https://jbovlaste.lojban.org/dict/smaji?bg=1;langidarg=10"" title=""x1 は x2 (観察点)・ x3 (基準)において静か / 閑静 / 沈黙"">smaji</a></li><li><a href=""https://jbovlaste.lojban.org/dict/savru?bg=1;langidarg=10"" title=""x1 は x2 (者)・ x3 (知覚体系)にたいする騒音 / ノイズ"">savru</a></li><li><a href=""https://jbovlaste.lojban.org/dict/voksa?bg=1;langidarg=10"" title=""x1 は x2 (本体)の声"">voksa</a></li><li><a href=""https://jbovlaste.lojban.org/dict/ganse?bg=1;langidarg=10"" title=""x1 (者)は x2 (性質)を x3 (手段)によって、 x4 (環境条件)のもと感知 / 感得する / 感じ取る; x1 は x2 にたいして敏感 / センシティヴ"">ganse</a></li><li><a href=""https://jbovlaste.lojban.org/dict/zgana?bg=1;langidarg=10"" title=""x1 は x2 (対象)を x3 (方法)・ x4 (条件)で観察 / 観賞 / 鑑賞する"">zgana</a></li>",,"A1::ペア・ワード","[sound:tirna.flac]"
"ef9a4ceb-cf33-43a5-be64-ed44c2e3cb6e","pinxe","ˈpinxɛ","gismu","<u class=""se_basna"" title=""アクセント"">pi</u>nxe","<var>x<sub>1</sub></var> は <var>x<sub>2</sub></var> (液体)を <var>x<sub>3</sub></var> (容器 / 起源)から飲む","<li>飲む</li>","<li>pix</li>","<li>xe(喝)</li>","<li><a href=""https://jbovlaste.lojban.org/dict/cidja?bg=1;langidarg=10"" title=""x1 は x2 (摂食者)のための食べ物 / 食糧 / 餌; x1 は x2 に栄養価を与える; x1 は食用"">cidja</a></li><li><a href=""https://jbovlaste.lojban.org/dict/citka?bg=1;langidarg=10"" title=""x1 は x2 を食べる"">citka</a></li><li><a href=""https://jbovlaste.lojban.org/dict/taske?bg=1;langidarg=10"" title=""x1 は(喉の)渇きを感じる; x1 は渇きで x2 を求める"">taske</a></li><li><a href=""https://jbovlaste.lojban.org/dict/tunlo?bg=1;langidarg=10"" title=""x1 は x2 を飲み込む / 飲み下す"">tunlo</a></li><li><a href=""https://jbovlaste.lojban.org/dict/xaksu?bg=1;langidarg=10"" title=""x1 (事)は x2 (資源 / 材料)を費やす / 使い尽くす"">xaksu</a></li><li><a href=""https://jbovlaste.lojban.org/dict/barja?bg=1;langidarg=10"" title=""x1 は x2 (品)を x3 (客)に提供する酒場 / 居酒屋 / バー / パブ"">barja</a></li><li><a href=""https://jbovlaste.lojban.org/dict/birje?bg=1;langidarg=10"" title=""x1 は x2 (起源)の発泡酒 / ビール / エール"">birje</a></li>",,"A1::ペア・ワード","[sound:pinxe.flac]"
"18757998-3feb-4fdd-bbfc-c94fa7732fe7","citka","ˈʃitka","gismu","<u class=""se_basna"" title=""アクセント"">ci</u>tka","<var>x<sub>1</sub></var> は <var>x<sub>2</sub></var> を食べる","<li>食べる</li>","<li>cti</li>","<li>&lt;嫉妬隠して食う&gt;</li>","<li><a href=""https://jbovlaste.lojban.org/dict/cidja?bg=1;langidarg=10"" title=""x1 は x2 (摂食者)のための食べ物 / 食糧 / 餌; x1 は x2 に栄養価を与える; x1 は食用"">cidja</a></li><li><a href=""https://jbovlaste.lojban.org/dict/pinxe?bg=1;langidarg=10"" title=""x1 は x2 (液体)を x3 (容器 / 起源)から飲む"">pinxe</a></li><li><a href=""https://jbovlaste.lojban.org/dict/tunlo?bg=1;langidarg=10"" title=""x1 は x2 を飲み込む / 飲み下す"">tunlo</a></li><li><a href=""https://jbovlaste.lojban.org/dict/xagji?bg=1;langidarg=10"" title=""x1 は x2 に飢える; x1 は腹をすかしている / おなかがへっている; x1 は x2 (燃料 / 栄養)の補充を必要としている"">xagji</a></li><li><a href=""https://jbovlaste.lojban.org/dict/xaksu?bg=1;langidarg=10"" title=""x1 (事)は x2 (資源 / 材料)を費やす / 使い尽くす"">xaksu</a></li><li><a href=""https://jbovlaste.lojban.org/dict/batci?bg=1;langidarg=10"" title=""x1 は x2 (対象本体)・ x3 (対象箇所)を x4 で噛む"">batci</a></li><li><a href=""https://jbovlaste.lojban.org/dict/gusta?bg=1;langidarg=10"" title=""x1 は x2 (飲み物 / 食べ物)を x3 (客)に提供する飲食店 / レストラン / カフェテリア"">gusta</a></li><li><a href=""https://jbovlaste.lojban.org/dict/kabri?bg=1;langidarg=10"" title=""x1 は x2 (内容)・ x3 (素材)のコップ / カップ / タンブラー / マグ / 茶碗 / 杯"">kabri</a></li>",,"A1::ペア・ワード","[sound:citka.flac]"
"1a5dfa96-b153-4d16-9940-f88c3b73112b","cliva","ʃˈliva","gismu","c<u class=""se_basna"" title=""アクセント"">li</u>va","<var>x<sub>1</sub></var> は <var>x<sub>2</sub></var> から <var>x<sub>3</sub></var> (経路)によって離れる / 発つ / 別れる / 去る; <var>x<sub>1</sub></var> は <var>x<sub>2</sub></var> を残す","<li>離れる</li>","<li>liv</li><li>li'a</li>","<li>私利ばかりで人離れる</li>","<li><a href=""https://jbovlaste.lojban.org/dict/litru?bg=1;langidarg=10"" title=""x1 は x2 (経路)を x3 (方法)で旅する; x1 は旅人"">litru</a></li><li><a href=""https://jbovlaste.lojban.org/dict/canci?bg=1;langidarg=10"" title=""x1 は x2 (所 / 視界)から消える"">canci</a></li><li><a href=""https://jbovlaste.lojban.org/dict/vimcu?bg=1;langidarg=10"" title=""x1 は x2 を x3 から、 x4 だけ残して除去 / 控除する / 差し引く"">vimcu</a></li><li><a href=""https://jbovlaste.lojban.org/dict/lebna?bg=1;langidarg=10"" title=""x1 は x2 (物 / 性質)を x3 (者)から取る / 得る / 奪う / 盗む / 取り除く / 没収 / 着服する"">lebna</a></li><li><a href=""https://jbovlaste.lojban.org/dict/muvdu?bg=1;langidarg=10"" title=""x1 (物)は x2 (終点)に x3 (始点)から x4 (経路)にわたって動く; x1 は動的"">muvdu</a></li>",,"A1::ペア・ワード","[sound:cliva.flac]"
"5121fabe-7bb5-44e0-ba33-8310f81acdca","penmi","ˈpɛnmi","gismu","<u class=""se_basna"" title=""アクセント"">pe</u>nmi","<var>x<sub>1</sub></var> は <var>x<sub>2</sub></var> に <var>x<sub>3</sub></var> (所)で会う","<li>会う</li>","<li>pen</li><li>pe'i</li>",,"<li><a href=""https://jbovlaste.lojban.org/dict/jorne?bg=1;langidarg=10"" title=""x1 は x2 (対象本体)と、 x3 (対象箇所)において結合 / 接続している; x1 と x2 は結束している"">jorne</a></li><li><a href=""https://jbovlaste.lojban.org/dict/jikca?bg=1;langidarg=10"" title=""x1 は x2 と社交 / 交際する; x1 は x2 にたいして社会的に振舞う; x1 は社会人"">jikca</a></li><li><a href=""https://jbovlaste.lojban.org/dict/pencu?bg=1;langidarg=10"" title=""x1 は x2 (対象本体)・ x3 (対象箇所)を x4 で触る"">pencu</a></li>",,"A1::ペア・ワード","[sound:penmi.flac]"
"c6413e2c-458d-4a24-8053-d169d0b6ae38","prami","pˈrami","gismu","p<u class=""se_basna"" title=""アクセント"">ra</u>mi","<var>x<sub>1</sub></var> は <var>x<sub>2</sub></var> を愛する / にたいして愛情が湧く","<li>愛情</li><li>愛する</li>","<li>pam</li><li>pa'i</li>",,"<li><a href=""https://jbovlaste.lojban.org/dict/cinmo?bg=1;langidarg=10"" title=""x1 は x2 (感情)を x3 について覚える; x1 は感情的 / ムードに浸っている"">cinmo</a></li><li><a href=""https://jbovlaste.lojban.org/dict/xebni?bg=1;langidarg=10"" title=""x1 は x2 (物 / 者 / 事)を憎む; x1 は x2 にたいする怨恨を抱いている; x2 は憎らしい"">xebni</a></li><li><a href=""https://jbovlaste.lojban.org/dict/nelci?bg=1;langidarg=10"" title=""x1 は x2 (物 / 事)を好む / 好き / 気に入っている"">nelci</a></li><li><a href=""https://jbovlaste.lojban.org/dict/djica?bg=1;langidarg=10"" title=""x1 は x2 (事)を x3 (目的)のために欲する / 求める; x1 は x3 (目的)のために x2 (事)という欲求を満たしたい"">djica</a></li><li><a href=""https://jbovlaste.lojban.org/dict/sinma?bg=1;langidarg=10"" title=""x1 は x2 を尊重・尊敬する; x2 は尊い"">sinma</a></li><li><a href=""https://jbovlaste.lojban.org/dict/pluka?bg=1;langidarg=10"" title=""x1 (事)は x2 にとって、 x3 (条件)のもと快い / 心地良い"">pluka</a></li><li><a href=""https://jbovlaste.lojban.org/dict/kurji?bg=1;langidarg=10"" title=""x1 は x2 (物 / 者 / 事)を世話する / 面倒みる"">kurji</a></li><li><a href=""https://jbovlaste.lojban.org/dict/pendo?bg=1;langidarg=10"" title=""x1 (者)は x2 (者)の友人; x1 は x2 にたいして友好的"">pendo</a></li><li><a href=""https://jbovlaste.lojban.org/dict/speni?bg=1;langidarg=10"" title=""x1 は x2 と結婚している / の配偶者、 x3 (法律 / 規則 / 慣習)のもと"">speni</a></li>",,"A1::ペア・ワード","[sound:prami.flac]"
"04907105-e24f-4204-9c38-f492b8d6d42d","xebni","ˈxɛbni","gismu","<u class=""se_basna"" title=""アクセント"">xe</u>bni","<var>x<sub>1</sub></var> は <var>x<sub>2</sub></var> (物 / 者 / 事)を憎む; <var>x<sub>1</sub></var> は <var>x<sub>2</sub></var> にたいする怨恨を抱いている; <var>x<sub>2</sub></var> は憎らしい","<li>憎む</li>","<li>xen</li><li>xei</li>","<li>蛇に嫌いと言う</li>","<li><a href=""https://jbovlaste.lojban.org/dict/djica?bg=1;langidarg=10"" title=""x1 は x2 (事)を x3 (目的)のために欲する / 求める; x1 は x3 (目的)のために x2 (事)という欲求を満たしたい"">djica</a></li><li><a href=""https://jbovlaste.lojban.org/dict/nitcu?bg=1;langidarg=10"" title=""x1 は x2 を x3 (目的 / 行動)のために要する; x2 が x1 には必要"">nitcu</a></li><li><a href=""https://jbovlaste.lojban.org/dict/rigni?bg=1;langidarg=10"" title=""x1 は x2 (者)にとって x3 (条件)において不快 / 不愉快 / いまいましい / 吐き気をもよおさせる; x2 は x1 に愛想を尽かす / 嫌悪感を覚える"">rigni</a></li><li><a href=""https://jbovlaste.lojban.org/dict/prami?bg=1;langidarg=10"" title=""x1 は x2 を愛する / にたいして愛情が湧く"">prami</a></li><li><a href=""https://jbovlaste.lojban.org/dict/nelci?bg=1;langidarg=10"" title=""x1 は x2 (物 / 事)を好む / 好き / 気に入っている"">nelci</a></li>",,"A1::ペア・ワード","[sound:xebni.flac]"
"afd03b29-d57d-4440-bfff-67e49ddbb864","clani","ʃˈlani","gismu","c<u class=""se_basna"" title=""アクセント"">la</u>ni","<var>x<sub>1</sub></var> は <var>x<sub>2</sub></var> (次元 / 方向)・ <var>x<sub>3</sub></var> (照合枠)において長い","<li>長い</li>","<li>cla</li>",,"<li><a href=""https://jbovlaste.lojban.org/dict/slabu?bg=1;langidarg=10"" title=""x1 は x2 (者)にとって x3 (性質)の点で x4 (観点)から判断してなじみがある"">slabu</a></li><li><a href=""https://jbovlaste.lojban.org/dict/condi?bg=1;langidarg=10"" title=""x1 は x2 (性質 / 方向)に関して x3 (照合枠)・ x4 (標準)において深い"">condi</a></li><li><a href=""https://jbovlaste.lojban.org/dict/ganra?bg=1;langidarg=10"" title=""x1 は x2 (次元)・ x3 (基準)において広い / 幅がある / ワイド"">ganra</a></li><li><a href=""https://jbovlaste.lojban.org/dict/rotsu?bg=1;langidarg=10"" title=""x1 は x2 (次元 / 方向)・ x3 (基準)において太い / 厚い"">rotsu</a></li><li><a href=""https://jbovlaste.lojban.org/dict/tordu?bg=1;langidarg=10"" title=""x1 は x2 (方向)・ x3 (尺度)に関して短い"">tordu</a></li><li><a href=""https://jbovlaste.lojban.org/dict/barda?bg=1;langidarg=10"" title=""x1 は x2 (性質)に関して、 x3 (比較対象)の中で大きい"">barda</a></li><li><a href=""https://jbovlaste.lojban.org/dict/ganra?bg=1;langidarg=10"" title=""x1 は x2 (次元)・ x3 (基準)において広い / 幅がある / ワイド"">ganra</a></li><li><a href=""https://jbovlaste.lojban.org/dict/gutci?bg=1;langidarg=10"" title=""x1 は x2 (数)の、 x3 を下位単位とする、 x4 (規格圏)の尺 / フィート(非メートル法 / 土着的な距離単位のうち短いもの)"">gutci</a></li><li><a href=""https://jbovlaste.lojban.org/dict/minli?bg=1;langidarg=10"" title=""x1 は x2 (数)の、 x3 を下位単位とする、 x4 (規格圏)の里 / マイル(非メートル法 / 土着的な距離単位)"">minli</a></li><li><a href=""https://jbovlaste.lojban.org/dict/rotsu?bg=1;langidarg=10"" title=""x1 は x2 (次元 / 方向)・ x3 (基準)において太い / 厚い"">rotsu</a></li>",,"A1::ペア・ワード","[sound:clani.flac]"
"09efe3fe-d928-487c-862a-0d75bb92b955","tordu","ˈtordu","gismu","<u class=""se_basna"" title=""アクセント"">to</u>rdu","<var>x<sub>1</sub></var> は <var>x<sub>2</sub></var> (方向)・ <var>x<sub>3</sub></var> (尺度)に関して短い","<li>短い</li>","<li>tor</li><li>to'u</li>",,"<li><a href=""https://jbovlaste.lojban.org/dict/cmalu?bg=1;langidarg=10"" title=""x1 は x2 (性質)に関して、 x3 (比較対象)の中で小さい"">cmalu</a></li><li><a href=""https://jbovlaste.lojban.org/dict/jarki?bg=1;langidarg=10"" title=""x1 は x2 (次元)・ x3 (基準)において狭い"">jarki</a></li><li><a href=""https://jbovlaste.lojban.org/dict/caxno?bg=1;langidarg=10"" title=""x1 は x2 (方向 / 性質)に関して x3 (照合枠)・ x4 (基準)で浅い / 浅はか / 薄い"">caxno</a></li><li><a href=""https://jbovlaste.lojban.org/dict/cinla?bg=1;langidarg=10"" title=""x1 は x2 (次元 / 方向)・ x3 (照合枠)において細い / 薄い"">cinla</a></li><li><a href=""https://jbovlaste.lojban.org/dict/clani?bg=1;langidarg=10"" title=""x1 は x2 (次元 / 方向)・ x3 (照合枠)において長い"">clani</a></li>",,"A1::ペア・ワード","[sound:tordu.flac]"
"703a084d-821c-4c3b-91f7-1d315bdbf075","solri","ˈsolri","gismu","<u class=""se_basna"" title=""アクセント"">so</u>lri","<var>x<sub>1</sub></var> は <var>x<sub>2</sub></var> (惑星)の太陽 / 恒星 / 日","<li>太陽</li>","<li>sol</li>",,"<li><a href=""https://jbovlaste.lojban.org/dict/gusni?bg=1;langidarg=10"" title=""x1 (エネルギー)は x2 (対象)を x3 (光源)に基づいて照らす光; x3 は x2 を x1 で照らす"">gusni</a></li><li><a href=""https://jbovlaste.lojban.org/dict/lunra?bg=1;langidarg=10"" title=""x1 は地球の月; x1 は x2 の主要衛星"">lunra</a></li><li><a href=""https://jbovlaste.lojban.org/dict/mluni?bg=1;langidarg=10"" title=""x1 は x2 を周回する、 x3 (衛星特性)・ x4 (軌道特性)の衛星"">mluni</a></li><li><a href=""https://jbovlaste.lojban.org/dict/plini?bg=1;langidarg=10"" title=""x1 は x2 を周る、 x3 (惑星特性)・ x4 (軌道特性)の惑星"">plini</a></li><li><a href=""https://jbovlaste.lojban.org/dict/santa?bg=1;langidarg=10"" title=""x1 は x2 を x3 から護る、 x4 (素材)・ x5 (支え)の傘"">santa</a></li><li><a href=""https://jbovlaste.lojban.org/dict/terdi?bg=1;langidarg=10"" title=""x1 は x2 (生物種)の地球 / 主要惑星 / 母星"">terdi</a></li><li><a href=""https://jbovlaste.lojban.org/dict/tarci?bg=1;langidarg=10"" title=""x1 は x2 (特性)の星 / 恒星"">tarci</a></li>",,"A1::ペア・ワード","[sound:solri.flac]"
"bea3c35b-60b9-46be-9c57-7223175e2ff1","lunra","ˈlunra","gismu","<u class=""se_basna"" title=""アクセント"">lu</u>nra","<var>x<sub>1</sub></var> は地球の月; <var>x<sub>1</sub></var> は <var>x<sub>2</sub></var> の主要衛星","<li>月</li>","<li>lur</li>",,"<li><a href=""https://jbovlaste.lojban.org/dict/plini?bg=1;langidarg=10"" title=""x1 は x2 を周る、 x3 (惑星特性)・ x4 (軌道特性)の惑星"">plini</a></li><li><a href=""https://jbovlaste.lojban.org/dict/solri?bg=1;langidarg=10"" title=""x1 は x2 (惑星)の太陽 / 恒星 / 日"">solri</a></li><li><a href=""https://jbovlaste.lojban.org/dict/terdi?bg=1;langidarg=10"" title=""x1 は x2 (生物種)の地球 / 主要惑星 / 母星"">terdi</a></li><li><a href=""https://jbovlaste.lojban.org/dict/mluni?bg=1;langidarg=10"" title=""x1 は x2 を周回する、 x3 (衛星特性)・ x4 (軌道特性)の衛星"">mluni</a></li>",,"A1::ペア・ワード","[sound:lunra.flac]"
"2ee8f804-edf3-4f2b-b154-98bc37bf6ef3","jarki","ˈʒarki","gismu","<u class=""se_basna"" title=""アクセント"">ja</u>rki","<var>x<sub>1</sub></var> は <var>x<sub>2</sub></var> (次元)・ <var>x<sub>3</sub></var> (基準)において狭い","<li>狭い</li>","<li>jak</li>",,"<li><a href=""https://jbovlaste.lojban.org/dict/caxno?bg=1;langidarg=10"" title=""x1 は x2 (方向 / 性質)に関して x3 (照合枠)・ x4 (基準)で浅い / 浅はか / 薄い"">caxno</a></li><li><a href=""https://jbovlaste.lojban.org/dict/cinla?bg=1;langidarg=10"" title=""x1 は x2 (次元 / 方向)・ x3 (照合枠)において細い / 薄い"">cinla</a></li><li><a href=""https://jbovlaste.lojban.org/dict/tordu?bg=1;langidarg=10"" title=""x1 は x2 (方向)・ x3 (尺度)に関して短い"">tordu</a></li><li><a href=""https://jbovlaste.lojban.org/dict/tagji?bg=1;langidarg=10"" title=""x1 は x2 (対象本体)・ x3 (対象箇所)にたいして、かっちり / ぴったり / しっかりしている; x1 は x2 から外れない / 離れない"">tagji</a></li><li><a href=""https://jbovlaste.lojban.org/dict/cinla?bg=1;langidarg=10"" title=""x1 は x2 (次元 / 方向)・ x3 (照合枠)において細い / 薄い"">cinla</a></li><li><a href=""https://jbovlaste.lojban.org/dict/cmalu?bg=1;langidarg=10"" title=""x1 は x2 (性質)に関して、 x3 (比較対象)の中で小さい"">cmalu</a></li>",,"A1::ペア・ワード","[sound:jarki.flac]"
"084a591f-04ff-4b79-bb8f-342916101e86","ganra","ˈganra","gismu","<u class=""se_basna"" title=""アクセント"">ga</u>nra","<var>x<sub>1</sub></var> は <var>x<sub>2</sub></var> (次元)・ <var>x<sub>3</sub></var> (基準)において広い / 幅がある / ワイド","<li>広い</li>","<li>gan</li>",,"<li><a href=""https://jbovlaste.lojban.org/dict/clani?bg=1;langidarg=10"" title=""x1 は x2 (次元 / 方向)・ x3 (照合枠)において長い"">clani</a></li><li><a href=""https://jbovlaste.lojban.org/dict/jarki?bg=1;langidarg=10"" title=""x1 は x2 (次元)・ x3 (基準)において狭い"">jarki</a></li><li><a href=""https://jbovlaste.lojban.org/dict/rotsu?bg=1;langidarg=10"" title=""x1 は x2 (次元 / 方向)・ x3 (基準)において太い / 厚い"">rotsu</a></li><li><a href=""https://jbovlaste.lojban.org/dict/condi?bg=1;langidarg=10"" title=""x1 は x2 (性質 / 方向)に関して x3 (照合枠)・ x4 (標準)において深い"">condi</a></li><li><a href=""https://jbovlaste.lojban.org/dict/barda?bg=1;langidarg=10"" title=""x1 は x2 (性質)に関して、 x3 (比較対象)の中で大きい"">barda</a></li><li><a href=""https://jbovlaste.lojban.org/dict/gutci?bg=1;langidarg=10"" title=""x1 は x2 (数)の、 x3 を下位単位とする、 x4 (規格圏)の尺 / フィート(非メートル法 / 土着的な距離単位のうち短いもの)"">gutci</a></li><li><a href=""https://jbovlaste.lojban.org/dict/minli?bg=1;langidarg=10"" title=""x1 は x2 (数)の、 x3 を下位単位とする、 x4 (規格圏)の里 / マイル(非メートル法 / 土着的な距離単位)"">minli</a></li>",,"A1::ペア・ワード","[sound:ganra.flac]"
"5877d198-3a39-475c-a9b2-2f069ab656c8","dunli","ˈdunli","gismu","<u class=""se_basna"" title=""アクセント"">du</u>nli","<var>x<sub>1</sub></var> は <var>x<sub>2</sub></var> と <var>x<sub>3</sub></var> (性質)に関して同等","<li>同等</li>","<li>dun</li><li>du'i</li>",,"<li><a href=""https://jbovlaste.lojban.org/dict/du'i?bg=1;langidarg=10"" title=""〜が同じくらい : dunli 法制詞, x1"">du'i</a></li><li><a href=""https://jbovlaste.lojban.org/dict/satci?bg=1;langidarg=10"" title=""x1 は x2 (基準)に関して x3 (性質 / 数量)の点で精確"">satci</a></li><li><a href=""https://jbovlaste.lojban.org/dict/frica?bg=1;langidarg=10"" title=""x1 は x2 と、 x3 (性質)に関して違う / 異なる"">frica</a></li><li><a href=""https://jbovlaste.lojban.org/dict/simsa?bg=1;langidarg=10"" title=""x1 は x2 に、 x3 (性質)の点で似ている / 相似的; x1 は x2 のよう"">simsa</a></li><li><a href=""https://jbovlaste.lojban.org/dict/mintu?bg=1;langidarg=10"" title=""x1 は x2 と、 x3 (基準)において同種"">mintu</a></li>",,"A1::ペア・ワード","[sound:dunli.flac]"
"cc2a27a6-8e18-4226-a349-ce880f69b304","frica","fˈriʃa","gismu","f<u class=""se_basna"" title=""アクセント"">ri</u>ca","<var>x<sub>1</sub></var> は <var>x<sub>2</sub></var> と、 <var>x<sub>3</sub></var> (性質)に関して違う / 異なる","<li>違う</li>","<li>fic</li>",,"<li><a href=""https://jbovlaste.lojban.org/dict/ranxi?bg=1;langidarg=10"" title=""x1 (事)は x2 (予想 / 期待)に x3 (性質)の点で反する / 皮肉的"">ranxi</a></li><li><a href=""https://jbovlaste.lojban.org/dict/drata?bg=1;langidarg=10"" title=""x1 は x2 ではない何か、 x3 (基準)において; x1 は他のもの"">drata</a></li><li><a href=""https://jbovlaste.lojban.org/dict/dunli?bg=1;langidarg=10"" title=""x1 は x2 と x3 (性質)に関して同等"">dunli</a></li><li><a href=""https://jbovlaste.lojban.org/dict/simsa?bg=1;langidarg=10"" title=""x1 は x2 に、 x3 (性質)の点で似ている / 相似的; x1 は x2 のよう"">simsa</a></li><li><a href=""https://jbovlaste.lojban.org/dict/vrici?bg=1;langidarg=10"" title=""x1 (集合 / 群 / 個)は x2 (性質)の点で種々雑多 / 様々 / 色とりどり"">vrici</a></li>",,"A1::ペア・ワード","[sound:frica.flac]"
"872fdff3-b1b4-4deb-8831-2170a7b25c9f","jmive","ʒˈmivɛ","gismu","j<u class=""se_basna"" title=""アクセント"">mi</u>ve","<var>x<sub>1</sub></var> は <var>x<sub>2</sub></var> (観点 / 基準)において生きている; <var>x<sub>1</sub></var> は生物 / 生体 / 有機体","<li>生きている</li>","<li>miv</li><li>ji'e</li>","<li>live</li><li>生命は地味ヴェールに包まれている</li>","<li><a href=""https://jbovlaste.lojban.org/dict/lifri?bg=1;langidarg=10"" title=""x1 (者 / 事)は x2 (事)を経験する; x2 に x1 は見舞われる; x2 は経験的 / 実験上 / 実証可能"">lifri</a></li><li><a href=""https://jbovlaste.lojban.org/dict/morsi?bg=1;langidarg=10"" title=""x1 は死んでいる / 生が無い"">morsi</a></li><li><a href=""https://jbovlaste.lojban.org/dict/stuzi?bg=1;langidarg=10"" title=""x1 は x2 (物 / 事)の本質的 / 恒久的な場所 / 現場"">stuzi</a></li><li><a href=""https://jbovlaste.lojban.org/dict/zvati?bg=1;langidarg=10"" title=""x1 (物 / 事)が x2 (事 / 所)に居る / 在る"">zvati</a></li><li><a href=""https://jbovlaste.lojban.org/dict/xabju?bg=1;langidarg=10"" title=""x1 は x2 (所)に住む / 暮らす / 棲息 / 生息する"">xabju</a></li>",,"A1::ペア・ワード","[sound:jmive.flac]"
"ae2c42ec-0887-493d-a2b2-8d8fc81fa823","morsi","ˈmorsi","gismu","<u class=""se_basna"" title=""アクセント"">mo</u>rsi","<var>x<sub>1</sub></var> は死んでいる / 生が無い","<li>死</li>","<li>mro</li>","<li>si 死</li>","<li><a href=""https://jbovlaste.lojban.org/dict/jmive?bg=1;langidarg=10"" title=""x1 は x2 (観点 / 基準)において生きている; x1 は生物 / 生体 / 有機体"">jmive</a></li><li><a href=""https://jbovlaste.lojban.org/dict/catra?bg=1;langidarg=10"" title=""x1 は x2 を x3 (動作 / 方法)で殺す"">catra</a></li><li><a href=""https://jbovlaste.lojban.org/dict/betri?bg=1;langidarg=10"" title=""x1 は x2 にとって悲劇 / 災難 / 惨事"">betri</a></li>",,"A1::ペア・ワード","[sound:morsi.flac]"
"1f61584a-2f6a-4f71-9380-bbb1f4b222ba","xamgu","ˈxamgu","gismu","<u class=""se_basna"" title=""アクセント"">xa</u>mgu","<var>x<sub>1</sub></var> は <var>x<sub>2</sub></var> にとって、 <var>x<sub>3</sub></var> (基準)で良い / 好ましい","<li>すてきだ</li><li>よい</li><li>役に立つ</li><li>良い</li><li>可; まあまあである</li>","<li>xag</li><li>xau</li>","<li>よくかむグッド</li><li>xau(好)</li><li>good</li><li>bon</li>","<li><a href=""https://jbovlaste.lojban.org/dict/melbi?bg=1;langidarg=10"" title=""x1 は x2 (審美者)にとって x3 (性質)・ x4 (審美基準)において美しい / 綺麗 / 麗しい / ハンサム / かわいい"">melbi</a></li><li><a href=""https://jbovlaste.lojban.org/dict/xlali?bg=1;langidarg=10"" title=""x1 は x2 にとって、 x3 (基準)で悪い / 粗末"">xlali</a></li><li><a href=""https://jbovlaste.lojban.org/dict/vrude?bg=1;langidarg=10"" title=""x1 は x2 の観点で有徳 / 高潔 / 光栄"">vrude</a></li><li><a href=""https://jbovlaste.lojban.org/dict/zabna?bg=1;langidarg=10"" title=""x1 は x2 (性質)において、 x3 (基準)で好ましい / すぐれている / 実に見事だ / すばらしい / すてきだ / 一流だ / 傑出している / あっぱれだ / 見事だ / 称賛に値する / 立派だ / 望ましい / 楽しい / 感じのよい / 愛すべき / 精好だ / クールだ"">zabna</a></li>",,"A1::ペア・ワード","[sound:xamgu.flac]"
"d367c6a2-fbf0-4975-bf4a-52f6ed579e87","xlali","xˈlali","gismu","x<u class=""se_basna"" title=""アクセント"">la</u>li","<var>x<sub>1</sub></var> は <var>x<sub>2</sub></var> にとって、 <var>x<sub>3</sub></var> (基準)で悪い / 粗末","<li>悪い</li>","<li>xla</li>","<li>フラリと悪い道に</li>","<li><a href=""https://jbovlaste.lojban.org/dict/palci?bg=1;langidarg=10"" title=""x1 は x2 (基準)において悪質 / 非道 / 堕落的"">palci</a></li><li><a href=""https://jbovlaste.lojban.org/dict/mabla?bg=1;langidarg=10"" title=""x1 は x2 (性質)において、 x3 (基準)で不愉快だ / クソみたいだ / くだらない / 実にひどい / 嘆かわしい / まったくいやだ / あさましい / ひどくみすぼらしい / 粗末だ / 粗悪だ / 卑劣だ / 劣っている; x1 は x2の点で x3にとってむかつく / 嫌気がさす / 実に不愉快だ"">mabla</a></li><li><a href=""https://jbovlaste.lojban.org/dict/xamgu?bg=1;langidarg=10"" title=""x1 は x2 にとって、 x3 (基準)で良い / 好ましい"">xamgu</a></li><li><a href=""https://jbovlaste.lojban.org/dict/betri?bg=1;langidarg=10"" title=""x1 は x2 にとって悲劇 / 災難 / 惨事"">betri</a></li>",,"A1::ペア・ワード","[sound:xlali.flac]"
"12bce4a5-d7d5-49be-8429-26b908ddc5c9","menli","ˈmɛnli","gismu","<u class=""se_basna"" title=""アクセント"">me</u>nli","<var>x<sub>1</sub></var> は <var>x<sub>2</sub></var> (本体)の精神 / 心 / 悟性; <var>x<sub>1</sub></var> は心的","<li>精神</li>","<li>men</li>","<li>精神面類を見ない</li>","<li><a href=""https://jbovlaste.lojban.org/dict/besna?bg=1;langidarg=10"" title=""x1 は x2 (本体)の脳"">besna</a></li><li><a href=""https://jbovlaste.lojban.org/dict/morji?bg=1;langidarg=10"" title=""x1 は x2 (命題)を x3 (題目)について思い出す / 回想する"">morji</a></li><li><a href=""https://jbovlaste.lojban.org/dict/mucti?bg=1;langidarg=10"" title=""x1 は非物質的 / 無形 / 形而上的"">mucti</a></li><li><a href=""https://jbovlaste.lojban.org/dict/pensi?bg=1;langidarg=10"" title=""x1 は x2 (概念)について思慮する / 考慮する / 熟考する / 思いを巡らす; x2 は考え深い"">pensi</a></li><li><a href=""https://jbovlaste.lojban.org/dict/sanji?bg=1;langidarg=10"" title=""x1 は x2 (物 / 事)について意識がある; x1 は x2 を意識 / 認識している"">sanji</a></li><li><a href=""https://jbovlaste.lojban.org/dict/xanri?bg=1;langidarg=10"" title=""x1 は x2 (者)による想像; x1 は架空 / 想像上のもの / 非現実"">xanri</a></li><li><a href=""https://jbovlaste.lojban.org/dict/sevzi?bg=1;langidarg=10"" title=""x1 は x2 (者)の自己 / 自我 / 自分のイメージ"">sevzi</a></li><li><a href=""https://jbovlaste.lojban.org/dict/xadni?bg=1;langidarg=10"" title=""x1 は x2 の肉体; x1 は身体的"">xadni</a></li>",,"A1::ペア・ワード","[sound:menli.flac]"
"16e0361f-a49f-44c7-969c-931141873484","xadni","ˈxadni","gismu","<u class=""se_basna"" title=""アクセント"">xa</u>dni","<var>x<sub>1</sub></var> は <var>x<sub>2</sub></var> の肉体; <var>x<sub>1</sub></var> は身体的","<li>肉体</li>","<li>xad</li>","<li>過度に肉体を使う</li>","<li><a href=""https://jbovlaste.lojban.org/dict/menli?bg=1;langidarg=10"" title=""x1 は x2 (本体)の精神 / 心 / 悟性; x1 は心的"">menli</a></li><li><a href=""https://jbovlaste.lojban.org/dict/pruxi?bg=1;langidarg=10"" title=""x1 は魂 / 霊; x1 は霊的"">pruxi</a></li><li><a href=""https://jbovlaste.lojban.org/dict/sluji?bg=1;langidarg=10"" title=""x1 は x2 (機能対象)・ x3 (本体)の筋肉"">sluji</a></li><li><a href=""https://jbovlaste.lojban.org/dict/mulno?bg=1;langidarg=10"" title=""x1 (事)は完了している; x1 は x2 (性質)に関して、 x3 (観点)において包括的 / 総体的"">mulno</a></li><li><a href=""https://jbovlaste.lojban.org/dict/cutne?bg=1;langidarg=10"" title=""x1 は x2 (本体)の胸 / 胸腔"">cutne</a></li>",,"A1::ペア・ワード","[sound:xadni.flac]"
"c85559c3-f456-4143-bc53-b43058faa655","ruble","ˈrublɛ","gismu","<u class=""se_basna"" title=""アクセント"">ru</u>ble","<var>x<sub>1</sub></var> は <var>x<sub>2</sub></var> (性質)・ <var>x<sub>3</sub></var> (基準)において弱い / ひ弱 / 虚弱 / 微弱 / 華奢","<li>弱い</li>","<li>rub</li><li>ble</li>","<li>よわるブレーキ</li>","<li><a href=""https://jbovlaste.lojban.org/dict/carmi?bg=1;langidarg=10"" title=""x1 は x2 (性質)に関して x3 (観点)で激しい / 強烈 / 激烈 / 猛烈 / 熱烈"">carmi</a></li><li><a href=""https://jbovlaste.lojban.org/dict/vlipa?bg=1;langidarg=10"" title=""x1 は x2 (事)を x3 (状態条件)のもとにもたらす力能を持つ; x1 は x2 に関して有力 / 有能"">vlipa</a></li><li><a href=""https://jbovlaste.lojban.org/dict/tsali?bg=1;langidarg=10"" title=""x1 は x2 (性質)に関して x3 (観点)で強い"">tsali</a></li><li><a href=""https://jbovlaste.lojban.org/dict/kandi?bg=1;langidarg=10"" title=""x1 は x2 (性質)に関して x3 (観点)にとって淡い / 薄い"">kandi</a></li><li><a href=""https://jbovlaste.lojban.org/dict/kandi?bg=1;langidarg=10"" title=""x1 は x2 (性質)に関して x3 (観点)にとって淡い / 薄い"">kandi</a></li><li><a href=""https://jbovlaste.lojban.org/dict/milxe?bg=1;langidarg=10"" title=""x1 は x2 (性質)の点で温和 / 穏やか / まろやか / マイルド; x1 はあまり x2 ではない"">milxe</a></li>",,"A1::ペア・ワード","[sound:ruble.flac]"
"ea8818a0-62d3-45ba-8670-623e3623f4a9","tsali","ˈtsali","gismu","<u class=""se_basna"" title=""アクセント"">tsa</u>li","<var>x<sub>1</sub></var> は <var>x<sub>2</sub></var> (性質)に関して <var>x<sub>3</sub></var> (観点)で強い","<li>強い</li>","<li>tsa</li>",,"<li><a href=""https://jbovlaste.lojban.org/dict/ralci?bg=1;langidarg=10"" title=""x1 は x2 (性質)に関して繊細 / 精巧 / デリケート; x1 には x2 の機微がある"">ralci</a></li><li><a href=""https://jbovlaste.lojban.org/dict/ruble?bg=1;langidarg=10"" title=""x1 は x2 (性質)・ x3 (基準)において弱い / ひ弱 / 虚弱 / 微弱 / 華奢"">ruble</a></li><li><a href=""https://jbovlaste.lojban.org/dict/carmi?bg=1;langidarg=10"" title=""x1 は x2 (性質)に関して x3 (観点)で激しい / 強烈 / 激烈 / 猛烈 / 熱烈"">carmi</a></li><li><a href=""https://jbovlaste.lojban.org/dict/vlipa?bg=1;langidarg=10"" title=""x1 は x2 (事)を x3 (状態条件)のもとにもたらす力能を持つ; x1 は x2 に関して有力 / 有能"">vlipa</a></li>",,"A1::ペア・ワード","[sound:tsali.flac]"
"98a46085-fd15-4e28-aa66-cbecde1833f2","detri","ˈdɛtri","gismu","<u class=""se_basna"" title=""アクセント"">de</u>tri","<var>x<sub>1</sub></var> (数)は <var>x<sub>2</sub></var> (事)・ <var>x<sub>3</sub></var> (所)・ <var>x<sub>4</sub></var> (暦)の日付","<li>日付</li>","<li>det</li>","<li>デート</li>","<li><a href=""https://jbovlaste.lojban.org/dict/de'i?bg=1;langidarg=10"" title=""〜日に : detri 法制詞, x1"">de'i</a></li><li><a href=""https://jbovlaste.lojban.org/dict/djedi?bg=1;langidarg=10"" title=""x1 は x2 (数)・ x3 (基準)の満日"">djedi</a></li><li><a href=""https://jbovlaste.lojban.org/dict/jeftu?bg=1;langidarg=10"" title=""x1 は x2 (数)・ x3 (基準)の週"">jeftu</a></li><li><a href=""https://jbovlaste.lojban.org/dict/masti?bg=1;langidarg=10"" title=""x1 は x2 (数)・ x3 (暦)の月"">masti</a></li><li><a href=""https://jbovlaste.lojban.org/dict/nanca?bg=1;langidarg=10"" title=""x1 は x2 (数(初期設定では1年))年間、 x3 (基準)で継続する; x1 は年次"">nanca</a></li><li><a href=""https://jbovlaste.lojban.org/dict/tcika?bg=1;langidarg=10"" title=""x1 (時 / 分 / 秒)は x2 (事)の、 x3 (日)・ x4 (所)における時刻"">tcika</a></li>",,"A1::ペア・ワード","[sound:detri.flac]"
"e31afc2c-826a-4a18-926b-41ff8d7d4613","tcika","ˈtʃika","gismu","<u class=""se_basna"" title=""アクセント"">tci</u>ka","<var>x<sub>1</sub></var> (時 / 分 / 秒)は <var>x<sub>2</sub></var> (事)の、 <var>x<sub>3</sub></var> (日)・ <var>x<sub>4</sub></var> (所)における時刻","<li>時刻</li>",,"<li>地下鉄の時刻</li><li>cike(時刻)</li><li>time</li>","<li><a href=""https://jbovlaste.lojban.org/dict/ti'u?bg=1;langidarg=10"" title=""〜を時刻として : tcika 法制詞, x1"">ti'u</a></li><li><a href=""https://jbovlaste.lojban.org/dict/cacra?bg=1;langidarg=10"" title=""x1 の継続時間は x2 (数)時間、 x3 (基準)で;x1 は x2 (数)時間かかる"">cacra</a></li><li><a href=""https://jbovlaste.lojban.org/dict/cerni?bg=1;langidarg=10"" title=""x1 は x2 (日)・ x3 (所)の朝"">cerni</a></li><li><a href=""https://jbovlaste.lojban.org/dict/detri?bg=1;langidarg=10"" title=""x1 (数)は x2 (事)・ x3 (所)・ x4 (暦)の日付"">detri</a></li><li><a href=""https://jbovlaste.lojban.org/dict/donri?bg=1;langidarg=10"" title=""x1 は x2 (日)・ x3 (所)の昼間 / 日中; x1 は昼行性"">donri</a></li><li><a href=""https://jbovlaste.lojban.org/dict/djedi?bg=1;langidarg=10"" title=""x1 は x2 (数)・ x3 (基準)の満日"">djedi</a></li><li><a href=""https://jbovlaste.lojban.org/dict/junla?bg=1;langidarg=10"" title=""x1 は x2 (時間単位)を x3 (精度)・ x4 (方法)で計測する時計 / 計時器具"">junla</a></li><li><a href=""https://jbovlaste.lojban.org/dict/nicte?bg=1;langidarg=10"" title=""x1 は x2 (日)の x3 (場所)における夜"">nicte</a></li><li><a href=""https://jbovlaste.lojban.org/dict/mentu?bg=1;langidarg=10"" title=""x1 は x2 (数)分の時間間隔、 x3 (基準)において"">mentu</a></li><li><a href=""https://jbovlaste.lojban.org/dict/snidu?bg=1;langidarg=10"" title=""x1 は x2 (数量)の、 x3 (基準)における秒"">snidu</a></li><li><a href=""https://jbovlaste.lojban.org/dict/temci?bg=1;langidarg=10"" title=""x1 は x2 (時点)から x3 (時点)までの間隔 / 経過 / 時間"">temci</a></li><li><a href=""https://jbovlaste.lojban.org/dict/vanci?bg=1;langidarg=10"" title=""x1 は x2 (日)・ x3 (所)の夕方 / 夕暮れ / 晩"">vanci</a></li><li><a href=""https://jbovlaste.lojban.org/dict/dirba?bg=1;langidarg=10"" title=""x1 は x2 (者)にとって貴重 / あいらしい / 大切"">dirba</a></li><li><a href=""https://jbovlaste.lojban.org/dict/mokca?bg=1;langidarg=10"" title=""x1 は x2 (時間 / 空間)における点; x1 は0次元"">mokca</a></li>",,"A1::ペア・ワード","[sound:tcika.flac]"
