badri	badri (dri): x1 は x2 (事)について悲しい / 落胆している; x2 は x1 を悲しませる https://jbovlaste.lojban.org/dict/badri
bajra	bajra (baj): x1 は x2 (表面)を x3 (肢)・ x4 (調子)で走る https://jbovlaste.lojban.org/dict/bajra
bakni	bakni (bak): x1 は x2 (種類)のウシ属動物 https://jbovlaste.lojban.org/dict/bakni
baktu	baktu: x1 は x2 (内容)・ x3 (素材)のバケツ / 桶 / 槽 https://jbovlaste.lojban.org/dict/baktu
balvi	balvi (bav): x1 は x2 よりも未来 / 後発; x1 は後者; x2 は前者 https://jbovlaste.lojban.org/dict/balvi
bancu	bancu (bac): x1 は x2 (境界 / 限度)を x3 (照合点)について x4 (性質 / 数量)だけ越している / 超えている https://jbovlaste.lojban.org/dict/bancu
banfi	banfi: x1 は x2 (種類)の両生綱 / 両生類動物 https://jbovlaste.lojban.org/dict/banfi
bangu	bangu (ban, bau): x1 は x2 (使用者)が x3 (概念 / 命題 / 文字列)を表すのに用いる言語; x2 は x1 語を話す https://jbovlaste.lojban.org/dict/bangu
banro	banro (ba'o): x1 は x2 (結果)に x3 (始原)から育つ / 育成する / 成長する https://jbovlaste.lojban.org/dict/banro
bapli	bapli (bap, bai): x1 (性質 / 力)は x2 (事)を引き起こす / もたらす https://jbovlaste.lojban.org/dict/bapli
barda	barda (bra): x1 は x2 (性質)に関して、 x3 (比較対象)の中で大きい https://jbovlaste.lojban.org/dict/barda
bartu	bartu (bar): x1 は x2 の外 / 外部 / 外側 https://jbovlaste.lojban.org/dict/bartu
bende	bende (bed, be'e): x1 は x2 (者達)・ x3 (引率者)からなる、 x4 (目的)のための仲間 / チーム / 乗組員 / バンド / 班 https://jbovlaste.lojban.org/dict/bende
benji	benji (bej, be'i): x1 は x2 を x3 (受け手)に x4 (起源 / 送信元)から x5 (方法 / 媒体)によって送る / 届ける https://jbovlaste.lojban.org/dict/benji
bersa	bersa (bes, be'a): x1 は x2 (親)の息子 https://jbovlaste.lojban.org/dict/bersa
berti	berti (ber): x1 は x2 にたいして x3 (照合枠)で北方 / 北側 https://jbovlaste.lojban.org/dict/berti
betfu	betfu (bef, be'u): x1 は x2 (本体)の腹 / 胴部 https://jbovlaste.lojban.org/dict/betfu
bevri	bevri (bev, bei): x1 は x2 (荷)を x3 (終点)に x4 (始点)から x5 (道筋)を通って運ぶ https://jbovlaste.lojban.org/dict/bevri
bilga	bilga (big): x1 は x2 (行為)を x3 (協定 / 契約 / 常識)のために遂行する義務を負っている; x1 は x2 をしなければならない https://jbovlaste.lojban.org/dict/bilga
bilma	bilma (bi'a): x1 は x2 (症状)の x3 (病)を患っている https://jbovlaste.lojban.org/dict/bilma
binxo	binxo (bix, bi'o): x1 は x2 に x3 (条件)の下で成る / 変身する https://jbovlaste.lojban.org/dict/binxo
birje	birje: x1 は x2 (起源)の発泡酒 / ビール / エール https://jbovlaste.lojban.org/dict/birje
birka	birka (bir): x1 は x2 (本体)の腕 https://jbovlaste.lojban.org/dict/birka
birti	birti (bit): x1 は x2 (命題)が真であると確信している https://jbovlaste.lojban.org/dict/birti
bitmu	bitmu (bim, bi'u): x1 は x2 ・ x3 を隔てる、 x4 (構造体)の壁 / 垣 / 塀 / フェンス https://jbovlaste.lojban.org/dict/bitmu
blabi	blabi (lab): x1 は白色 https://jbovlaste.lojban.org/dict/blabi
blanu	blanu (bla): x1 は青色 https://jbovlaste.lojban.org/dict/blanu
bloti	bloti (lot, blo): x1 は x2 (客 / 荷)・ x3 (原動力)の船 / ボート https://jbovlaste.lojban.org/dict/bloti
bolci	bolci (bol, boi): x1 は x2 (素材)の球体 / ボール; x1 は丸い https://jbovlaste.lojban.org/dict/bolci
botpi	botpi (bot, bo'i): x1 は x2 (内容)・ x3 (素材)・ x4 (栓 / 蓋)の瓶 / ボトル / 水筒 https://jbovlaste.lojban.org/dict/botpi
bridi	bridi (bri): x1 (du'u)は x2 (関係)を x3 (項の列 / 集合)について賓述を表す関係性 / 命題 https://jbovlaste.lojban.org/dict/bridi
briju	briju (bij): x1 は x2 (従業員)・ x3 (所)の職場 / 事務所 / 営業所 / 局 https://jbovlaste.lojban.org/dict/briju
broda	broda (rod): 代ブリディその1[x1 を始めとするPS全体が文脈次第] https://jbovlaste.lojban.org/dict/broda
brode	brode (bo'e): 代ブリディその2[x1 を始めとするPS全体が文脈次第] https://jbovlaste.lojban.org/dict/brode
brodi	brodi: 代ブリディその3[x1 を始めとするPS全体が文脈次第] https://jbovlaste.lojban.org/dict/brodi
brodo	brodo: 代ブリディその4[x1 を始めとするPS全体が文脈次第] https://jbovlaste.lojban.org/dict/brodo
brodu	brodu: 代ブリディその5[x1 を始めとするPS全体が文脈次第] https://jbovlaste.lojban.org/dict/brodu
bruna	bruna (bun, bu'a): x1 は x2 の、 x3 (血縁関係)による兄 / 弟 https://jbovlaste.lojban.org/dict/bruna
bunre	bunre (bur, bu'e): x1 は茶色 / 黄褐色 / 小麦色 https://jbovlaste.lojban.org/dict/bunre
cabna	cabna (cab): x1 は x2 と同時; x1 は現在 / 今 https://jbovlaste.lojban.org/dict/cabna
cacra	cacra: x1 の継続時間は x2 (数)時間、 x3 (基準)で; x1 は x2 (数)時間かかる https://jbovlaste.lojban.org/dict/cacra
cadzu	cadzu (dzu): x1 は x2 (表面)を x3 (肢)で歩く https://jbovlaste.lojban.org/dict/cadzu
cafne	cafne (caf): x1 (事)は x2 (基準)において頻繁 / しょっちゅう / 頻発する / よくある https://jbovlaste.lojban.org/dict/cafne
canci	canci: x1 は地点 x2 において感覚器 / センサー x3 の視界から消える https://jbovlaste.lojban.org/dict/canci
canko	canko (ca'o): x1 は x2 (壁 / 建物 / 構造)の窓 / 門 / 入口 / 出口 / 玄関 https://jbovlaste.lojban.org/dict/canko
catke	catke (ca'e): x1 は x2 (対象本体)・ x3 (対象箇所)を押す https://jbovlaste.lojban.org/dict/catke
catlu	catlu (cta): x1 は x2 を見る / 見つめる / 見入る https://jbovlaste.lojban.org/dict/catlu
catra	catra: x1 は x2 を x3 (動作 / 方法)で殺す https://jbovlaste.lojban.org/dict/catra
caxno	caxno (cax): x1 は x2 (方向 / 性質)に関して x3 (照合枠)・ x4 (基準)で浅い / 浅はか / 薄い https://jbovlaste.lojban.org/dict/caxno
cecmu	cecmu (cem, ce'u): x1 は x2 (有機体)の共同体 / 社会 / コミュニティ / 群落 / 集団営巣地 / 植民地 https://jbovlaste.lojban.org/dict/cecmu
cedra	cedra: x1 は x2 (事 / 物 / 性質 / 間隔)を特徴とする時代 / 時期 / 年代 https://jbovlaste.lojban.org/dict/cedra
cenba	cenba (cne): x1 は x2 (性質)に関して x3 (数量 / 度合)ほど x4 (環境条件)において変化 / 変質 / 変身する / 変わる https://jbovlaste.lojban.org/dict/cenba
cerni	cerni (cer): x1 は x2 (日)・ x3 (所)の朝 https://jbovlaste.lojban.org/dict/cerni
cfari	cfari (cfa): x1 (事 / 状態)は始まる / 開始する https://jbovlaste.lojban.org/dict/cfari
ciblu	ciblu (blu): x1 は x2 (生体)の血 / 血液 https://jbovlaste.lojban.org/dict/ciblu
cidja	cidja (dja): x1 は x2 (摂食者)のための食べ物 / 食糧 / 餌; x1 は x2 に栄養価を与える; x1 は食用 https://jbovlaste.lojban.org/dict/cidja
cifnu	cifnu (cif): x1 は x2 (生物種)の幼児 / 赤ちゃん https://jbovlaste.lojban.org/dict/cifnu
cikna	cikna (cik): x1 は目覚めている https://jbovlaste.lojban.org/dict/cikna
cikre	cikre: x1 は x2 を x3 (使用)のために修理 / 修復 / 修繕する / 直す https://jbovlaste.lojban.org/dict/cikre
cilmo	cilmo (cim): x1 は x2 (液体)で湿っている / 濡れている / じめじめしている; x1 はしけている https://jbovlaste.lojban.org/dict/cilmo
cilre	cilre (cli): x1 は x2 (命題)・ x3 (題目)を x4 (情報源)から x5 (方法)によって習う https://jbovlaste.lojban.org/dict/cilre
cinba	cinba: x1 は x2 (対象本体)・ x3 (対象箇所)にキス / 接吻 / くちづけする https://jbovlaste.lojban.org/dict/cinba
cinki	cinki: x1 は x2 (種類)の昆虫綱(甲虫 / チョウ / ハエ / ハチ / カメムシ / バッタ / トンボ…目) https://jbovlaste.lojban.org/dict/cinki
cinmo	cinmo (cni): x1 は x2 (感情)を x3 について覚える; x1 は感情的 / ムードに浸っている https://jbovlaste.lojban.org/dict/cinmo
cinri	cinri (ci'i): x1 (事)は x2 の関心を惹く; x2 は x1 に関心がある https://jbovlaste.lojban.org/dict/cinri
cipni	cipni (cpi): x1 は x2 (種類)のトリ綱(ダチョウ / キジ / カモ / カッコウ / オウム / ツバメ / フクロウ / ハト / ツル / コウノトリ / ペリカン / フラミンゴ / ペンギン…目) https://jbovlaste.lojban.org/dict/cipni
cipra	cipra (cip): x1 (過程 / 事)は x2 (性質)を x3 について確かめる試験 / 実験 / テスト https://jbovlaste.lojban.org/dict/cipra
cirko	cirko (cri): x1 は x2 (物 / 者)を x3 (所)で失う; x1 は x2 (性質)を x3 (状況)で失う https://jbovlaste.lojban.org/dict/cirko
ciska	ciska (ci'a): x1 は x2 (文字列)を x3 (媒体)に x4 (道具)で書く https://jbovlaste.lojban.org/dict/ciska
cisma	cisma: x1 はほほえむ / にやつく https://jbovlaste.lojban.org/dict/cisma
citka	citka (cti): x1 は x2 を食べる https://jbovlaste.lojban.org/dict/citka
citno	citno (cit, ci'o): x1 は x2 (基準)において若い https://jbovlaste.lojban.org/dict/citno
citsi	citsi: x1 は x2 (性質 / 周期特性)・ x3 (年)の季節 https://jbovlaste.lojban.org/dict/citsi
ckafi	ckafi (kaf): x1 は x2 (種類)のコーヒー https://jbovlaste.lojban.org/dict/ckafi
ckana	ckana (cka): x1 は x2 (素材)の、 x3 (者 / 物 / 事)を支えるための寝台 / ベッド https://jbovlaste.lojban.org/dict/ckana
ckape	ckape (cap): x1 は x2 にとって x3 (条件)において危険; x1 はおっかない https://jbovlaste.lojban.org/dict/ckape
ckasu	ckasu (cas): x1 は x2 (者)を x3 (事 / 性質)について x4 (行為)で嘲る / 笑いものにする / ばかにする / ひやかす https://jbovlaste.lojban.org/dict/ckasu
ckiku	ckiku (kik): x1 は x2 (錠)・ x3 (特性)の鍵 https://jbovlaste.lojban.org/dict/ckiku
ckini	ckini (ki'i): x1 は x2 と x3 (関係性)によって繋がりがある / 同系 https://jbovlaste.lojban.org/dict/ckini
ckire	ckire (kir): x1 (者)は x2 (者)に x3 (事 / 性質)を感謝する; x2 が x3 をしたことについて x1 はありがたく思う; x3 であることはありがたい https://jbovlaste.lojban.org/dict/ckire
ckule	ckule (kul, cu'e): x1 は x2 (所)で x3 (科目)を x4 (聴衆)に教える、 x5 (者)によって営まれている教育機関 / 学習施設 https://jbovlaste.lojban.org/dict/ckule
clani	clani (cla): x1 は x2 (次元 / 方向)・ x3 (照合枠)において長い https://jbovlaste.lojban.org/dict/clani
claxu	claxu (cau): x1 は x2 を欠く; x1 は x2 無し https://jbovlaste.lojban.org/dict/claxu
clira	clira (lir): x1 (事)は x2 (照合枠)において早い https://jbovlaste.lojban.org/dict/clira
clite	clite (lit): x1 は x2 (事)に際し、 x3 (照合枠)において礼儀正しい / 行儀が良い https://jbovlaste.lojban.org/dict/clite
cliva	cliva (liv, li'a): x1 は x2 から x3 (経路)によって離れる / 発つ / 別れる / 去る; x1 は x2 を残す https://jbovlaste.lojban.org/dict/cliva
cmalu	cmalu (cma): x1 は x2 (性質)に関して、 x3 (比較対象)の中で小さい https://jbovlaste.lojban.org/dict/cmalu
cmana	cmana (ma'a): x1 は x2 から突き出ている山 https://jbovlaste.lojban.org/dict/cmana
cmavo	cmavo (ma'o): x1 (文字列)は x2 (品詞)・ x3 (意味 / 機能)・ x4 (言語)の機能語 https://jbovlaste.lojban.org/dict/cmavo
cmene	cmene (cme, me'e): x1 (文字列)は x2 の、 x3 (者)による名称; x3 は x2 を x1 と呼ぶ; x2 は x1 と呼ばれている https://jbovlaste.lojban.org/dict/cmene
cmila	cmila (mi'a): x1 は笑う / 笑い声をあげる https://jbovlaste.lojban.org/dict/cmila
cmima	cmima (mim, cmi): x1 は x2 (集合)の成員 / メンバー; x1 は x2 に属する https://jbovlaste.lojban.org/dict/cmima
cnino	cnino (nin, ni'o): x1 は x2 (者)にとって、 x3 (性質)・ x4 (基準)に関して新しい https://jbovlaste.lojban.org/dict/cnino
cnita	cnita (nit, ni'a): x1 は x2 に対して x3 (照合枠)における下方 / 下側 https://jbovlaste.lojban.org/dict/cnita
condi	condi (con, cno): x1 は x2 (性質 / 方向)に関して x3 (照合枠)・ x4 (標準)において深い https://jbovlaste.lojban.org/dict/condi
cortu	cortu (cor, cro): x1 (者)は x2 (箇所)に痛みを感じる; x2 が痛い https://jbovlaste.lojban.org/dict/cortu
cpacu	cpacu (cpa): x1 は x2 (対象)を x3 (起源)から入手する https://jbovlaste.lojban.org/dict/cpacu
cpana	cpana: x1 は x2 (表面)の上に(置いて / 立って)在る、 x3 (観点)で https://jbovlaste.lojban.org/dict/cpana
cpedu	cpedu (cpe): x1 は x2 (事)を x3 (者)に x4 (態度 / 方法)で頼む https://jbovlaste.lojban.org/dict/cpedu
cpina	cpina: x1 は x2 (味覚者)にとってからい / スパイシー https://jbovlaste.lojban.org/dict/cpina
crane	crane (cra): x1 は x2 (比較対象)・ x3 (照合枠)の前方 / 前側 https://jbovlaste.lojban.org/dict/crane
creka	creka (cek): x1 は x2 (素材)の上着 / トップス https://jbovlaste.lojban.org/dict/creka
crino	crino (ri'o): x1 は緑色 https://jbovlaste.lojban.org/dict/crino
crisa	crisa (cis): x1 は x2 (年)・ x3 (所)の夏季 https://jbovlaste.lojban.org/dict/crisa
critu	critu: x1 は x2 (年)・ x3 (所)の秋季 https://jbovlaste.lojban.org/dict/critu
ctino	ctino (ti'o): x1 は x2 (物)・ x3 (光)の陰 / 影 https://jbovlaste.lojban.org/dict/ctino
ctuca	ctuca (ctu): x1 は x2 (生徒 / 門下生)に x3 (命題)・ x4 (題目)を x5 (方法)で教える https://jbovlaste.lojban.org/dict/ctuca
cukla	cukla (cuk): x1 は(二次元的に)円い; x1 は円 / ディスク https://jbovlaste.lojban.org/dict/cukla
cukta	cukta (cku): x1 は x2 (内容)・ x3 (著者)・ x4 (読者)・ x5 (媒体)の本 / 文献 https://jbovlaste.lojban.org/dict/cukta
culno	culno (clu): x1 は x2 で充溢 / 充満している https://jbovlaste.lojban.org/dict/culno
cumki	cumki (cum, cu'i): x1 (事)は x2 (条件)においてありえる / 可能; x1 は可能性 https://jbovlaste.lojban.org/dict/cumki
cupra	cupra (pra): x1 は x2 (物)を x3 (過程)によって生産 / 産出 / 製造する https://jbovlaste.lojban.org/dict/cupra
curmi	curmi (cru): x1 (者)は x2 (事)を x3 (条件)において許容 / 許可する https://jbovlaste.lojban.org/dict/curmi
curnu	curnu (cur): x1 は x2 (種類)の無脊椎動物(ミミズ / クラゲ / イカ等) https://jbovlaste.lojban.org/dict/curnu
cusku	cusku (cus, sku): x1 (者)は x2 (内容)を x3 (聴衆)に x4 (媒体)で表す / 言う / 表現する https://jbovlaste.lojban.org/dict/cusku
cutci	cutci (cuc): x1 は x2 (足 / ひづめ)を覆う / 守るための x3 (素材)の靴 https://jbovlaste.lojban.org/dict/cutci
cutne	cutne (cut): x1 は x2 (本体)の胸 / 胸腔 https://jbovlaste.lojban.org/dict/cutne
cuxna	cuxna (cux, cu'a): x1 は x2 (選択肢)を x3 (集合)から選ぶ https://jbovlaste.lojban.org/dict/cuxna
dakli	dakli: x1 は x2 (内容)・ x3 (素材)の鞄 / バッグ / リュックサック https://jbovlaste.lojban.org/dict/dakli
danfu	danfu (daf): x1 は x2 (質問 / 問題)に対する解答 / 回答 / 返答 https://jbovlaste.lojban.org/dict/danfu
danlu	danlu (dal, da'u): x1 は x2 (種類)の動物 https://jbovlaste.lojban.org/dict/danlu
dargu	dargu (dag): x1 は x2 (終点)・ x3 (起点)・ x4 (経路)の道路 / 車道 https://jbovlaste.lojban.org/dict/dargu
darno	darno (dar, da'o): x1 は x2 から x3 (性質)に関して遠い https://jbovlaste.lojban.org/dict/darno
darxi	darxi (dax, da'i): x1 は x2 を、 x3 (道具など) が x4 にぶつかる形で打つ / 叩く https://jbovlaste.lojban.org/dict/darxi
daski	daski: x1 は x2 (物)のためのポケット / ポーチ / 小物入れ https://jbovlaste.lojban.org/dict/daski
dasni	dasni (das): x1 は x2 を x3 (着用様式)で着ている / 履いている / 被っている / 身に付けている https://jbovlaste.lojban.org/dict/dasni
daspo	daspo (spo): x1 (事)は x2 を破壊する / 破滅させる / 倒す; x1 は破壊的 https://jbovlaste.lojban.org/dict/daspo
degji	degji (deg): x1 は x2 (本体)・ x3 (箇所 / 肢)の指 https://jbovlaste.lojban.org/dict/degji
denpa	denpa (dep, de'a): x1 は x2 (事)を x3 (状態)ながら待つ、 x4 (事)の開始以前 / 再開以前に https://jbovlaste.lojban.org/dict/denpa
dertu	dertu (der, de'u): x1 は x2 (所 / 起源)・ x3 (成分)の土壌 / つち https://jbovlaste.lojban.org/dict/dertu
detri	detri (det): x1 (数)は x2 (事)・ x3 (所)・ x4 (暦)の日付 https://jbovlaste.lojban.org/dict/detri
dicra	dicra (dir): x1 (事)は x2 (物 / 事)を x3 (妨害性質)によって阻止 / 中断 / 妨害する https://jbovlaste.lojban.org/dict/dicra
dinju	dinju (dij, di'u): x1 は x2 (目的)のための建造物 https://jbovlaste.lojban.org/dict/dinju
dirba	dirba (dib): x1 は x2 (者)にとって貴重 / あいらしい / 大切 https://jbovlaste.lojban.org/dict/dirba
dizlo	dizlo (diz, dzi): x1 は x2 (照合枠)・ x3 (基点)において低い https://jbovlaste.lojban.org/dict/dizlo
djacu	djacu (jac, jau): x1 は水; x1 は水溶性 / 含水の https://jbovlaste.lojban.org/dict/djacu
djedi	djedi (dje, dei): x1 は x2 (数)・ x3 (基準)の満日 https://jbovlaste.lojban.org/dict/djedi
djica	djica (dji): x1 は x2 (事)を x3 (目的)のために欲する / 求める; x1 は x3 (目的)のために x2 (事)という欲求を満たしたい https://jbovlaste.lojban.org/dict/djica
djuno	djuno (jun, ju'o): x1 は x2 (命題)・ x3 (題目)を x4 (認識体系)で知る https://jbovlaste.lojban.org/dict/djuno
donri	donri (dor, do'i): x1 は x2 (日)・ x3 (所)の昼間 / 日中; x1 は昼行性 https://jbovlaste.lojban.org/dict/donri
drani	drani (dra): x1 は x2 (性質)に関して x3 (状況)のとき x4 (基準)において正しい / 正確 / 適宜 https://jbovlaste.lojban.org/dict/drani
drudi	drudi (rud, dru): x1 は x2 (本体)の屋根 / 天井 / 屋上 / 蓋 https://jbovlaste.lojban.org/dict/drudi
dunda	dunda (dud, du'a): x1 は x2 を x3 (者)に与える / 贈る / 授ける https://jbovlaste.lojban.org/dict/dunda
dunli	dunli (dun, du'i): x1 は x2 と x3 (性質)に関して同等 https://jbovlaste.lojban.org/dict/dunli
dunra	dunra (dur): x1 は x2 (年)・ x3 (所)の冬季 https://jbovlaste.lojban.org/dict/dunra
facki	facki (fak, fa'i): x1 は x2 (命題)を x3 (題目)について発見する; x1 は x3 (物)を見つける / 探し当てる https://jbovlaste.lojban.org/dict/facki
fadni	fadni (fad): x1 は x2 (性質)・ x3 (集合)において平凡 / 通常 / 普通 https://jbovlaste.lojban.org/dict/fadni
fagri	fagri (fag): x1 は x2 (燃料)・ x3 (酸化料)による火 / 炎 https://jbovlaste.lojban.org/dict/fagri
fange	fange: x1 は x2 にたいして x3 (性質)の点で異質 / 外来 / 別世界的 / 風変わり https://jbovlaste.lojban.org/dict/fange
fanmo	fanmo (fam, fa'o): x1 は x2 (物 / 過程)の終わり https://jbovlaste.lojban.org/dict/fanmo
fanza	fanza (faz): x1 (事)は x2 の気に障る / をいらいらさせる; x2 は x1 で苛つく; x1 は邪魔 https://jbovlaste.lojban.org/dict/fanza
farna	farna (far, fa'a): x1 は x2 (物 / 事)・ x3 (照合枠)の向き / 方向 / 方角; x3 から観て x2 は x1 のほうにある https://jbovlaste.lojban.org/dict/farna
fendi	fendi (fed): x1 (者)は x2 を x3 (部分 / 個)に x4 (方法 / 区分)によって分ける https://jbovlaste.lojban.org/dict/fendi
fengu	fengu (feg, fe'u): x1 は x2 (者)にたいして x3 (事 / 性質)について憤慨している / 怒っている https://jbovlaste.lojban.org/dict/fengu
fetsi	fetsi (fet, fe'i): x1 は x2 (生物種)の、 x3 (体現性質)に基づく女性 / 雌; x1 は女性的 https://jbovlaste.lojban.org/dict/fetsi
finpe	finpe (fip, fi'e): x1 は x2 (種類)の魚 https://jbovlaste.lojban.org/dict/finpe
finti	finti (fin, fi'i): x1 は x2 を x3 (目的 / 機能)のために x4 (既存要素)から創る / 発明する / 著する; x1 は創作的 https://jbovlaste.lojban.org/dict/finti
fliba	fliba (fli): x1 は x2 (事)に失敗する; x1 は x2 を怠る https://jbovlaste.lojban.org/dict/fliba
flira	flira (fir): x1 は x2 (本体)の顔; x1 は表情的 https://jbovlaste.lojban.org/dict/flira
fraxu	fraxu (fax): x1 は x2 を x3 (事)について許す / 容赦する https://jbovlaste.lojban.org/dict/fraxu
frica	frica (fic): x1 は x2 と、 x3 (性質)に関して違う / 異なる https://jbovlaste.lojban.org/dict/frica
frili	frili (fil): x1 (事)は x2 (者)にとって x3 (条件)において簡単 / 容易; x2 は x1 をた易くこなす https://jbovlaste.lojban.org/dict/frili
fulta	fulta (ful, flu): x1 は x2 (気体 / 液体)に浮かぶ; x1 は浮遊物 https://jbovlaste.lojban.org/dict/fulta
funca	funca (fun, fu'a): x1 (事 / 性質)は x2 の運; x1 はまぐれ / めぐり合わせ https://jbovlaste.lojban.org/dict/funca
gacri	gacri (gai): x1 は x2 の覆い / 蓋 / カバー; x1 は x2 に被さっている https://jbovlaste.lojban.org/dict/gacri
galfi	galfi (gaf, ga'i): x1 は x2 を x3 に改変する / 変える https://jbovlaste.lojban.org/dict/galfi
galtu	galtu (gal, ga'u): x1 は x2 (照合枠)・ x3 (基点)において高い https://jbovlaste.lojban.org/dict/galtu
galxe	galxe: x1 は x2 (本体)の喉 / 咽喉 / 食道 https://jbovlaste.lojban.org/dict/galxe
ganlo	ganlo (ga'o): x1 は x2 (到達されないもの / 所)にたいして x3 (通過を妨げられているもの)にとって閉まっている; x1 は x3 が x2 へ達することを妨げる https://jbovlaste.lojban.org/dict/ganlo
ganra	ganra (gan): x1 は x2 (次元)・ x3 (基準)において広い / 幅がある / ワイド https://jbovlaste.lojban.org/dict/ganra
ganse	ganse (gas, ga'e): x1 (者)は x2 (性質)を x3 (手段)によって、 x4 (環境条件)のもと感知 / 感得する / 感じ取る; x1 は x2 にたいして敏感 / センシティヴ https://jbovlaste.lojban.org/dict/ganse
gapci	gapci (gac): x1 は x2 (成分)・ x3 (条件)の気体 / ガス https://jbovlaste.lojban.org/dict/gapci
gapru	gapru (gap): x1 は x2 に対して x3 (照合枠)における上方 / 上側 https://jbovlaste.lojban.org/dict/gapru
gasnu	gasnu (gau): x1 (者)は x2 (事)をする https://jbovlaste.lojban.org/dict/gasnu
gerku	gerku (ger, ge'u): x1 は x2 (種類)のイヌ科動物(オオカミ / イエイヌ / コヨーテ / ジャッカル / リカオン / タヌキ / キツネ等) https://jbovlaste.lojban.org/dict/gerku
gerna	gerna (gen, ge'a): x1 は x2 (言語)の x3 (性質)に関する文法 https://jbovlaste.lojban.org/dict/gerna
girzu	girzu (gir, gri): x1 は x2 (共通性質)・ x3 (集合)・ x4 (関係)の組 / チーム https://jbovlaste.lojban.org/dict/girzu
gismu	gismu (gim, gi'u): x1 (文字列)は x2 (意味関係)を x3 (項)について表す、 x4 (形態素)からなる語根 https://jbovlaste.lojban.org/dict/gismu
glare	glare (gla): x1 は x2 (基準)において熱い / 暖かい / 温い https://jbovlaste.lojban.org/dict/glare
gleki	gleki (gek, gei): x1 は x2 (事)に関して嬉しい / 幸せ / 幸福 / 上機嫌 https://jbovlaste.lojban.org/dict/gleki
gletu	gletu (let, gle): x1 は x2 と性交 / 交尾 / セックスする https://jbovlaste.lojban.org/dict/gletu
gluta	gluta (glu): x1 は材質 x2 の手袋 / グローブ / ミトン https://jbovlaste.lojban.org/dict/gluta
grake	grake (gra): x1 は x2 (数)・ x3 (基準)のグラム https://jbovlaste.lojban.org/dict/grake
grana	grana (ga'a): x1 は x2 (素材)の杖 / さお / ステッキ / ロッド https://jbovlaste.lojban.org/dict/grana
grusi	grusi (rus): x1 は灰色 / グレー https://jbovlaste.lojban.org/dict/grusi
grute	grute (rut): x1 は x2 (種類)の果実 / フルーツ https://jbovlaste.lojban.org/dict/grute
gugde	gugde (gug, gu'e): x1 は x2 (要素 / 成員)・ x3 (領域)の国 https://jbovlaste.lojban.org/dict/gugde
gunma	gunma (gum): x1 は x2 (要素)からなる群 / 団 https://jbovlaste.lojban.org/dict/gunma
gunta	gunta (gut): x1 は x2 を x3 (目的)のために攻撃 / 侵攻する https://jbovlaste.lojban.org/dict/gunta
gusni	gusni (gus, gu'i): x1 (エネルギー)は x2 (対象)を x3 (光源)に基づいて照らす光; x3 は x2 を x1 で照らす https://jbovlaste.lojban.org/dict/gusni
gusta	gusta: x1 は x2 (飲み物 / 食べ物)を x3 (客)に提供する飲食店 / レストラン / カフェテリア https://jbovlaste.lojban.org/dict/gusta
jalge	jalge (jag, ja'e): x1 (事)は x2 (事)の結果 / 結末; x2 は x1 に終結する https://jbovlaste.lojban.org/dict/jalge
jamfu	jamfu (jaf, jma): x1 は x2 (本体)の足 https://jbovlaste.lojban.org/dict/jamfu
janli	janli (jal): x1 は x2 に衝突 / 激突する / ぶつかる https://jbovlaste.lojban.org/dict/janli
jarki	jarki (jak): x1 は x2 (次元)・ x3 (基準)において狭い https://jbovlaste.lojban.org/dict/jarki
jatna	jatna (ja'a): x1 は x2 (活動領域 / 権限範疇)における指揮者 / 指導者 / 首領 / 長 / リーダー / キャプテン https://jbovlaste.lojban.org/dict/jatna
jbena	jbena (jbe): x1 は x2 (産主)による x3 (日時)・ x4 (所)の生まれである; x2 は x1 の産みの親 https://jbovlaste.lojban.org/dict/jbena
jdika	jdika: x1 は x2 (性質)に関して x3 (数量)ほど減る https://jbovlaste.lojban.org/dict/jdika
jdini	jdini (din, di'i): x1 は x2 (発行源)のお金; x1 は金融 https://jbovlaste.lojban.org/dict/jdini
jeftu	jeftu (jef): x1 は x2 (数)・ x3 (基準)の週 https://jbovlaste.lojban.org/dict/jeftu
jenmi	jenmi (jem, jei): x1 (群)は x2 (群 / 共同体)に奉仕する、 x3 (機動特性)の軍隊 https://jbovlaste.lojban.org/dict/jenmi
jgari	jgari (jai): x1 は x2 (対象本体)・ x4 (対象箇所)を x3 ( x1 の部分)で掴む / 握る https://jbovlaste.lojban.org/dict/jgari
jibni	jibni (jbi): x1 は x2 に、 x3 (性質)に関して近い / 近似 https://jbovlaste.lojban.org/dict/jibni
jikru	jikru: x1 は x2 (原料)の蒸留から出来た酒 / アルコール飲料 https://jbovlaste.lojban.org/dict/jikru
jimpe	jimpe (jmi): x1 は x2 (命題)を x3 (題目)について理解する; x1 は x3 がわかる https://jbovlaste.lojban.org/dict/jimpe
jinga	jinga (jig, ji'a): x1 は x2 (利益)を x3 (競合相手 / 敗者)から x4 (試合)において勝ち取る; x1 は x3 に勝利する; x3 は x1 に敗北する https://jbovlaste.lojban.org/dict/jinga
jinru	jinru (jir): x1 は x2 に漬かる / 浸かる / 沈む / 潜る https://jbovlaste.lojban.org/dict/jinru
jinsa	jinsa (jis): x1 は x2 (汚れ)を x3 (観点)において持っていない; x1 は汚れていない / 清らか https://jbovlaste.lojban.org/dict/jinsa
jipno	jipno (jip, ji'o): x1 は x2 (本体)の部位 x3 にある先端 / 先っぽ / 頂点 https://jbovlaste.lojban.org/dict/jipno
jisra	jisra: x1 は x2 (原料 / 種類)の汁 / ジュース https://jbovlaste.lojban.org/dict/jisra
jitro	jitro (tro): x1 は x2 を x3 (動作 / 事)に関して制御 / 指揮 / 引率する https://jbovlaste.lojban.org/dict/jitro
jivna	jivna (jvi): x1 は x2 と x3 (事)に関して x4 (利益)を競う / 競合する / 試合する https://jbovlaste.lojban.org/dict/jivna
jmive	jmive (miv, ji'e): x1 は x2 (観点 / 基準)において生きている; x1 は生物 / 生体 / 有機体 https://jbovlaste.lojban.org/dict/jmive
jorne	jorne (jon, jo'e): x1 は x2 (対象本体)と、 x3 (対象箇所)において結合 / 接続している; x1 と x2 は結束している https://jbovlaste.lojban.org/dict/jorne
jubme	jubme (jub, jbu): x1 は x2 (素材)・ x3 (脚 / 柱 / 台座)の机 / テーブル / 台 https://jbovlaste.lojban.org/dict/jubme
judri	judri: x1 は x2 の、 x3 (体系)における住所 / 宛先 https://jbovlaste.lojban.org/dict/judri
jufra	jufra (juf, ju'a): x1 (文字列)は x2 (題目)の、 x3 (言語)における文 https://jbovlaste.lojban.org/dict/jufra
jukpa	jukpa (jup): x1 は x2 (完成品)に x3 (方法)で料理する https://jbovlaste.lojban.org/dict/jukpa
junla	junla (jul): x1 は x2 (時間単位)を x3 (精度)・ x4 (方法)で計測する時計 / 計時器具 https://jbovlaste.lojban.org/dict/junla
kabri	kabri: x1 は x2 (内容)・ x3 (素材)のコップ / カップ / タンブラー / マグ / 茶碗 / 杯 https://jbovlaste.lojban.org/dict/kabri
kacma	kacma: x1 は x2 (光学的対象)を x3 (媒体)に記録するカメラ https://jbovlaste.lojban.org/dict/kacma
kagni	kagni (kag): x1 は x2 (権限)・ x3 (目的)の会社 / 企業 https://jbovlaste.lojban.org/dict/kagni
kakne	kakne (ka'e): x1 は x2 (事)が x3 (条件)においてできる; x1 は有能 https://jbovlaste.lojban.org/dict/kakne
kalci	kalci: x1 は x2 (生体)の糞 / 排泄物 https://jbovlaste.lojban.org/dict/kalci
kalri	kalri (kar): x1 は x2 (通り抜けた先)へ x3 (通り抜けるもの)にとって開いている https://jbovlaste.lojban.org/dict/kalri
kampu	kampu (kau): x1 (性質)は x2 (集合)の間で普遍 / 一般的; x1 は普通 https://jbovlaste.lojban.org/dict/kampu
kanla	kanla (kal): x1 は x2 (本体)の目 / 眼 / 視覚器官; x1 は視覚者 https://jbovlaste.lojban.org/dict/kanla
kanro	kanro (ka'o): x1 は x2 (基準)において健康 / すこやか https://jbovlaste.lojban.org/dict/kanro
kansa	kansa (kan): x1 は x2 に、 x3 (事)において伴う / 付き添う; x1 と x2 は一緒 https://jbovlaste.lojban.org/dict/kansa
karce	karce: x1 は x2 (客 / 荷)・ x3 (原動力)の車 https://jbovlaste.lojban.org/dict/karce
karni	karni: x1 は x2 (内容)・ x3 (出版者)・ x4 (読者)の刊行物 / 雑誌 / 新聞 https://jbovlaste.lojban.org/dict/karni
kecti	kecti (kec, ke'i): x1 は x2 を x3 (事)について哀れむ / 慈しむ / かわいそうだと思う; x1 は慈悲的 https://jbovlaste.lojban.org/dict/kecti
kelci	kelci (kel, kei): x1 は x2 (道具 / 方法)で遊ぶ https://jbovlaste.lojban.org/dict/kelci
kerfa	kerfa (kre): x1 は x2 (本体)・ x3 (箇所)の毛 / 髪 https://jbovlaste.lojban.org/dict/kerfa
kerlo	kerlo (ker): x1 は x2 (本体)の耳 / 聴覚器官; x1 は聴覚者 https://jbovlaste.lojban.org/dict/kerlo
kevna	kevna (kev, ke'a): x1 は x2 の穴; x2 は x1 (箇所)において貫通している https://jbovlaste.lojban.org/dict/kevna
kicne	kicne (kic, ki'e): x1 は x2 のための、 x3 (素材)のクッション / 座布団; x1 は x2 を x3 で緩衝する https://jbovlaste.lojban.org/dict/kicne
klaji	klaji (laj): x1 は x2 (所)における、 x3 につながる街路 / 通り / 回廊 https://jbovlaste.lojban.org/dict/klaji
klaku	klaku (kak): x1 は x2 (涙)・ x3 (理由)で泣く https://jbovlaste.lojban.org/dict/klaku
klama	klama (kla): x1 は x2 (終点)に x3 (起点)から x4 (経路)を x5 (方法)で行く / 来る https://jbovlaste.lojban.org/dict/klama
klani	klani (lai): x1 は x2 (数)を測定値として x3 (尺度 / 概念)について測定された量 https://jbovlaste.lojban.org/dict/klani
klesi	klesi (kle, lei): x1 は x2 (上位の枠組)・ x3 (特質)の部門 / カテゴリー / クラス / 組 / 派 / 種類 / タイプ https://jbovlaste.lojban.org/dict/klesi
korcu	korcu (kro): x1 は曲がっている / 歪んでいる / ねじれている https://jbovlaste.lojban.org/dict/korcu
kosta	kosta (kos): x1 は x2 (素材)のコート / ジャケット / マント https://jbovlaste.lojban.org/dict/kosta
krasi	krasi (kra): x1 (所 / 事)は x2 (物 / 者 / 事)の起源 / 根源 / 発祥地 https://jbovlaste.lojban.org/dict/krasi
krici	krici (kri): x1 は x2 (命題)を x3 (題目)について信じる https://jbovlaste.lojban.org/dict/krici
krinu	krinu (rin, ki'u): x1 (事)は x2 (事)を許容する理由 https://jbovlaste.lojban.org/dict/krinu
kufra	kufra (kuf): x1 は x2 (環境性質)について快適 / 心地良さを感じる https://jbovlaste.lojban.org/dict/kufra
kumfa	kumfa (kum, ku'a): x1 は x2 (構造)内の x3 (壁 / 天井 / 床)で仕切られた部屋 / 室 https://jbovlaste.lojban.org/dict/kumfa
kunti	kunti (kut): x1 は x2 (内容)が無い; x1 は空っぽ https://jbovlaste.lojban.org/dict/kunti
kurki	kurki: x1 は x2 (者)にたいして苦い / ビター https://jbovlaste.lojban.org/dict/kurki
kusru	kusru (kus): x1 (者)は x2 にたいして酷い / 意地悪 / 不親切 https://jbovlaste.lojban.org/dict/kusru
lacpu	lacpu (lap, cpu): x1 は x2 (対象本体)・ x3 (対象箇所)を引く / 引っ張る https://jbovlaste.lojban.org/dict/lacpu
ladru	ladru (lad): x1 は x2 (起源)のミルク / 牛乳; x1 は乳性 / 酪農の https://jbovlaste.lojban.org/dict/ladru
lafti	lafti (laf): x1 (力)は x2 (対象本体)・ x3 (対象箇所)を x4 (重力)に対して持ち上げる / 拾う / すくう https://jbovlaste.lojban.org/dict/lafti
lakne	lakne (la'e): x1 (事)は x2 (条件)でありうる / 起こりうる / 蓋然的 https://jbovlaste.lojban.org/dict/lakne
laldo	laldo: x1 は x2 (基準)において古い / 高齢 / 年寄り https://jbovlaste.lojban.org/dict/laldo
lalxu	lalxu (la'u): x1 は x2 (所)の湖 / 池 / 水たまり https://jbovlaste.lojban.org/dict/lalxu
lamji	lamji (lam, la'i): x1 は x2 に、 x3 (並列特性)・ x4 (並列方向)で隣接する / 隣り合う; x1 は x2 の隣 https://jbovlaste.lojban.org/dict/lamji
lante	lante: x1 は x2 (生鮮物)を詰めた、 x3 (素材)の缶容器 https://jbovlaste.lojban.org/dict/lante
lanzu	lanzu (laz): x1 (群)は x2 (成員)の、 x3 (基準)において結ばれている家族 / 部族 https://jbovlaste.lojban.org/dict/lanzu
larcu	larcu (lar): x1 (創作物 / 創作過程)は x2 (芸術様式 / 芸術流派)の実践 / 応用; x1 は芸術的 https://jbovlaste.lojban.org/dict/larcu
lasna	lasna (la'a): x1 (者)は x2 を x3 に x4 (留め具)で留める / つなげる / くっつける / 縛る https://jbovlaste.lojban.org/dict/lasna
lazni	lazni: x1 (者)は x2 (動作 / 仕事 / 努力 / 事)に関して怠惰 / 怠ける; x1 は x2 を怠る https://jbovlaste.lojban.org/dict/lazni
lebna	lebna (leb, le'a): x1 は x2 (物 / 性質)を x3 (者)から取る / 得る / 奪う / 盗む / 取り除く / 没収 / 着服する https://jbovlaste.lojban.org/dict/lebna
lenku	lenku (lek): x1 は x2 (基準)において冷たい / 涼しい https://jbovlaste.lojban.org/dict/lenku
lerci	lerci (lec): x1 (事)は x2 (基準)において時期的 / 時刻的に遅い https://jbovlaste.lojban.org/dict/lerci
lerfu	lerfu (ler, le'u): x1 は x2 (文字体系)において x3 を表す字(文字 / 数字) https://jbovlaste.lojban.org/dict/lerfu
lidne	lidne (li'e): x1 は x2 を、 x3 (序列)において先行する / 先立つ / 率先する; x2 は x1 に続く; x1 は前者; x2 は後者 https://jbovlaste.lojban.org/dict/lidne
lifri	lifri (lif, fri): x1 (者 / 事)は x2 (事)を経験する; x2 に x1 は見舞われる; x2 は経験的 / 実験上 / 実証可能 https://jbovlaste.lojban.org/dict/lifri
limna	limna (lim): x1 は x2 (液体)中を泳ぐ / 水泳する https://jbovlaste.lojban.org/dict/limna
linji	linji (lij, li'i): x1 は x2 (点集合)の間の線 https://jbovlaste.lojban.org/dict/linji
linto	linto (li'o): x1 は x2 (基準)において軽い / 軽量 https://jbovlaste.lojban.org/dict/linto
liste	liste (ste): x1 は x2 (集合)を x3 (序列)で x4 (媒体)に表した目録 / カタログ / リスト / 一覧 / 名簿 / ログ https://jbovlaste.lojban.org/dict/liste
litki	litki (lik): x1 は x2 (成分 / 物質)の、 x3 (条件)における液体 / 流動体 https://jbovlaste.lojban.org/dict/litki
livla	livla (lil): x1 は x2 のための燃料 https://jbovlaste.lojban.org/dict/livla
lojbo	lojbo (lob, jbo): x1 は x2 (性質面)に関してロジバン系 https://jbovlaste.lojban.org/dict/lojbo
loldi	loldi (lol, loi): x1 は x2 の床 / 底面 https://jbovlaste.lojban.org/dict/loldi
lujvo	lujvo (luv, jvo): x1 (文字列)は x2 (意味)・ x3 (項)を有する、 x4 (形態素)から作られた合成語・複合語 https://jbovlaste.lojban.org/dict/lujvo
lumci	lumci (lum, lu'i): x1 は x2 の汚れ x3 を洗浄剤 / 用具 x4 で洗う https://jbovlaste.lojban.org/dict/lumci
lunra	lunra (lur): x1 は地球の月; x1 は x2 の主要衛星 https://jbovlaste.lojban.org/dict/lunra
mabru	mabru (mab): x1 は x2 (種類)の哺乳綱動物 https://jbovlaste.lojban.org/dict/mabru
macnu	macnu (cnu): x1 (事象)は機能 x2 に関して x3 の条件下で手動(自動ではない) https://jbovlaste.lojban.org/dict/macnu
makcu	makcu (ma'u): x1 は x2 (性質)に関して成熟している; x1 は成人 / おとな https://jbovlaste.lojban.org/dict/makcu
mamta	mamta (mam): x1 は x2 の母親; x1 は母性的 https://jbovlaste.lojban.org/dict/mamta
manci	manci (mac): x1 は x2 に畏敬の念を感じる / 驚嘆する; x1 は x2 を摩訶不思議に思う https://jbovlaste.lojban.org/dict/manci
manku	manku (man): x1 は暗い / 闇 https://jbovlaste.lojban.org/dict/manku
mapku	mapku (map): x1 は x2 (素材)の帽子 / 冠 / 兜 / ヘルメット https://jbovlaste.lojban.org/dict/mapku
marce	marce (ma'e): x1 は x2 を x3 (媒体)・ x4 (原動力)で運ぶ輸送機関 / 乗物 https://jbovlaste.lojban.org/dict/marce
masno	masno (sno): x1 は x2 (事)に関して速度的に遅い / のろい / もたもたする https://jbovlaste.lojban.org/dict/masno
masti	masti (ma'i): x1 は x2 (数)・ x3 (暦)の月 https://jbovlaste.lojban.org/dict/masti
matci	matci: x1 は x2 (素材)の敷物 / マット / むしろ / ござ / たたみ https://jbovlaste.lojban.org/dict/matci
melbi	melbi (mel, mle): x1 は x2 (審美者)にとって x3 (性質)・ x4 (審美基準)において美しい / 綺麗 / 麗しい / ハンサム / かわいい https://jbovlaste.lojban.org/dict/melbi
menli	menli (men): x1 は x2 (本体)の精神 / 心 / 悟性; x1 は心的 https://jbovlaste.lojban.org/dict/menli
mensi	mensi (mes, me'i): x1 は x2 と、 x3 (血縁)によって姉妹関係にある; x1 は x2 の姉 / 妹 https://jbovlaste.lojban.org/dict/mensi
mentu	mentu (met, me'u): x1 は x2 (数)分の時間間隔、 x3 (基準)において https://jbovlaste.lojban.org/dict/mentu
midju	midju (mij): x1 は x2 の中央 / 中心 / 中枢 / 真ん中 https://jbovlaste.lojban.org/dict/midju
minde	minde (mid, mi'e): x1 は x2 (者)に x3 (事)が起こるよう / を行うよう命令 / 指令 / 指図する https://jbovlaste.lojban.org/dict/minde
minji	minji (mi'i): x1 は x2 (機能 / 用途)の機械 https://jbovlaste.lojban.org/dict/minji
mintu	mintu (mit, mi'u): x1 は x2 と、 x3 (基準)において同種 https://jbovlaste.lojban.org/dict/mintu
mipri	mipri (mip): x1 は x2 を x3 から、 x4 (方法)によって匿う / 隠す / 秘密にする https://jbovlaste.lojban.org/dict/mipri
misno	misno (mis, mi'o): x1 (人 / 物 / 事)は x2 (群)の間で有名 https://jbovlaste.lojban.org/dict/misno
mitre	mitre (tre): x1 は x2 (数量)・ x3 (方向)・ x4 (基準)のメートル; x1 は x2 メートル https://jbovlaste.lojban.org/dict/mitre
mlatu	mlatu (lat): x1 は x2 (種類)のネコ科動物(チーター / イエネコ / ヤマネコ / ヒョウ / ピューマ等) https://jbovlaste.lojban.org/dict/mlatu
mleca	mleca (mec, me'a): x1 は x2 よりも、 x3 (性質)に関して x4 (数量)ほど劣る / 少ない https://jbovlaste.lojban.org/dict/mleca
mokca	mokca (moc): x1 は x2 (時間 / 空間)における点; x1 は0次元 https://jbovlaste.lojban.org/dict/mokca
moklu	moklu (mol, mo'u): x1 は x2 (本体)の口 https://jbovlaste.lojban.org/dict/moklu
morji	morji (moj, mo'i): x1 は x2 (命題)を x3 (題目)について思い出す / 回想する https://jbovlaste.lojban.org/dict/morji
morsi	morsi (mro): x1 は死んでいる / 生が無い https://jbovlaste.lojban.org/dict/morsi
mrilu	mrilu (mri): x1 は x2 (郵便物 / 手紙 / Eメール)を x3 (終点)に x4 (始点)から x5 (ネットワーク / システム)によって送達する https://jbovlaste.lojban.org/dict/mrilu
mukti	mukti (muk, mu'i): x1 (事)は x2 (事)を x3 (者)に動機する; x3 は x1 に鼓舞されて x2 をする https://jbovlaste.lojban.org/dict/mukti
munje	munje (muj, mu'e): x1 は x2 (領域 / 分野)・ x3 (法則・原理)の世界 https://jbovlaste.lojban.org/dict/munje
mutce	mutce (tce): x1 は x2 (性質)に関して、 x3 (極性)に対して凄い; x1 はとても x2 https://jbovlaste.lojban.org/dict/mutce
muvdu	muvdu (muv, mu'u): x1 (物)は x2 (終点)に x3 (始点)から x4 (経路)にわたって動く; x1 は動的 https://jbovlaste.lojban.org/dict/muvdu
nabmi	nabmi (nam): x1 (事)は x2 が遭遇した、 x3 (状況 / 課業)における問題; x1 は x2 に熟考を要する https://jbovlaste.lojban.org/dict/nabmi
nakni	nakni (nak): x1 は x2 (生物種)の、 x3 (体現性質)に基づく男性 / 雄; x1 は男性的 https://jbovlaste.lojban.org/dict/nakni
namcu	namcu (nac, na'u): x1 は数 / 量 / 値 https://jbovlaste.lojban.org/dict/namcu
nanba	nanba (nab): x1 は x2 (種類 / 原料 / 穀物)のパン https://jbovlaste.lojban.org/dict/nanba
nanca	nanca (na'a): x1 は x2 (数(初期設定では1年))年間、 x3 (基準)で継続する; x1 は年次 https://jbovlaste.lojban.org/dict/nanca
nandu	nandu (nad): x1 は x2 にとって、 x3 (条件)のもと難しい / 難関 https://jbovlaste.lojban.org/dict/nandu
nanla	nanla: x1 は x2 (年齢)・ x3 (基準)の少年 / 未成熟の男 https://jbovlaste.lojban.org/dict/nanla
nanmu	nanmu (nau): x1 は男(の人) https://jbovlaste.lojban.org/dict/nanmu
narju	narju (naj): x1 は橙色 / オレンジ色 https://jbovlaste.lojban.org/dict/narju
nazbi	nazbi (naz, zbi): x1 は x2 (生体)・ x3 (鼻腔)の鼻 https://jbovlaste.lojban.org/dict/nazbi
nelci	nelci (nel, nei): x1 は x2 (物 / 事)を好む / 好き / 気に入っている https://jbovlaste.lojban.org/dict/nelci
nenri	nenri (ner, ne'i): x1 は x2 の中(にある); x1 は内部 / 内側; x2 は x1 を内蔵する https://jbovlaste.lojban.org/dict/nenri
nibli	nibli (nib, ni'i): x1 は x2 (事)を x3 (法則 / 論理 / 体系)において余儀なく含意する / もたらす; x1 によって x2 は絶対 / まちがいなく起こる https://jbovlaste.lojban.org/dict/nibli
nicte	nicte (cte): x1 は x2 (日)の x3 (場所)における夜 https://jbovlaste.lojban.org/dict/nicte
ninmu	ninmu (nim, ni'u): x1 は女(の人) https://jbovlaste.lojban.org/dict/ninmu
nitcu	nitcu (tcu): x1 は x2 を x3 (目的 / 行動)のために要する; x2 が x1 には必要 https://jbovlaste.lojban.org/dict/nitcu
nixli	nixli (nix, xli): x1 は x2 (年齢)・ x3 (基準)の少女 / 未成熟の女 https://jbovlaste.lojban.org/dict/nixli
pacna	pacna (pa'a): x1 は x2 (事)を x3 (見込み / 確率 0-1)で期待する / 希望する / 願う; x2 は望まれている https://jbovlaste.lojban.org/dict/pacna
palku	palku (pak): x1 は x2 (素材)のズボン / スラックス / パンツ(女性用) https://jbovlaste.lojban.org/dict/palku
palta	palta: x1 は x2 (素材)の皿 https://jbovlaste.lojban.org/dict/palta
pastu	pastu (pas): x1 は x2 (素材)のガウン / 長衣 https://jbovlaste.lojban.org/dict/pastu
patfu	patfu (paf, pa'u): x1 は x2 の父親 https://jbovlaste.lojban.org/dict/patfu
patxu	patxu (pax): x1 は x2 (内容)・ x3 (素材)の壷 / 鉢 / かめ / やかん / ポット https://jbovlaste.lojban.org/dict/patxu
pelji	pelji (ple): x1 は x2 (資源)の紙 https://jbovlaste.lojban.org/dict/pelji
pelxu	pelxu (pel): x1 は黄色 https://jbovlaste.lojban.org/dict/pelxu
pemci	pemci (pem): x1 は x2 (特徴)・ x3 (作者)・ x4 (読者)の詩 https://jbovlaste.lojban.org/dict/pemci
pencu	pencu (pec, pe'u): x1 は x2 に、 x3 が x4 に接する形で触る https://jbovlaste.lojban.org/dict/pencu
pendo	pendo (ped, pe'o): x1 (者)は x2 (者)の友人; x1 は x2 にたいして友好的 https://jbovlaste.lojban.org/dict/pendo
penmi	penmi (pen, pe'i): x1 は x2 に x3 (所)で会う https://jbovlaste.lojban.org/dict/penmi
pensi	pensi (pes, pei): x1 は x2 (概念)について思慮する / 考慮する / 熟考する / 思いを巡らす; x2 は考え深い https://jbovlaste.lojban.org/dict/pensi
pikci	pikci: x1 は x2 (者)に x3 (事 / 物)を請う / せがむ / 懇願する / 嘆願する https://jbovlaste.lojban.org/dict/pikci
pilno	pilno (pli): x1 は x2 (道具 / 機械 / 者)を x3 (目的)のために使う / 用いる https://jbovlaste.lojban.org/dict/pilno
pinca	pinca: x1 は x2 (生体)の尿 https://jbovlaste.lojban.org/dict/pinca
pinsi	pinsi (pis): x1 は芯 / 先端 x2 (材質)・支持部 x3 (材質)の鉛筆 / クレヨン / 筆 https://jbovlaste.lojban.org/dict/pinsi
pinxe	pinxe (pix): x1 は x2 (液体)を x3 (容器 / 起源)から飲む https://jbovlaste.lojban.org/dict/pinxe
pixra	pixra (pir, xra): x1 は x2 (主題)・ x3 (作者)・ x4 (媒体)の絵 / 画 / 写真 / 造形; x3 は x2 を描いて x1 を創る https://jbovlaste.lojban.org/dict/pixra
platu	platu (pla): x1 (者)は x2 (物 / 事)を x3 (事)のために計画 / 設計 / デザインする / 企てる https://jbovlaste.lojban.org/dict/platu
pleji	pleji (lej, le'i): x1 は x2 (金 / 報酬)を x3 (者)に x4 (対価 / 商品 / サービス)のために支払う https://jbovlaste.lojban.org/dict/pleji
plipe	plipe (pip, pi'e): x1 (者 / 物)は x2 (終点)に x3 (起点)から x4 (高さ)ほど x5 (動力)によって跳躍 / ジャンプする https://jbovlaste.lojban.org/dict/plipe
plita	plita (pit): x1 は x2 (点の集合)による二次元の面(平面) https://jbovlaste.lojban.org/dict/plita
pluja	pluja (luj): x1 は x2 (性質)が x3 (基準)において複雑 / 煩雑 https://jbovlaste.lojban.org/dict/pluja
pluka	pluka (puk, pu'a): x1 (事)は x2 にとって、 x3 (条件)のもと快い / 心地良い https://jbovlaste.lojban.org/dict/pluka
ponse	ponse (pos, po'e): x1 は x2 を x3 (法 / 慣習)のもと所有する https://jbovlaste.lojban.org/dict/ponse
porpi	porpi (pop, po'i): x1 は砕けて / 壊れて x2 (破片)になる https://jbovlaste.lojban.org/dict/porpi
prami	prami (pam, pa'i): x1 は x2 を愛する / にたいして愛情が湧く https://jbovlaste.lojban.org/dict/prami
prenu	prenu (pre): x1 は(心理学上の)人; x1 は人格を有する https://jbovlaste.lojban.org/dict/prenu
preti	preti (ret, rei): x1 (文字列)は x2 (題目)に関する、 x3 (者)から x4 (者)への質問 / 質疑 https://jbovlaste.lojban.org/dict/preti
pritu	pritu: x1 は x2 に対して x3 (照合枠)における右方 / 右側 https://jbovlaste.lojban.org/dict/pritu
pulji	pulji: x1 は x2 (法 / 治安)を守る警察(官) https://jbovlaste.lojban.org/dict/pulji
punji	punji (puj, pu'i): x1 は x2 を x3 (所)に置く / 設置する https://jbovlaste.lojban.org/dict/punji
purci	purci (pur, pru): x1 は x2 (時点)よりも以前 / 過去; x1 は先人 https://jbovlaste.lojban.org/dict/purci
rafsi	rafsi (raf): x1 (文字列)は x2 (語)の x3 (部位 / 性質)に由来する、 x4 (言語)の形態素 / 語基 / 語幹 / 接辞 https://jbovlaste.lojban.org/dict/rafsi
ralju	ralju (ral): x1 は x2 (集合)・ x3 (性質)において主要 / 大本 https://jbovlaste.lojban.org/dict/ralju
ranji	ranji (ra'i): x1 (事 / 性質)は x2 (時間 / 期間)にわたって継続する / 続く https://jbovlaste.lojban.org/dict/ranji
rapli	rapli (rap): x1 (動作)は x2 (回数)にわたって繰り返す / 循環 / 反復する https://jbovlaste.lojban.org/dict/rapli
rarna	rarna (rar): x1 は自然 / 天然 / 本能的 / 自発的 https://jbovlaste.lojban.org/dict/rarna
rectu	rectu (rec, re'u): x1 は x2 (生体)の肉 https://jbovlaste.lojban.org/dict/rectu
remna	remna (rem, re'a): x1 は生物学的ヒト / ホモサピエンス https://jbovlaste.lojban.org/dict/remna
renro	renro (rer, re'o): x1 は x2 を x3 (方向)に投げる https://jbovlaste.lojban.org/dict/renro
renvi	renvi (rev, re'i): x1 は x2 (事)を x3 (時間 / 期間)にわたって耐え抜く / 辛抱する / 我慢する; x1 は長持ちする https://jbovlaste.lojban.org/dict/renvi
respa	respa (res): x1 は x2 (種類)の爬虫綱 / 爬虫類(カメ / トカゲ / ヘビ / ワニ) https://jbovlaste.lojban.org/dict/respa
rigni	rigni (rig): x1 は x2 (者)にとって x3 (条件)において不快 / 不愉快 / いまいましい / 吐き気をもよおさせる; x2 は x1 に愛想を尽かす / 嫌悪感を覚える https://jbovlaste.lojban.org/dict/rigni
rinka	rinka (rik, ri'a): x1 (事)は x2 (事)を x3 (条件)において引き起こす https://jbovlaste.lojban.org/dict/rinka
rirni	rirni (rir): x1 は x2 の育ての親 / 保護者 / 保育者 / 養育者; x1 は x2 を育てる https://jbovlaste.lojban.org/dict/rirni
rirxe	rirxe (ri'e): x1 は x2 (土地)の x3 (流域)が x4 (河口)に流れる河川 https://jbovlaste.lojban.org/dict/rirxe
ruble	ruble (rub, ble): x1 は x2 (性質)・ x3 (基準)において弱い / ひ弱 / 虚弱 / 微弱 / 華奢 https://jbovlaste.lojban.org/dict/ruble
rutni	rutni (run): x1 は民族 x2 が作った / 生み出した人工物 / 人為的な物 https://jbovlaste.lojban.org/dict/rutni
sampu	sampu (sap): x1 は x2 (性質)に関して簡単 / 単純 https://jbovlaste.lojban.org/dict/sampu
sance	sance (sna): x1 は x2 が発する音; x2 は音がする https://jbovlaste.lojban.org/dict/sance
sanga	sanga (sag, sa'a): x1 は x2 (音楽)を x3 (聴衆)に歌う / 詠唱する https://jbovlaste.lojban.org/dict/sanga
sanli	sanli (sa'i): x1 は x2 (所)に x3 (脚 / 支え)で立つ https://jbovlaste.lojban.org/dict/sanli
sanmi	sanmi (sai): x1 (群)は x2 (品 / コース)の食事 / ごはん https://jbovlaste.lojban.org/dict/sanmi
sarcu	sarcu (sa'u): x1 (抽象)は x2 (状態 / 過程)のために x3 (条件)のもと必須 / 欠かせない https://jbovlaste.lojban.org/dict/sarcu
savru	savru (sav, vru): x1 は x2 (者)・ x3 (知覚体系)にたいする騒音 / ノイズ https://jbovlaste.lojban.org/dict/savru
sazri	sazri (saz): x1 は x2 を x3 (目的)のために操作する https://jbovlaste.lojban.org/dict/sazri
sefta	sefta (sfe): x1 は x2 (もの)・ x3 (側)・ x4 (境)の表面 https://jbovlaste.lojban.org/dict/sefta
senpi	senpi (sen): x1 は x2 (命題)の真実性を疑う; x2 は信憑性に欠ける https://jbovlaste.lojban.org/dict/senpi
senva	senva (sev, sne): x1 は x2 (事)を夢見る; x2 は夢想 / 幻想 https://jbovlaste.lojban.org/dict/senva
serti	serti (ser): x1 は x2 (構造)・ x3 (段数)の階段 https://jbovlaste.lojban.org/dict/serti
sidju	sidju (dju): x1 は x2 (者)を x3 (行動 / 事)に関して助ける https://jbovlaste.lojban.org/dict/sidju
simlu	simlu (mlu): x1 は x2 (性質)であるよう x3 (者)に x4 (状態条件)の下で見受けられる; x1 は x2 らしい気が x3 にする https://jbovlaste.lojban.org/dict/simlu
simsa	simsa (smi): x1 は x2 に、 x3 (性質)の点で似ている / 相似的; x1 は x2 のよう https://jbovlaste.lojban.org/dict/simsa
simxu	simxu (sim, si'u): x1 (集合)は x2 (事 / 性質)の点で相互的 / 共通し合っている https://jbovlaste.lojban.org/dict/simxu
sinma	sinma (si'a): x1 は x2 を尊重・尊敬する; x2 は尊い https://jbovlaste.lojban.org/dict/sinma
sipna	sipna (sip): x1 は寝ている; x1 は眠る https://jbovlaste.lojban.org/dict/sipna
sirji	sirji (sir): x1 は x2 ・ x3 の間でまっすぐ / 直線的 / 直接的 https://jbovlaste.lojban.org/dict/sirji
sisti	sisti (sti): x1 (者)は x2 (動作 / 過程 / 状態)をやめる / 中止 / 終了する https://jbovlaste.lojban.org/dict/sisti
skaci	skaci: x1 は x2 (素材)のスカート / キルト https://jbovlaste.lojban.org/dict/skaci
skami	skami (sam): x1 は x2 (目的 / 機能)のコンピュータ https://jbovlaste.lojban.org/dict/skami
skapi	skapi (kap): x1 は x2 (起源)の(特に動物性の)革 / 皮膚 / 肌 https://jbovlaste.lojban.org/dict/skapi
skari	skari (ska): x1 は x2 (色相)の、 x3 (視覚者)にたいする、 x4 (条件)における色 https://jbovlaste.lojban.org/dict/skari
skicu	skicu (ski): x1 (者)は x2 (物 / 事 / 状態)を x3 (者)に x4 (表現 / 文字列)によって描写 / 叙述する https://jbovlaste.lojban.org/dict/skicu
slabu	slabu (sau): x1 は x2 (者)にとって x3 (性質)の点で x4 (観点)から判断してなじみがある https://jbovlaste.lojban.org/dict/slabu
slari	slari (sar): x1 は x2 (者)にとってすっぱい https://jbovlaste.lojban.org/dict/slari
sligu	sligu (lig): x1 は x2 (成分 / 物質)の x3 (条件)における固体 https://jbovlaste.lojban.org/dict/sligu
smadi	smadi: x1 は x2 (命題)を、 x3 (題目)について推測する https://jbovlaste.lojban.org/dict/smadi
smoka	smoka (smo): x1 は x2 (素材)の靴下 / ストッキング / タイツ https://jbovlaste.lojban.org/dict/smoka
snada	snada (sad): x1 (者)は x2 (成果)を x3 (努力 / 試み)によって達成する / 成功させる https://jbovlaste.lojban.org/dict/snada
snanu	snanu (nan): x1 は x2 に対して x3 (照合枠)における南方 / 南側 https://jbovlaste.lojban.org/dict/snanu
snidu	snidu (nid): x1 は x2 (数量)の、 x3 (基準)における秒 https://jbovlaste.lojban.org/dict/snidu
snura	snura (nur, nu'a): x1 は x2 (事 / 危険)にたいして安全 https://jbovlaste.lojban.org/dict/snura
solri	solri (sol): x1 は x2 (惑星)・ x3 (惑星に住む種族)の太陽 https://jbovlaste.lojban.org/dict/solri
sonci	sonci (son, soi): x1 は x2 (隊)の戦士 / 兵士 / 闘士 https://jbovlaste.lojban.org/dict/sonci
sovda	sovda (sov, so'a): x1 は x2 (生体)の卵 / 卵子 / 花粉 / 配偶子 https://jbovlaste.lojban.org/dict/sovda
spati	spati (spa): x1 は x2 (種類)の植物(草木 / 葉 / 花); x1 は植物性 https://jbovlaste.lojban.org/dict/spati
speni	speni (spe): x1 は x2 と結婚している / の配偶者、 x3 (法律 / 規則 / 慣習)のもと https://jbovlaste.lojban.org/dict/speni
spofu	spofu (pof, po'u): x1 は x2 (機能)に関して故障している / 使用不可能 https://jbovlaste.lojban.org/dict/spofu
srana	srana (ra'a): x1 は x2 に関連する / 関係がある https://jbovlaste.lojban.org/dict/srana
srasu	srasu (sas): x1 は x2 (種類)の草 / 草原 / 原っぱ https://jbovlaste.lojban.org/dict/srasu
srera	srera (sre): x1 は x2 (事)に関して、 x3 (条件)・ x4 (基準)で誤る / 間違う https://jbovlaste.lojban.org/dict/srera
sruri	sruri (rur, sru): x1 は x2 を x3 (方向 / 次元 / 面)に関して包囲する / 取り囲む https://jbovlaste.lojban.org/dict/sruri
stali	stali (sta): x1 は x2 (場 / 性質 / 状態)に留まる https://jbovlaste.lojban.org/dict/stali
stapa	stapa (tap): x1 は x2 を x3 で踏む https://jbovlaste.lojban.org/dict/stapa
stedu	stedu (sed): x1 は x2 (本体)の頭 / 頭部 https://jbovlaste.lojban.org/dict/stedu
stela	stela (tel): x1 は x2 を x3 (仕組)で封じる錠 / ロック https://jbovlaste.lojban.org/dict/stela
stici	stici (sic): x1 は x2 に対して x3 (照合枠)における西方 / 西側 https://jbovlaste.lojban.org/dict/stici
stizu	stizu (tiz): x1 は椅子 / 腰掛 / ベンチ https://jbovlaste.lojban.org/dict/stizu
stuna	stuna (sun): x1 は x2 に対して x3 (照合枠)における東方 / 東側 https://jbovlaste.lojban.org/dict/stuna
stuzi	stuzi (tuz, stu): x1 は x2 (物 / 事)の本質的 / 恒久的な場所 / 現場 https://jbovlaste.lojban.org/dict/stuzi
sudga	sudga (sud): x1 は x2 (液体)を欠いて乾燥している / 乾いている https://jbovlaste.lojban.org/dict/sudga
sumti	sumti (sum, su'i): x1 は x2 (述語 / 関数)の場所 x3 (種類 / 番号)を占める項 https://jbovlaste.lojban.org/dict/sumti
sutra	sutra (sut): x1 は x2 (動作 / 事)に関して速い / すばやい / 敏速 / 俊敏 https://jbovlaste.lojban.org/dict/sutra
tanru	tanru (tau): x1 は、 x2 が x3 を修飾し、 x4 を意味する、使用法 / 例文 x5 における複合語 https://jbovlaste.lojban.org/dict/tanru
tanxe	tanxe (tax, ta'e): x1 は x2 (内容)・ x3 (素材)の箱 / カートン https://jbovlaste.lojban.org/dict/tanxe
tatpi	tatpi (ta'i): x1 は x2 (事)によって疲労 / 疲弊している / 疲れている https://jbovlaste.lojban.org/dict/tatpi
tavla	tavla (tav, ta'a): x1 (者)は x2 (者)に x3 (題目)について x4 (言語)で話す / 語る https://jbovlaste.lojban.org/dict/tavla
taxfu	taxfu (taf, ta'u): x1 は x2 (身体部分 / 性別 / 種族)・ x3 (目的 / 機能)の衣服 / 服飾 https://jbovlaste.lojban.org/dict/taxfu
tcana	tcana: x1 は x2 (交通 / コミュニケーション / 配給のネットワーク)の駅 / 局 / ノード https://jbovlaste.lojban.org/dict/tcana
tcati	tcati: x1 は x2 (葉 / 原料)の茶 / 紅茶 / 緑茶 https://jbovlaste.lojban.org/dict/tcati
tcena	tcena (ten): x1 は x2 (範囲)にわたり x3 (次元)において x4 (通常の範囲)から伸びる / 拡張する https://jbovlaste.lojban.org/dict/tcena
tcidu	tcidu (tid): x1 は x2 (文字列)を x3 (表面 / 書物)から読む https://jbovlaste.lojban.org/dict/tcidu
tcika	tcika: x1 (時 / 分 / 秒)は x2 (事)の、 x3 (日)・ x4 (所)における時刻 https://jbovlaste.lojban.org/dict/tcika
tcima	tcima (tim, ti'a): x1 は x2 (所 / 地域)の気象 / 気候 / 天候 / 天気 https://jbovlaste.lojban.org/dict/tcima
tcita	tcita: x1 は x2 の x3 (情報)を表す札 / タグ https://jbovlaste.lojban.org/dict/tcita
temci	temci (tem, tei): x1 は x2 (時点)から x3 (時点)までの間隔 / 経過 / 時間 https://jbovlaste.lojban.org/dict/temci
terpa	terpa (tep, te'a): x1 は x2 を恐れる / 怖がる / に怯える; x2 は x1 をぎょっとさせる / 脅す https://jbovlaste.lojban.org/dict/terpa
tilju	tilju (tij): x1 は x2 (基準 / 観点)において重い https://jbovlaste.lojban.org/dict/tilju
tinbe	tinbe (tib): x1 は x2 (命令 / 規則)・ x3 (発令者)に服従する / 従う / 従順 https://jbovlaste.lojban.org/dict/tinbe
tirna	tirna (tin): x1 は x2 (対象音声)を x3 (環境音声)にたいして聞く; x2 が x1 に聞こえる; x1 には聴覚がある; x2 は可聴音 https://jbovlaste.lojban.org/dict/tirna
titla	titla (tit): x1 は x2 にとって甘い https://jbovlaste.lojban.org/dict/titla
tixnu	tixnu (tix, ti'u): x1 は x2 (親)の娘 https://jbovlaste.lojban.org/dict/tixnu
tordu	tordu (tor, to'u): x1 は x2 (方向)・ x3 (尺度)に関して短い https://jbovlaste.lojban.org/dict/tordu
trene	trene (ren, re'e): x1 は車両 x2 (群れ)・線路網 / 軌道 x3 ・原動力 x4 の列車 / 鉄道 / 電車 / 汽車 / 地下鉄 https://jbovlaste.lojban.org/dict/trene
tricu	tricu (ric): x1 は x2 (種類)の木 / 樹木 / 立ち木 https://jbovlaste.lojban.org/dict/tricu
trina	trina (tri): x1 は x2 を x3 (性質)で誘惑する; x1 は x2 にとって魅力的 https://jbovlaste.lojban.org/dict/trina
trixe	trixe (rix, ti'e): x1 は x2 に対して x3 (照合枠)における後ろ / 後方 / 後側 / 裏側 / 背後 / リア https://jbovlaste.lojban.org/dict/trixe
troci	troci (toc, toi): x1 は x2 (事 / 状態 / 性質)を x3 (手段 / 方法)で達成 / 獲得しようと努める / 努力する; x1 は x2 をやってみる https://jbovlaste.lojban.org/dict/troci
tsali	tsali (tsa): x1 は x2 (性質)に関して x3 (観点)で強い https://jbovlaste.lojban.org/dict/tsali
tsani	tsani (tan): x1 は x2 (所)の空 / 天空 https://jbovlaste.lojban.org/dict/tsani
tumla	tumla (tum, tu'a): x1 は x2 (位置)における陸 / 大地の広がり https://jbovlaste.lojban.org/dict/tumla
tunta	tunta (tun): x1 (物)は x2 を刺す / 突く / 突き刺す / つつく; x2 は x1 に刺される https://jbovlaste.lojban.org/dict/tunta
tuple	tuple (tup, tu'e): x1 は x2 (本体)の脚 https://jbovlaste.lojban.org/dict/tuple
vacri	vacri (var): x1 は x2 (領域 / 惑星)・ x3 (成分)の空気 / 大気 https://jbovlaste.lojban.org/dict/vacri
vajni	vajni (vaj, vai): x1 (物 / 事)は x2 (人 / 事)にとって、 x3 (性質 / 理由)に関して重要 / 大事 https://jbovlaste.lojban.org/dict/vajni
valsi	valsi (val, vla): x1 は x2 (意味 / 効力)を有する、 x3 (言語)の言葉 / 語彙 https://jbovlaste.lojban.org/dict/valsi
vanci	vanci (vac): x1 は x2 (日)・ x3 (所)の夕方 / 夕暮れ / 晩 https://jbovlaste.lojban.org/dict/vanci
vanju	vanju (van): x1 は x2 (果物成分)のワイン / 葡萄酒 https://jbovlaste.lojban.org/dict/vanju
vasru	vasru (vas, vau): x1 は x2 を内に含む / 包む; x1 は x2 の容器 https://jbovlaste.lojban.org/dict/vasru
vasxu	vasxu (vax, va'u): x1 は x2 (気体)を吸う / 吐く https://jbovlaste.lojban.org/dict/vasxu
vecnu	vecnu (ven, ve'u): x1 (売り手)は x2 (品物やサービス)を x3 (買い手)に x4 の額 / 費用 / 出費で売る https://jbovlaste.lojban.org/dict/vecnu
vensa	vensa (ves): x1 は x2 (年)・ x3 (所)の春季 https://jbovlaste.lojban.org/dict/vensa
verba	verba (ver, ve'a): x1 は x2 (年齢)の、 x3 (観点)での子供 https://jbovlaste.lojban.org/dict/verba
vimcu	vimcu (vic, vi'u): x1 は x2 を x3 から、 x4 だけ残して除去 / 控除する / 差し引く https://jbovlaste.lojban.org/dict/vimcu
vindu	vindu (vid): x1 は x2 にとって毒 / 中毒性がある https://jbovlaste.lojban.org/dict/vindu
vinji	vinji (vij): x1 は x2 (荷 / 乗客)・ x3 (原動力)の飛行機 / 航空機 / 飛行船 https://jbovlaste.lojban.org/dict/vinji
viska	viska (vis, vi'a): x1 は x2 を x3 (状態条件)のもと視覚する; x1 には x2 が見える; x1 には視覚能力 / 光学的感知能力がある https://jbovlaste.lojban.org/dict/viska
vitke	vitke (vi'e): x1 は x2 (者)・ x3 (所 / 事)の客; x1 は x2 ・ x3 を訪れる https://jbovlaste.lojban.org/dict/vitke
voksa	voksa (vok, vo'a): x1 は x2 (本体)の声 https://jbovlaste.lojban.org/dict/voksa
vorme	vorme (vor, vro): x1 は x2 ・ x3 間の、 x4 (構造体)の扉 / 戸口 / 出入口 / 門戸 / ドア https://jbovlaste.lojban.org/dict/vorme
vreta	vreta (vre): x1 は x2 に寄り掛かる / もたれる / 横たわる https://jbovlaste.lojban.org/dict/vreta
xabju	xabju (xa'u): x1 は x2 (所)に住む / 暮らす / 棲息 / 生息する https://jbovlaste.lojban.org/dict/xabju
xadni	xadni (xad): x1 は x2 の肉体; x1 は身体的 https://jbovlaste.lojban.org/dict/xadni
xagji	xagji: x1 は x2 に飢える; x1 は腹をすかしている / おなかがへっている; x1 は x2 (燃料 / 栄養)の補充を必要としている https://jbovlaste.lojban.org/dict/xagji
xajmi	xajmi (xam): x1 は x2 (観察者)にとって x3 (性質)の点で滑稽 / おどけている https://jbovlaste.lojban.org/dict/xajmi
xamgu	xamgu (xag, xau): x1 は x2 にとって、 x3 (基準)で良い / 好ましい https://jbovlaste.lojban.org/dict/xamgu
xampo	xampo (xap, xa'o): x1 は x2 (数)・ x3 (基準)のアンペア https://jbovlaste.lojban.org/dict/xampo
xamsi	xamsi (xas): x1 は x2 (領域 / 惑星)・ x3 (液体成分)の海 / 海洋 https://jbovlaste.lojban.org/dict/xamsi
xance	xance (xan, xa'e): x1 は x2 (本体)の手 https://jbovlaste.lojban.org/dict/xance
xanka	xanka: x1 は x2 について x3 の条件下で心配する / 不安 https://jbovlaste.lojban.org/dict/xanka
xanri	xanri (xar): x1 は x2 (者)による想像; x1 は架空 / 想像上のもの / 非現実 https://jbovlaste.lojban.org/dict/xanri
xebni	xebni (xen, xei): x1 は x2 (物 / 者 / 事)を憎む; x1 は x2 にたいする怨恨を抱いている; x2 は憎らしい https://jbovlaste.lojban.org/dict/xebni
xekri	xekri (xek, xe'i): x1 は黒色 https://jbovlaste.lojban.org/dict/xekri
xendo	xendo (xed, xe'o): x1 (者)は x2 にたいして x3 (行為)で親切 / 優しい https://jbovlaste.lojban.org/dict/xendo
xenru	xenru (xer, xe'u): x1 は x2 (事)を後悔する; x1 は x2 を残念に思う https://jbovlaste.lojban.org/dict/xenru
xlali	xlali (xla): x1 は x2 にとって、 x3 (基準)で悪い / 粗末 https://jbovlaste.lojban.org/dict/xlali
xrani	xrani (xai): x1 (事)は x2 (対象)に、 x3 (性質)に関して x4 (損傷 / ダメージ)を与える; x1 は x2 を傷つける / 傷める / 損害する https://jbovlaste.lojban.org/dict/xrani
xrula	xrula (rul): x1 は x2 (種類)の花 https://jbovlaste.lojban.org/dict/xrula
xunre	xunre (xun, xu'e): x1 は赤色 / クリムゾン https://jbovlaste.lojban.org/dict/xunre
zarci	zarci (zac, zai): x1 は x2 (取引品)・ x3 (営者)の店 / 市場 https://jbovlaste.lojban.org/dict/zarci
zasti	zasti (zat, za'i): x1 は x2 (観点)・ x3 (認識体系)において実在する https://jbovlaste.lojban.org/dict/zasti
zbasu	zbasu (zba): x1 は x2 を x3 (素材)から造る / 作る / 工作する https://jbovlaste.lojban.org/dict/zbasu
zdani	zdani (zda): x1 は x2 の(ための)巣 / 家 / ねぐら / アジト https://jbovlaste.lojban.org/dict/zdani
zdile	zdile (zdi): x1 (事)は x2 にとって x3 (性質)についておもしろい / 愉しい; x2 は x1 を楽しむ https://jbovlaste.lojban.org/dict/zdile
zekri	zekri (zer, zei): x1 (事)は x2 (観点)にとって犯罪 https://jbovlaste.lojban.org/dict/zekri
zenba	zenba (zen, ze'a): x1 は x2 (性質 / 数量)に関して x3 (度合)だけ増える https://jbovlaste.lojban.org/dict/zenba
zgana	zgana (zga): x1 は x2 (対象)を x3 (方法)・ x4 (条件)で観察 / 観賞 / 鑑賞する https://jbovlaste.lojban.org/dict/zgana
zgike	zgike (zgi, gi'e): x1 は x2 に演奏 / 制作される音楽 https://jbovlaste.lojban.org/dict/zgike
zifre	zifre (zif, zi'e): x1 は自由である、 x2 (事 / 状態)になることにおいて、 x3 という条件で https://jbovlaste.lojban.org/dict/zifre
zirpu	zirpu (zir, zi'u): x1 は紫色 / パープル https://jbovlaste.lojban.org/dict/zirpu
zmadu	zmadu (zma, mau): x1 は x2 よりも、 x3 (性質 / 数量)の点で、 x4 (度合)ほど優る / x3 が x1 には x2 よりももっとある https://jbovlaste.lojban.org/dict/zmadu
zmiku	zmiku (zmi): x1 は x2 (機能)に関して x3 (条件)で自動 https://jbovlaste.lojban.org/dict/zmiku
zukte	zukte (zuk, zu'e): x1 は x2 (行動内容)を x3 (目的 / 目標)のために行為 / 実行する https://jbovlaste.lojban.org/dict/zukte
zunle	zunle (zul): x1 は x2 に対して x3 (照合枠)における左方 / 左側 https://jbovlaste.lojban.org/dict/zunle
zutse	zutse (zut, tse): x1 は x2 (表面)に座る / 着席する https://jbovlaste.lojban.org/dict/zutse
zvati	zvati (zva): x1 (物 / 事)が x2 (事 / 所)に居る / 在る https://jbovlaste.lojban.org/dict/zvati
